SMILES,pEC50,target,sample_weight
Cc1ccc(NC(=O)CCC2CCCCC2)cc1-c1nc2ccccc2[nH]1,5.89,5.886056647693163,1.0093538704045895
Cc1ccc(cc1NC(=O)c1ccc(O)cc1)C(=O)NCCC1CCCCC1,5.70,5.698970004336019,1.0093538704045895
Cc1ccc2nc([nH]c2c1)-c1cc(NC(=O)CCC2CCCCC2)ccc1C,5.89,5.886056647693163,1.0093538704045895
Cc1ccc(NC(=O)CCC2CCCCC2)cc1NC(=O)c1ccccc1,5.70,5.698970004336019,1.0093538704045895
Cc1ccc(NC(=O)CCC2CCCCC2)cc1\C=C(/C#N)c1ccc2OCOc2c1,6.15,6.154901959985743,1.0093538704045895
Cc1ccc(NC(=O)CCC2CCCCC2)cc1-c1nc2ccc(O)cc2[nH]1,6.15,6.154901959985743,1.0093538704045895
Cc1ccc(NC(=O)CCC2CCCCC2)cc1\C=C(/C#N)c1cccnc1,6.00,6.0,1.0093538704045895
Cc1ccc(NC(=O)CCC2CCCCC2)cc1NC(=O)c1ccc(O)cc1,5.77,5.769551078621726,1.0093538704045895
Cc1ccc(NC(=O)CCC2CCCCC2)cc1NC(=O)c1ccc(N)cc1,5.42,5.42021640338319,1.0093538704045895
Cc1ccc(NC(=O)CCC2CCCCC2)cc1NC(=O)c1ccc(CO)cc1,5.12,5.119186407719209,1.0093538704045895
Cc1ccc(NC(=O)CCC2CCCCC2)cc1NC(=O)c1cccc(O)c1,5.70,5.698970004336019,1.0093538704045895
Cc1ccc(NC(=O)CCC2CCCCC2)cc1NCc1ccc2OCOc2c1,6.22,6.221848749616356,1.0093538704045895
Cc1ccc(NC(=O)CCC2CCCCC2)cc1NC(=O)c1cccnc1,5.92,5.920818753952375,1.0093538704045895
CC(=O)Oc1ccc(cc1)C(=O)Nc1cc(NC(=O)CCC2CCCCC2)ccc1C,5.60,5.6020599913279625,1.0093538704045895
Cc1ccc(NC(=O)CCCC2CCCCC2)cc1NC(=O)c1ccc(O)cc1,5.40,5.3979400086720375,1.0093538704045895
Cc1ccc(cc1NC(=O)c1cccnc1)C(=O)CCCC1CCCCC1,5.70,5.698970004336019,1.0093538704045895
Cc1ccc(NC(=O)CCC2CCCCC2)cc1C(=O)Nc1ccc(O)cc1,5.15,5.154901959985743,1.0093538704045895
Cn1cncc1-c1ncc(-c2ncc(-c3ncc(-c4ccccc4)n3C)n2C)n1C,8.22,8.221848749616356,1.0093538704045895
CCNC(=O)[C@@H]1CSCC(=O)N[C@@H](Cc2ccccc2)C(=O)N[C@@H](C(C)C)C(=O)N2CCC[C@H]2C(=O)N[C@@H]([C@@H](C)O)C(=O)N[C@@H]([C@@H](C)O)C(=O)N[C@@H](Cc2ccc(-c3ccccc3)cc2)C(=O)N(C)[C@@H](C)C(=O)N[C@@H](Cc2ccc(-c3ccccc3)cc2)C(=O)N(C)[C@@H](C)C(=O)N[C@@H](CCC(=O)O)C(=O)N[C@@H](C)C(=O)N2CCC[C@H]2C(=O)N1,9.77,9.769551078621726,1.0093538704045895
CC(C)[C@@H]1NC(=O)[C@H](Cc2ccccc2)NC(=O)CSC[C@@H](C(=O)NCC(N)=O)NC(=O)[C@@H]2CCCN2C(=O)[C@H](CCCNC(=N)N)NC(=O)[C@H](CC(=O)O)NC(=O)[C@H](C)N(C)C(=O)[C@H](Cc2ccc(-c3ccccc3)cc2)NC(=O)[C@H](C)N(C)C(=O)[C@H](Cc2ccc(-c3ccccc3)cc2)NC(=O)[C@H]([C@@H](C)O)NC(=O)[C@H]([C@@H](C)O)NC(=O)[C@H](CO)NC1=O,9.97,9.97469413473523,1.0093538704045895
Cc1ccc(NC(=O)CCC2CCCCC2)cc1/C=C(\C#N)c1ccc2c(c1)OCO2,9.15,9.154901959985745,1.0093538704045895
Cc1ccc(NC(=O)CCC2CCCCC2)cc1-c1nc2cc(O)ccc2[nH]1,9.15,9.154901959985745,1.0093538704045895
Cc1ccc(NC(=O)CCC2CCCCC2)cc1/C=C(\C#N)c1cccnc1,9.00,9.0,1.0093538704045895
Cc1ccc2[nH]c(-c3cc(NC(=O)CCC4CCCCC4)ccc3C)nc2c1,8.89,8.886056647693163,1.0093538704045895
Cc1ccc(C(=O)CCCC2CCCCC2)cc1NC(=O)c1cccnc1,8.70,8.698970004336019,1.0093538704045895
CC(=O)Oc1ccc(C(=O)Nc2cc(NC(=O)CCC3CCCCC3)ccc2C)cc1,8.60,8.602059991327963,1.0093538704045895
Cc1ccc(NC(=O)CCC2CCCCC2)cc1NCc1ccc2c(c1)OCO2,9.22,9.221848749616356,1.0093538704045895
Cc1ccc(C(=O)NCCC2CCCCC2)cc1NC(=O)c1ccc(O)cc1,8.70,8.698970004336019,1.0093538704045895
CC(C)C1=C(C(=NO1)C2=C(C=CC=C2Cl)Cl)COC3=CC(=C(C=C3)/C=C/C4=CC(=CC=C4)C(=O)O)Cl,6.43,6.428291168191312,1.0093538704045895
CN1C=C(C2=C1C=C(C=C2)N3CCC(CC3)OCC4=C(ON=C4C5=C(C=CC=C5Cl)Cl)C6CC6)C(=O)O,6.71,6.714442690992226,1.0093538704045895
C1=CC=C(C=C1)C(CN(CCCOC2=CC=CC(=C2)CC(=O)O)CC3=C(C(=CC=C3)C(F)(F)F)Cl)C4=CC=CC=C4,6.51,6.508638306165727,1.0093538704045895
C1=CC=C(C=C1)S(=O)(=O)N(CC(F)(F)F)C2=CC=C(C=C2)C(C(F)(F)F)(C(F)(F)F)O,6.77,6.769551078621726,1.0093538704045895
C1=CC=C(C=C1)CC2=CN=C3C(=C2C4=CC(=CC=C4)OCC5=CC=C(C=C5)CC(=O)O)C=CC=C3C(F)(F)F,7.05,7.045757490560675,1.0093538704045895
C1=CC=C(C=C1)CC2=CN=C3C(=C2C4=CC(=CC=C4)NCC5=CC=C(C=C5)CC(=O)O)C=CC=C3C(F)(F)F,7.05,7.045757490560675,1.0093538704045895
C1=CC=C(C=C1)CN2C(=C3C=CC=C(C3=N2)C(F)(F)F)C4=CC=CC=C4,5.49,5.486782399932061,1.0093538704045895
CC1=CC(=C(C=C1)CN2C(=C3C=CC=C(C3=N2)C(F)(F)F)C4=CC=C(C=C4)F)C,6.00,6.004364805402449,1.0093538704045895
C1=CC2=C(N(N=C2C(=C1)C(F)(F)F)CC3=C(C=C(C=C3)F)Cl)C4=CC=C(C=C4)F,5.44,5.435333935747911,1.0093538704045895
C1=CC=C(C(=C1)CN2C(=C3C=CC=C(C3=N2)C(F)(F)F)C4=CC=C(C=C4)F)F,5.38,5.381951903287908,1.0093538704045895
C1=CC=C(C(=C1)CN2C(=C3C=CC=C(C3=N2)C(F)(F)F)C4=CC=C(C=C4)F)Cl,5.54,5.539102157243452,1.0093538704045895
C1=CC2=C(N(N=C2C(=C1)C(F)(F)F)CC3=CC=C(C=C3)F)C4=CC=C(C=C4)F,5.24,5.242603971206975,1.0093538704045895
C1=CC2=C(N(N=C2C(=C1)C(F)(F)F)CC3=CC=C(C=C3)Cl)C4=CC=C(C=C4)F,5.04,5.043351420794797,1.0093538704045895
C1=CC2=C(N(N=C2C(=C1)C(F)(F)F)CC3=C(C=C(C=C3)Cl)F)C4=CC=C(C=C4)Cl,5.01,5.008773924307505,1.0093538704045895
C1=CC2=C(N(N=C2C(=C1)C(F)(F)F)CC3=C(C=C(C=C3)F)Cl)C4=CC=C(C=C4)Cl,4.95,4.950007143079858,1.0093538704045895
C1=CC=C(C(=C1)CN2C(=C3C=CC=C(C3=N2)C(F)(F)F)C4=CC=C(C=C4)Cl)Cl,4.99,4.991399828238082,1.0093538704045895
C1=CC=C(C(=C1)CN2C(=C3C=CC=C(C3=N2)C(F)(F)F)C4=CC=C(C=C4)Cl)F,5.13,5.128427064454121,1.0093538704045895
C1=CC=C(C(=C1)CN2C(=C3C=CC=C(C3=N2)C(F)(F)F)C4=CC=C(C=C4)Cl)C(F)(F)F,4.81,4.810790510417694,1.0093538704045895
CS(=O)(=O)C1=CC(=CC(=C1)OC2=CC=CC(=C2)C3=C4C=CC=C(C4=NC=C3C(=O)N)C(F)(F)F)Cl,4.96,4.962573502059376,1.0093538704045895
CC1=NC2=C(C=CC=C2N=C1C3=CC=C(C=C3)C4=CC(=CC=C4)S(=O)(=O)C)C(F)(F)F,5.77,5.769551078621726,1.0093538704045895
CCC1=NC2=C(C=CC=C2N=C1C3=CC=C(C=C3)C4=CC(=CC=C4)S(=O)(=O)C)C(F)(F)F,6.46,6.455931955649724,1.0093538704045895
CC1=C(N=C2C=CC=C(C2=N1)Cl)C3=CC=C(C=C3)C4=CC(=CC=C4)S(=O)(=O)C,6.42,6.42021640338319,1.0093538704045895
CC1=NC2=C(C=CC=C2N=C1C3=CC=C(C=C3)C4=CC(=CC=C4)S(=O)(=O)NC)C(F)(F)F,5.83,5.832682665251824,1.0093538704045895
CC1=C(C=CC(=C1)SCC2=C(N=C(S2)C3=CC=C(C=C3)C(F)(F)F)C)OCC(=O)O,8.02,8.022276394711152,1.0093538704045895
C1CN(CCC1CCOC2=C(C=CC(=C2)CC(=O)O)Cl)C3=NC4=C(S3)C=C(C=C4)Cl,7.72,7.721246399047171,1.0093538704045895
C1CCN(C1)C2(CCN(CC2)C3=NC4=C(S3)N=C(C=C4)C(F)(F)F)CCOC5=C(C=CC(=C5)CC(=O)O)Cl,7.66,7.657577319177793,1.0093538704045895
C1CC(=O)N(C1)C2(CCN(CC2)C3=NC4=C(S3)C=C(C=C4)C(F)(F)F)CCOC5=CC(=CC(=C5)CC(=O)O)Cl,6.82,6.823908740944319,1.0093538704045895
CC(C)C1(CCN(CC1)C2=NC3=C(S2)C=C(C=C3)Cl)CCOC4=C(C=CC(=C4)CC(=O)O)Cl,8.12,8.1249387366083,1.0093538704045895
C1CCN(C1)C2(CCN(CC2)C3=NC4=C(S3)C=C(C=C4)C(F)(F)F)CCOC5=CC(=CC(=C5)CC(=O)O)Cl,8.03,8.031517051446064,1.0093538704045895
CC1=C(C=C(C=C1)CC(=O)O)OCCC2(CCN(CC2)C3=NC4=C(S3)C=C(C=C4)Cl)N5CCCC5,8.21,8.207608310501746,1.0093538704045895
CN(C)C1(CCN(CC1)C2=NC3=C(S2)C=C(C=C3)Cl)CCOC4=CC(=CC(=C4)CC(=O)O)Cl,7.52,7.522878745280337,1.0093538704045895
CC1=CC(=CC(=C1)OCCC2(CCN(CC2)C3=NC4=C(S3)C=C(C=C4)Cl)N5CCCC5)CC(=O)O,8.04,8.040958607678906,1.0093538704045895
C1CCC(C1)C2(CCN(CC2)C3=NC4=C(S3)C=C(C=C4)Cl)CCOC5=CC(=CC(=C5)CC(=O)O)Cl,8.15,8.148741651280925,1.0093538704045895
C1CCC(CC1)C2(CCN(CC2)C3=NC4=C(S3)C=C(C=C4)Cl)CCOC5=CC(=CC(=C5)CC(=O)O)Cl,7.96,7.958607314841775,1.0093538704045895
CCC(C)C1(CCN(CC1)C2=NC3=C(S2)C=C(C=C3)Cl)CCOC4=CC(=CC(=C4)CC(=O)O)Cl,8.35,8.346787486224656,1.0093538704045895
CC(C)CC1(CCN(CC1)C2=NC3=C(S2)C=C(C=C3)Cl)CCOC4=CC(=CC(=C4)CC(=O)O)Cl,8.23,8.229147988357855,1.0093538704045895
C1CCN(CC1)C2(CCN(CC2)C3=NC4=C(S3)C=C(C=C4)Cl)CCOC5=CC(=CC(=C5)CC(=O)O)Cl,7.82,7.823908740944319,1.0093538704045895
CCCC1(CCN(CC1)C2=NC3=C(S2)C=C(C=C3)Cl)CCOC4=C(C=CC(=C4)CC(=O)O)Cl,8.04,8.036212172654444,1.0093538704045895
C1CCN(C1)C2(CCN(CC2)C3=NC4=C(S3)C=C(C=C4)Cl)CCOC5=CC(=CC(=C5)CC(=O)O)Cl,8.00,8.0,1.0093538704045895
C1CCCN(CC1)C2(CCN(CC2)C3=NC4=C(S3)C=C(C=C4)Cl)CCOC5=CC(=CC(=C5)CC(=O)O)Cl,7.66,7.657577319177793,1.0093538704045895
C1CCC(CC1)C2(CCN(CC2)C3=NC4=C(S3)C=C(C=C4)Cl)CCOC5=C(C=CC(=C5)CC(=O)O)Cl,7.70,7.698970004336019,1.0093538704045895
CCC1(CCN(CC1)C2=NC3=C(S2)C=C(C=C3)Cl)CCOC4=C(C=CC(=C4)CC(=O)O)Cl,7.89,7.886056647693163,1.0093538704045895
C1CCN(C1)C2(CCN(CC2)C3=NC4=C(S3)N=C(C=C4)C(F)(F)F)CCOC5=CC(=CC(=C5)CC(=O)O)Cl,8.44,8.443697499232712,1.0093538704045895
CC1CCCN1C2(CCN(CC2)C3=NC4=C(S3)C=C(C=C4)Cl)CCOC5=CC(=CC(=C5)CC(=O)O)Cl,8.01,8.013228265733755,1.0093538704045895
CCCCC1(CCN(CC1)C2=NC3=C(S2)C=C(C=C3)Cl)CCOC4=C(C=CC(=C4)CC(=O)O)Cl,8.08,8.075720713938118,1.0093538704045895
C1CN(CCC1(CCOC2=CC(=CC(=C2)CC(=O)O)Cl)N3CCOCC3)C4=NC5=C(S4)C=C(C=C5)C(F)(F)F,7.66,7.657577319177793,1.0093538704045895
CC(C)OC(=O)C1=CN(CC(C2=C1NC3=CC=CC=C32)(C)C)C(=O)C4=CC(=C(C=C4)F)F,7.82,7.823908740944319,1.0093538704045895
CC(C)OC(=O)C1=CN(CC(C2=C1NC3=C2C=C(C=C3)F)(C)C)C(=O)C4=CC(=C(C=C4)F)F,7.35,7.346787486224656,1.0093538704045895
CC(C)OC(=O)C1=CN(CC(C2=C1NC3=CC=CC=C32)(C)C)C(=O)C4=CC=CC(=C4)CN5CCOCC5,5.80,5.801617869991706,1.0093538704045895
CC(C)OC(=O)C1=CN(CC(C2=C1NC3=CC=CC=C32)(C)C)C(=O)C4=CC=CC(=C4)CN5CCN(CC5)C,6.43,6.434152181326482,1.0093538704045895
CC(C)OC(=O)C1=CN(CC(C2=C1NC3=CC=CC=C32)(C)C)C(=O)C4=CC=CC(=C4)CN5CCCCC5,6.27,6.272458742971444,1.0093538704045895
CC(C)OC(=O)C1=CN(CC(C2=C1NC3=CC=CC=C32)(C)C)C(=O)C4=CC=CC(=C4)CN5CCCC5,6.47,6.468521082957745,1.0093538704045895
CC(C)OC(=O)C1=CN(CC(C2=C1NC3=CC=CC=C32)(C)C)C(=O)C4=CC=C(C=C4)CN5CCOCC5,7.64,7.638272163982407,1.0093538704045895
CC(C)OC(=O)C1=CN(CC(C2=C1NC3=C2C=CC(=C3)F)(C)C)C(=O)C4=CC=C(C=C4)CN5CCOCC5,6.35,6.349692476868063,1.0093538704045895
CC(C)OC(=O)C1=CN(CC(C2=C1NC3=CC=CC=C32)(C)C)C(=O)C4=CC=C(C=C4)CCN5CCOCC5,6.22,6.220403508742176,1.0093538704045895
CC(C)OC(=O)C1=CN(CC(C2=C1NC3=C2C=CC(=C3)F)(C)C)C(=O)C4=CC=C(C=C4)CCN5CCOCC5,6.47,6.465973893943865,1.0093538704045895
CC(C)OC(=O)C1=CN(CC(C2=C1NC3=CC=CC=C32)(C)C)C(=O)C4=CC=C(C=C4)OCCCN5CCOCC5,7.00,6.995678626217357,1.0093538704045895
CC(C)OC(=O)C1=CN(CC(C2=C1NC3=CC=CC=C32)(C)C)C(=O)C4=CC=C(C=C4)OCCN5CCCCC5,5.97,5.972242795309446,1.0093538704045895
CC(C)OC(=O)C1=CN(CC(C2=C1NC3=CC=CC=C32)(C)C)C(=O)C4=CC=C(C=C4)OCCN(C)C,6.36,6.357535479757878,1.0093538704045895
CC(C)OC(=O)C1=CN(CC(C2=C1NC3=CC=CC=C32)(C)C)C(=O)C4=CC=C(C=C4)OCCN5CCCC5,6.16,6.156144577376839,1.0093538704045895
CC(C)OC(=O)C1=CN(CC(C2=C1NC3=CC=CC=C32)(C)C)C(=O)C4=CC=C(C=C4)OCCN5CCOCC5,6.60,6.603800652904264,1.0093538704045895
CC(C)OC(=O)C1=CN(CC(C2=C1NC3=CC=CC=C32)(C)C)C(=O)C4=CC=C(C=C4)OCCN5CCN(CC5)C,6.54,6.542118103266008,1.0093538704045895
CC(C)OC(=O)C1=CN(CC(C2=C1NC3=CC=CC=C32)(C)C)C(=O)C4=CC=C(C=C4)OCCCN(C)C,6.57,6.567030709125595,1.0093538704045895
CC(C)OC(=O)C1=CN(CC(C2=C1NC3=CC=CC=C32)(C)C)C(=O)C4=CC=C(C=C4)OCCCN5CCCC5,6.44,6.441291429466834,1.0093538704045895
CC(C)OC(=O)C1=CN(CC(C2=C1NC3=CC=CC=C32)(C)C)C(=O)C4=CC=C(C=C4)OCCCN5CCCCC5,6.37,6.372634143407268,1.0093538704045895
CC(C)OC(=O)C1=CN(CC(C2=C1NC3=CC=CC=C32)(C)C)C(=O)C4=CC=C(C=C4)OCCCN5CCN(CC5)C,6.71,6.7121982700697735,1.0093538704045895
CC(C)OC(=O)C1=CN(CC(C2=C1NC3=CC=CC=C32)(C)C)C(=O)C4=CC(=CC=C4)OCCN(C)C,5.86,5.858236769724212,1.0093538704045895
CC(C)OC(=O)C1=CN(CC(C2=C1NC3=CC=CC=C32)(C)C)C(=O)C4=CC(=CC=C4)OCCN5CCCC5,5.88,5.880414225038216,1.0093538704045895
CC(C)OC(=O)C1=CN(CC(C2=C1NC3=CC=CC=C32)(C)C)C(=O)C4=CC(=CC=C4)OCCN5CCCCC5,6.05,6.048662481204082,1.0093538704045895
CC(C)OC(=O)C1=CN(CC(C2=C1NC3=CC=CC=C32)(C)C)C(=O)C4=CC(=CC=C4)OCCN5CCOCC5,6.07,6.068033885271827,1.0093538704045895
CC(C)OC(=O)C1=CN(CC(C2=C1NC3=CC=CC=C32)(C)C)C(=O)C4=CC(=CC=C4)OCCN5CCN(CC5)C,5.54,5.542118103266008,1.0093538704045895
CC(C)OC(=O)C1=CN(CC(C2=C1NC3=CC=CC=C32)(C)C)C(=O)C4=CC(=CC=C4)OCCCN(C)C,6.21,6.209714835966759,1.0093538704045895
CC(C)OC(=O)C1=CN(CC(C2=C1NC3=CC=CC=C32)(C)C)C(=O)C4=CC(=CC=C4)OCCCN5CCCC5,5.80,5.795066477645856,1.0093538704045895
CC(C)OC(=O)C1=CN(CC(C2=C1NC3=CC=CC=C32)(C)C)C(=O)C4=CC(=CC=C4)OCCCN5CCCCC5,5.95,5.9503943874050265,1.0093538704045895
CC(C)OC(=O)C1=CN(CC(C2=C1NC3=CC=CC=C32)(C)C)C(=O)C4=CC(=CC=C4)OCCCN5CCOCC5,6.10,6.099086932262331,1.0093538704045895
CC(C)OC(=O)C1=CN(CC(C2=C1NC3=CC=CC=C32)(C)C)C(=O)C4=CC(=CC=C4)OCCCN5CCN(CC5)C,5.99,5.99012436628784,1.0093538704045895
CC(C)OC(=O)C1=CN(CC(C2=C1NC3=C2C=CC(=C3)F)(C)C)C(=O)C4=CC=C(C=C4)OCCCN5CCOCC5,7.06,7.055517327849831,1.0093538704045895
CC(C)OC(=O)C1=CN(CC(C2=C1NC3=C2C=CC(=C3)F)(C)C)C(=O)C4=CC=C(C=C4)OCCN5CCOCC5,7.00,7.00436480540245,1.0093538704045895
CN1[C@H]2CC[C@@H](O[C@H]2COC3=C(C1=O)C=C(C=C3)NC(=O)C4=CC=C(C=C4)C(F)(F)F)CC(=O)NC5CC6=CC=CC=C6C5,5.69,5.692503962086787,1.0093538704045895
CN1[C@H]2CC[C@@H](O[C@@H]2COC3=C(C1=O)C=C(C=C3)NC(=O)C4=CC=C(C=C4)C(F)(F)F)CC(=O)NC5CC6=CC=CC=C6C5,<4.60,4.451544993495972,0.25169036763282826
CN1[C@H]2CC[C@H](O[C@H]2COC3=C(C1=O)C=C(C=C3)NC(=O)C4=CC=C(C=C4)C(F)(F)F)CC(=O)NC5CC6=CC=CC=C6C5,6.64,6.638272163982407,1.0093538704045895
CCOC(=O)C1=CN(CCC2=C1NC3=CC=CC=C23)C(=O)C4=CC=C(C=C4)F,6.22,6.221848749616356,1.0093538704045895
CC(C)OC(=O)C1=CN(CCC2=C1NC3=CC=CC=C23)C(=O)C4=CC=C(C=C4)F,6.30,6.301029995663981,1.0093538704045895
CCCOC(=O)C1=CN(CCC2=C1NC3=CC=CC=C23)C(=O)C4=CC=C(C=C4)F,6.30,6.301029995663981,1.0093538704045895
CCCCOC(=O)C1=CN(CCC2=C1NC3=CC=CC=C23)C(=O)C4=CC=C(C=C4)F,5.96,5.958607314841775,1.0093538704045895
CCOC(=O)C1=CN(CC(C2=C1NC3=CC=CC=C32)C)C(=O)C4=CC=C(C=C4)F,7.24,7.244125144327507,1.0093538704045895
CCOC(=O)C1=CN(CC(C2=C1NC3=CC=CC=C32)C)C(=O)C4=CC=C(C=C4)Cl,7.14,7.136677139879544,1.0093538704045895
CCOC(=O)C1=CN(CC(C2=C1NC3=CC=CC=C32)C)C(=O)C4=CC=C(C=C4)OC,7.22,7.221848749616356,1.0093538704045895
CCOC(=O)C1=CN(CC(C2=C1NC3=CC=CC=C32)C)C(=O)C4=CC(=C(C=C4)F)F,7.49,7.494850021680094,1.0093538704045895
CCOC(=O)C1=CN(CC(C2=C1NC3=CC=CC=C32)(C)C)C(=O)C4=CC=C(C=C4)F,7.66,7.657577319177793,1.0093538704045895
CCOC(=O)C1=CN(CC(C2=C1NC3=CC=CC=C32)(C)C)C(=O)C4=CC(=C(C=C4)F)F,7.92,7.920818753952375,1.0093538704045895
CCOC(=O)C1=CN(CC(C2=C1NC3=CC=CC=C32)(C)C)C(=O)C4=CC=C(C=C4)Cl,7.60,7.602059991327962,1.0093538704045895
CCOC(=O)C1=CN(CC(C2=C1NC3=CC=CC=C32)(C)C)C(=O)C4=CC=C(C=C4)OC,7.54,7.537602002101044,1.0093538704045895
CC(C)OC(=O)C1=CN(CC(C2=C1NC3=CC=CC=C32)(C)C)C(=O)C4=CC=C(C=C4)F,8.10,8.096910013008056,1.0093538704045895
CN1C=NC=C1C2=NC=C(N2C)C3=NC=C(N3C)C4=NC=C(N4C)C5=CC=CC=C5,5.22,5.221848749616356,1.0093538704045895
CC(C)(C)CC(=O)NC[C@@H]1CC[C@H]2[C@@H](O1)COC3=C(C=C(C=C3)NC(=O)C4=CC=C(C=C4)C(F)(F)F)C(=O)N2C,6.14,6.142667503568731,1.0093538704045895
CN1[C@H]2CC[C@H](O[C@H]2COC3=C(C1=O)C=C(C=C3)NC(=O)C4=CC=C(C=C4)C(F)(F)F)CNC5=NN=C(O5)C6CCC6,6.49,6.494850021680094,1.0093538704045895
CN1[C@H]2CC[C@H](O[C@H]2COC3=C(C1=O)C=C(C=C3)NC(=O)C4=CC=C(C=C4)C(F)(F)F)CNC(=O)[C@@H]5CCCO5,5.96,5.958607314841775,1.0093538704045895
CC(C)COC(=O)NC[C@@H]1CC[C@H]2[C@@H](O1)COC3=C(C=C(C=C3)NC(=O)C4=CC=C(C=C4)C(F)(F)F)C(=O)N2C,7.10,7.096910013008056,1.0093538704045895
C1=CC=C(C=C1)C(=O)C2=CN=C3C(=C2C4=CC(=CC=C4)OCC5=CC=C(C=C5)C(=O)O)C=CC=C3C(F)(F)F,6.73,6.730487055782083,1.0093538704045895
COC(=O)C1=CC=C(C=C1)COC2=CC=CC(=C2)C3=C4C=CC=C(C4=NC=C3C(=O)C5=CC=CC=C5)C(F)(F)F,6.53,6.528708288941061,1.0093538704045895
C1=CC=C(C=C1)C(=O)C2=CN=C3C(=C2C4=CC(=CC=C4)OCC5=CC(=CC=C5)C(=O)O)C=CC=C3C(F)(F)F,5.82,5.823908740944319,1.0093538704045895
C1=CC=C(C=C1)C(=O)C2=CN=C3C(=C2C4=CC=C(C=C4)OCC5=CC=C(C=C5)C(=O)O)C=CC=C3C(F)(F)F,5.82,5.823908740944319,1.0093538704045895
CN(CC1=CC=C(C=C1)CC(=O)O)C2=CC=CC(=C2)C3=C4C=CC=C(C4=NC=C3CC5=CC=CC=C5)C(F)(F)F,6.43,6.427128397799519,1.0093538704045895
C1=CC=C(C=C1)C(=O)C2=CN=C3C(=C2C4=CC(=CC=C4)OCC5=CC=C(C=C5)CC(=O)O)C=CC=C3C(F)(F)F,6.84,6.844663962534938,1.0093538704045895
C1=CC=C(C=C1)C2=C3C=CC=C(C3=NC=C2C(=O)C4=CC=CC=C4)C(F)(F)F,5.85,5.853871964321762,1.0093538704045895
C[C@H]([C@@H](C(=O)N[C@@H](C(C)C)C(=O)N[C@@H](CC1=CC=CC=C1)C(=O)N[C@@H]([C@@H](C)O)C(=O)N[C@@H](CO)C(=O)N[C@@H](CC2=CNC3=CC=CC=C32)C(=O)N[C@@H](CCC(=O)O)C(=O)N[C@@H](CCC(=O)O)C(=O)N[C@@H](CC4=CC=C(C=C4)O)C(=O)N[C@@H](CC(C)C)C(=O)N[C@@H](CC(=O)O)C(=O)N[C@@H](CC5=CNC6=CC=CC=C65)C(=O)N[C@@H](C(C)C)C(=O)N)NC(=O)C)O,5.22,5.221848749616356,1.0093538704045895
CC(C)C[C@H]1C(=O)N[C@@H](CC(=O)NCCCC[C@@H](C(=O)N[C@H](C(=O)N[C@H](C(=O)N1)CC2=CC=C(C=C2)O)CCC(=O)O)NC(=O)[C@H](CC3=CNC4=CC=CC=C43)NC(=O)[C@H](CO)NC(=O)[C@H](CCCCN)NC(=O)[C@H](CC5=CC=CC=C5)NC(=O)[C@H](C(C)C)NC(=O)[C@H](CC6=CN=CN6)NC(=O)C)C(=O)N[C@@H](CC7=CNC8=CC=CC=C87)C(=O)N[C@@H](C(C)C)C(=O)N[C@@H](CCCCN)C(=O)N[C@@H](CCCCN)C(=O)N[C@@H](CCCCN)C(=O)N[C@@H](CCCCN)C(=O)N[C@@H](CCCCN)C(=O)N[C@@H](CCCCN)C(=O)N,6.76,6.756961951313706,1.0093538704045895
CC(C)C[C@@H](C(=O)N[C@@H](CCSC)C(=O)N)NC(=O)CNC(=O)[C@H](CC1=CC=CC=C1)NC(=O)[C@H](CC2=CC=CC=C2)NC(=O)[C@H](CCC(=O)N)NC(=O)[C@H](CCC(=O)N)NC(=O)[C@@H]3CCCN3C(=O)[C@H](CCCCN)NC(=O)[C@@H]4CCCN4C(=O)[C@H](CCCN=C(N)N)N,6.17,6.167491087293763,1.0093538704045895
C[C@H]([C@@H](C(=O)N[C@@H](C(C)C)C(=O)N[C@@H](CC1=CC=CC=C1)C(=O)N[C@@H]([C@@H](C)O)C(=O)N[C@@H](CO)C(=O)N[C@@H](CC2=CNC3=CC=CC=C32)C(=O)N[C@H]4CCCCNC(=O)C[C@H](NC(=O)[C@@H](NC(=O)[C@@H](NC(=O)[C@@H](NC4=O)CCC(=O)O)CC5=CC=C(C=C5)O)CC(C)C)C(=O)N[C@@H](CC6=CNC7=CC=CC=C76)C(=O)N[C@@H](C(C)C)C(=O)N)NC(=O)C)O,<5.30,5.150514997831991,0.25169036763282826
CC[C@H](C)[C@@H](C(=O)NCC(=O)N[C@@H](CC(C)C)C(=O)N1CCC[C@H]1C(=O)N[C@@H](CS)C(=O)O)NC(=O)[C@H](CCC(=O)N)NC(=O)[C@H](CC(C)C)NC(=O)[C@H](CC(=O)N)NC(=O)[C@H](CC2=CNC3=CC=CC=C32)NC(=O)[C@@H]4CCCN4C(=O)[C@H](CC(C)C)NC(=O)[C@H](CCCNC(=N)N)NC(=O)[C@H](CS)NC(=O)CNC(=O)[C@H](CO)NC(=O)CNC(=O)[C@H](C(C)C)NC(=O)[C@H](CC5=CNC6=CC=CC=C65)NC(=O)[C@H](CC(=O)O)NC(=O)[C@H](CC(C)C)NC(=O)[C@H](CC7=CC=C(C=C7)O)NC(=O)[C@H](CCC(=O)O)NC(=O)[C@H](CCC(=O)O)NC(=O)[C@H](CC8=CNC9=CC=CC=C98)NC(=O)[C@H](CO)NC(=O)[C@H]([C@@H](C)O)NC(=O)[C@H](CC1=CC=CC=C1)NC(=O)[C@H](C(C)C)NC(=O)[C@H]([C@@H](C)O)N,6.60,6.6020599913279625,1.0093538704045895
C[C@H]1C(=O)N[C@H](C(=O)N([C@H](C(=O)N[C@H](C(=O)N[C@H](C(=O)N2CCC[C@H]2C(=O)N[C@@H](CSCC(=O)N[C@H](C(=O)N[C@H](C(=O)N[C@H](C(=O)N[C@H](C(=O)N[C@H](C(=O)N[C@H](C(=O)N1C)CC3=CC=C(C=C3)C4=CC=CC=C4)[C@@H](C)O)[C@@H](C)O)CO)C(C)C)CC5=CC=CC=C5)C(=O)NCC(=O)N)CCCNC(=N)N)CC(=O)O)C)C)CC6=CC=C(C=C6)C7=CC=CC=C7,6.97,6.97469413473523,1.0093538704045895
CCNC(=O)[C@@H]1CSCC(=O)N[C@H](C(=O)N[C@H](C(=O)N2CCC[C@H]2C(=O)N[C@H](C(=O)N[C@H](C(=O)N[C@H](C(=O)N([C@H](C(=O)N[C@H](C(=O)N([C@H](C(=O)N[C@H](C(=O)N[C@H](C(=O)N3CCC[C@H]3C(=O)N1)C)CCC(=O)O)C)C)CC4=CC=C(C=C4)C5=CC=CC=C5)C)C)CC6=CC=C(C=C6)C7=CC=CC=C7)[C@@H](C)O)[C@@H](C)O)C(C)C)CC8=CC=CC=C8,6.77,6.769551078621726,1.0093538704045895
CC1=C(C=C(C=C1)NC(=O)CCC2CCCCC2)NC(=O)C3=CC=CC=C3,5.70,5.698970004336019,1.0093538704045895
CC1=C(C=C(C=C1)NC(=O)CCC2CCCCC2)NC(=O)C3=CC=C(C=C3)CO,5.12,5.119186407719209,1.0093538704045895
CC1=C(C=C(C=C1)NC(=O)CCC2CCCCC2)NCC3=CC4=C(C=C3)OCO4,6.22,6.221848749616356,1.0093538704045895
CC1=C(C=C(C=C1)NC(=O)CCC2CCCCC2)NC(=O)C3=CC=C(C=C3)N,5.42,5.42021640338319,1.0093538704045895
CC1=C(C=C(C=C1)NC(=O)CCC2CCCCC2)NC(=O)C3=CC(=CC=C3)O,5.70,5.698970004336019,1.0093538704045895
CC1=C(C=C(C=C1)NC(=O)CCC2CCCCC2)NC(=O)C3=CC=C(C=C3)OC(=O)C,5.60,5.6020599913279625,1.0093538704045895
CC1=C(C=C(C=C1)NC(=O)CCC2CCCCC2)NC(=O)C3=CC=C(C=C3)O,5.77,5.769551078621726,1.0093538704045895
CC1=CC2=C(C=C1)N=C(N2)C3=C(C=CC(=C3)NC(=O)CCC4CCCCC4)C,5.89,5.886056647693163,1.0093538704045895
CC1=C(C=C(C=C1)NC(=O)CCC2CCCCC2)C(=O)NC3=CC=C(C=C3)O,5.15,5.154901959985743,1.0093538704045895
CC1=C(C=C(C=C1)NC(=O)CCC2CCCCC2)C3=NC4=C(N3)C=C(C=C4)O,6.15,6.154901959985743,1.0093538704045895
CC1=C(C=C(C=C1)NC(=O)CCC2CCCCC2)C3=NC4=CC=CC=C4N3,5.89,5.886056647693163,1.0093538704045895
CC1=C(C=C(C=C1)NC(=O)CCC2CCCCC2)NC(=O)C3=CN=CC=C3,5.92,5.920818753952375,1.0093538704045895
CC1=C(C=C(C=C1)NC(=O)CCC2CCCCC2)/C=C(\C#N)/C3=CC4=C(C=C3)OCO4,6.15,6.154901959985743,1.0093538704045895
CC1=C(C=C(C=C1)NC(=O)CCCC2CCCCC2)NC(=O)C3=CC=C(C=C3)O,5.40,5.3979400086720375,1.0093538704045895
CC1=C(C=C(C=C1)NC(=O)CCC2CCCCC2)/C=C(\C#N)/C3=CN=CC=C3,6.00,6.0,1.0093538704045895
CC1=C(C=C(C=C1)C(=O)NCCC2CCCCC2)NC(=O)C3=CC=C(C=C3)O,5.70,5.698970004336019,1.0093538704045895
CC1=C(C=C(C=C1)C(=O)CCCC2CCCCC2)NC(=O)C3=CN=CC=C3,5.70,5.698970004336019,1.0093538704045895
CC1=CCC(=CC1=NC(=O)C2=CC=C/C(=N\C(=O)/N=C\3/CC(=CC=C3)C(=O)N=C4CC(=CC=C4C)C(=O)N=C5CC=C(C6=C5C(=CC(=C6)S(=O)(=O)O)S(=O)(=O)O)S(=O)(=O)O)/C2)C(=O)N=C7CC=C(C8=C7C(=CC(=C8)S(=O)(=O)O)S(=O)(=O)O)S(=O)(=O)O,4.82,4.823908740944319,1.0093538704045895
C1=CC(=CC(=C1)NC(=O)C2=CC=C(C=C2)NC(=O)NC3=CC=C(C=C3)C(=O)NC4=CC=CC(=C4)C(=O)NC5=C6C(=CC(=C5)S(=O)(=O)O)C=C(C=C6S(=O)(=O)O)S(=O)(=O)O)C(=O)NC7=C8C(=CC(=C7)S(=O)(=O)O)C=C(C=C8S(=O)(=O)O)S(=O)(=O)O,4.77,4.769551078621726,1.0093538704045895
C1=CC(=CC=C1C(=O)NC2=C3C(=CC(=C2)S(=O)(=O)O)C=C(C=C3S(=O)(=O)O)S(=O)(=O)O)NC(=O)C4=CC=C(C=C4)NC(=O)NC5=CC=C(C=C5)C(=O)NC6=CC=C(C=C6)C(=O)NC7=C8C(=CC(=C7)S(=O)(=O)O)C=C(C=C8S(=O)(=O)O)S(=O)(=O)O,4.72,4.721246399047171,1.0093538704045895
C1=CC(=CC=C1C(=O)NC2=C3C(=CC(=CC3=C(C=C2)S(=O)(=O)O)S(=O)(=O)O)S(=O)(=O)O)NC(=O)C4=CC=C(C=C4)NC(=O)NC5=CC=C(C=C5)C(=O)NC6=CC=C(C=C6)C(=O)NC7=C8C(=CC(=CC8=C(C=C7)S(=O)(=O)O)S(=O)(=O)O)S(=O)(=O)O,4.77,4.769551078621726,1.0093538704045895
