SMILES,pEC50,pEC50-min,pEC50-max
Cn1cc(C(=O)O)c2ccc(N3CCC(OCc4c(-c5c(Cl)cccc5Cl)noc4C4CC4)CC3)cc21,<5.00,4.698970004336019,5.0
Cc1cc(SCc2sc(-c3ccc(C(F)(F)F)cc3)nc2C)ccc1OCC(=O)O,7.12,7.119186407719209,7.119186407719209
O=C(O)Cc1ccc(Cl)c(OCCC2CCN(c3nc4ccc(Cl)cc4s3)CC2)c1,7.31,7.309803919971486,7.309803919971486
O=C(O)Cc1ccc(Cl)c(OCCC2(N3CCCC3)CCN(c3nc4ccc(C(F)(F)F)nc4s3)CC2)c1,7.15,7.154901959985743,7.154901959985743
O=C(O)Cc1cc(Cl)cc(OCCC2(N3CCCC3=O)CCN(c3nc4ccc(C(F)(F)F)cc4s3)CC2)c1,6.39,6.3872161432802645,6.3872161432802645
CC(C)C1(CCOc2cc(CC(=O)O)ccc2Cl)CCN(c2nc3ccc(Cl)cc3s2)CC1,6.77,6.769551078621726,6.769551078621726
O=C(O)Cc1cc(Cl)cc(OCCC2(N3CCCC3)CCN(c3nc4ccc(C(F)(F)F)cc4s3)CC2)c1,7.85,7.853871964321762,7.853871964321762
Cc1ccc(CC(=O)O)cc1OCCC1(N2CCCC2)CCN(c2nc3ccc(Cl)cc3s2)CC1,7.55,7.552841968657781,7.552841968657781
CN(C)C1(CCOc2cc(Cl)cc(CC(=O)O)c2)CCN(c2nc3ccc(Cl)cc3s2)CC1,7.35,7.346787486224656,7.346787486224656
Cc1cc(CC(=O)O)cc(OCCC2(N3CCCC3)CCN(c3nc4ccc(Cl)cc4s3)CC2)c1,7.47,7.468521082957745,7.468521082957745
O=C(O)Cc1cc(Cl)cc(OCCC2(C3CCCC3)CCN(c3nc4ccc(Cl)cc4s3)CC2)c1,7.80,7.795880017344075,7.795880017344075
O=C(O)Cc1cc(Cl)cc(OCCC2(C3CCCCC3)CCN(c3nc4ccc(Cl)cc4s3)CC2)c1,7.54,7.537602002101044,7.537602002101044
CCC(C)C1(CCOc2cc(Cl)cc(CC(=O)O)c2)CCN(c2nc3ccc(Cl)cc3s2)CC1,7.59,7.585026652029182,7.585026652029182
CC(C)CC1(CCOc2cc(Cl)cc(CC(=O)O)c2)CCN(c2nc3ccc(Cl)cc3s2)CC1,7.85,7.853871964321762,7.853871964321762
O=C(O)Cc1cc(Cl)cc(OCCC2(N3CCCCC3)CCN(c3nc4ccc(Cl)cc4s3)CC2)c1,7.39,7.387216143280264,7.387216143280264
CCCC1(CCOc2cc(CC(=O)O)ccc2Cl)CCN(c2nc3ccc(Cl)cc3s2)CC1,7.48,7.481486060122112,7.481486060122112
O=C(O)Cc1cc(Cl)cc(OCCC2(N3CCCC3)CCN(c3nc4ccc(Cl)cc4s3)CC2)c1,7.48,7.481486060122112,7.481486060122112
O=C(O)Cc1cc(Cl)cc(OCCC2(N3CCCCCC3)CCN(c3nc4ccc(Cl)cc4s3)CC2)c1,7.07,7.0655015487564325,7.0655015487564325
O=C(O)Cc1ccc(Cl)c(OCCC2(C3CCCCC3)CCN(c3nc4ccc(Cl)cc4s3)CC2)c1,7.17,7.173925197299173,7.173925197299173
CCC1(CCOc2cc(CC(=O)O)ccc2Cl)CCN(c2nc3ccc(Cl)cc3s2)CC1,6.80,6.795880017344075,6.795880017344075
O=C(O)Cc1cc(Cl)cc(OCCC2(N3CCCC3)CCN(c3nc4ccc(C(F)(F)F)nc4s3)CC2)c1,7.74,7.744727494896693,7.744727494896693
CC1CCCN1C1(CCOc2cc(Cl)cc(CC(=O)O)c2)CCN(c2nc3ccc(Cl)cc3s2)CC1,7.66,7.657577319177793,7.657577319177793
CCCCC1(CCOc2cc(CC(=O)O)ccc2Cl)CCN(c2nc3ccc(Cl)cc3s2)CC1,7.70,7.698970004336019,7.698970004336019
O=C(O)Cc1cc(Cl)cc(OCCC2(N3CCOCC3)CCN(c3nc4ccc(C(F)(F)F)cc4s3)CC2)c1,6.92,6.920818753952375,6.920818753952375
CC(C)OC(=O)C1=CN(C(=O)c2ccc(F)c(F)c2)CC(C)(C)c2c1[nH]c1ccccc21,6.82,6.818156412055227,6.818156412055227
CC(C)OC(=O)C1=CN(C(=O)c2ccc(F)c(F)c2)CC(C)(C)c2c1[nH]c1ccc(F)cc21,6.95,6.950781977329818,6.950781977329818
CC(C)OC(=O)C1=CN(C(=O)c2ccc(OCCCN3CCOCC3)cc2)CC(C)(C)c2c1[nH]c1ccccc21,6.97,6.96657624451305,6.96657624451305
CC(C)OC(=O)C1=CN(C(=O)c2ccc(OCCN3CCOCC3)cc2)CC(C)(C)c2c1[nH]c1ccccc21,6.72,6.721246399047171,6.721246399047171
CC(C)OC(=O)C1=CN(C(=O)c2ccc(OCCCN3CCOCC3)cc2)CC(C)(C)c2c1[nH]c1cc(F)ccc21,7.28,7.2839966563652,7.2839966563652
CC(C)OC(=O)C1=CN(C(=O)c2ccc(OCCN3CCOCC3)cc2)CC(C)(C)c2c1[nH]c1cc(F)ccc21,6.73,6.72584215073632,6.72584215073632
O=C(O)Cc1ccc(COc2cccc(-c3c(Cc4ccccc4)cnc4c(C(F)(F)F)cccc34)c2)cc1,7.26,7.259637310505756,7.259637310505756
O=C(O)Cc1ccc(CNc2cccc(-c3c(Cc4ccccc4)cnc4c(C(F)(F)F)cccc34)c2)cc1,7.48,7.481486060122112,7.481486060122112
O=S(=O)(c1ccccc1)N(CC(F)(F)F)c1ccc(C(O)(C(F)(F)F)C(F)(F)F)cc1,6.31,6.309803919971486,6.309803919971486
CCCc1cc(C(O)(C(F)(F)F)C(F)(F)F)cc(CCC)c1OCCCCN1C(=O)NC(C)(c2ccc(OC(C)C)cc2)C1=O,5.95,5.950781977329818,5.950781977329818
CCCc1cc(C(O)(C(F)(F)F)C(F)(F)F)ccc1Oc1cccc(CCN2C(=O)NC(C)(c3ccc(OC(C)C)cc3)C2=O)c1,5.54,5.539102157243452,5.539102157243452
CCCc1cc(C(O)(C(F)(F)F)C(F)(F)F)ccc1Oc1ccc(CCN2C(=O)NC(C)(c3ccc(OC(C)C)cc3)C2=O)c(C)c1,5.50,5.503070351926786,5.503070351926786
CCCc1cc(C(O)(C(F)(F)F)C(F)(F)F)cc(CCC)c1OC/C=C/CN1C(=O)NC(C)(c2ccc(OC(C)C)cc2)C1=O,5.91,5.910094888560602,5.910094888560602
CCCc1cc(C(O)(C(F)(F)F)C(F)(F)F)cc(CCC)c1OCC#CCN1C(=O)NC(C)(c2ccc(OC(C)C)cc2)C1=O,6.07,6.065501548756432,6.065501548756432
CCCc1cc(C(O)(C(F)(F)F)C(F)(F)F)ccc1Oc1cccc(CN2C(=O)NC(C)(c3ccc(OC(C)C)cc3)C2=O)c1,5.71,5.707743928643524,5.707743928643524
CCCc1cc(C(O)(C(F)(F)F)C(F)(F)F)ccc1Oc1ccc(C(=O)CN2C(=O)NC(C)(c3ccc(OC(C)C)cc3)C2=O)c(C)c1,6.40,6.3979400086720375,6.3979400086720375
CCCc1cc(C(O)(C(F)(F)F)C(F)(F)F)ccc1Oc1ccc(C(=O)CN2C(=O)NC(C)(c3ccc(OC(C)C)cc3)C2=O)c(OC)c1,5.43,5.427128397799519,5.427128397799519
CCCc1cc(C(O)(C(F)(F)F)C(F)(F)F)ccc1Oc1ccc(C(=O)CN2C(=O)NC(C)(c3ccc(OC(C)C)cc3)C2=O)c(O)c1,6.47,6.468521082957745,6.468521082957745
CCCc1cc(C(O)(C(F)(F)F)C(F)(F)F)ccc1Oc1ccc(C(=O)CN2C(=O)NC(C)(c3ccc(OC(C)C)cn3)C2=O)c(O)c1,6.48,6.481486060122112,6.481486060122112
CCCc1cc(C(O)(C(F)(F)F)C(F)(F)F)ccc1Oc1ccc(C(=O)CN2C(=O)NC(C)(c3ccc(OC(C)C)cc3)C2=O)cc1,6.44,6.443697499232712,6.443697499232712
CCCc1c(OCCCCN2C(=O)NC(C)(c3ccc(OC)cc3)C2=O)ccc2c(C(F)(F)F)cc(=O)oc12,5.85,5.853871964321762,5.853871964321762
CCCc1cc(C(O)(C(F)(F)F)C(F)(F)F)ccc1Oc1ccc(CN2C(=O)NC(C)(c3ccc(OC(C)C)cc3)C2=O)cc1,5.74,5.742321425130816,5.742321425130816
CCCc1cc(C(O)(C(F)(F)F)C(F)(F)F)ccc1Oc1ccc(CCN2C(=O)NC(C)(c3ccc(OC(C)C)cc3)C2=O)cc1,5.73,5.72584215073632,5.72584215073632
CCCc1cc(C(O)(C(F)(F)F)C(F)(F)F)ccc1Oc1ccc(CCN2C(=O)NC(C)(c3ccc(OC(C)C)cc3)C2=O)c(OC)c1,5.78,5.779891911959945,5.779891911959945
CCCc1cc(C(O)(C(F)(F)F)C(F)(F)F)ccc1Oc1ccc(CCN2C(=O)NC(C)(c3ccc(OC(C)C)cc3)C2=O)c(O)c1,5.54,5.542118103266008,5.542118103266008
CCCc1cc(C(O)(C(F)(F)F)C(F)(F)F)ccc1Oc1ccc(C(O)CN2C(=O)NC(C)(c3ccc(OC(C)C)cc3)C2=O)cc1,5.63,5.632644078973981,5.632644078973981
