SMILES,EC50,Unit,Unit_Source,EC50-min,EC50-max
CC(C)C1=C(C(=NO1)C2=C(C=CC=C2Cl)Cl)COC3=CC(=C(C=C3)/C=C/C4=CC(=CC=C4)C(=O)O)Cl,373,nM,original,373.0,373.0
CN1C=C(C2=C1C=C(C=C2)N3CCC(CC3)OCC4=C(ON=C4C5=C(C=CC=C5Cl)Cl)C6CC6)C(=O)O,193,nM,original,193.0,193.0
CC(C)C1=C(C(=NO1)C2=C(C=CC=C2Cl)Cl)COC3=CC(=C(C=C3)/C=C/C4=CC(=CC=C4)C(=O)O)Cl,220,nM,original,220.0,220.0
CN1C=C(C2=C1C=C(C=C2)N3CCC(CC3)OCC4=C(ON=C4C5=C(C=CC=C5Cl)Cl)C6CC6)C(=O)O,121,nM,original,121.0,121.0
C1=CC=C(C=C1)C(CN(CCCOC2=CC=CC(=C2)CC(=O)O)CC3=C(C(=CC=C3)C(F)(F)F)Cl)C4=CC=CC=C4,310,nM,original,310.0,310.0
C1=CC=C(C=C1)S(=O)(=O)N(CC(F)(F)F)C2=CC=C(C=C2)C(C(F)(F)F)(C(F)(F)F)O,170,nM,original,170.0,170.0
C1=CC=C(C=C1)CC2=CN=C3C(=C2C4=CC(=CC=C4)OCC5=CC=C(C=C5)CC(=O)O)C=CC=C3C(F)(F)F,90,nM,original,90.0,90.0
C1=CC=C(C=C1)CC2=CN=C3C(=C2C4=CC(=CC=C4)NCC5=CC=C(C=C5)CC(=O)O)C=CC=C3C(F)(F)F,90,nM,original,90.0,90.0
C1=CC=C(C=C1)CN2C(=C3C=CC=C(C3=N2)C(F)(F)F)C4=CC=CC=C4,3260,nM,original,3260.0,3260.0
CC1=CC(=C(C=C1)CN2C(=C3C=CC=C(C3=N2)C(F)(F)F)C4=CC=C(C=C4)F)C,990,nM,original,990.0,990.0
C1=CC2=C(N(N=C2C(=C1)C(F)(F)F)CC3=C(C=C(C=C3)F)Cl)C4=CC=C(C=C4)F,3670,nM,original,3670.0,3670.0
C1=CC=C(C(=C1)CN2C(=C3C=CC=C(C3=N2)C(F)(F)F)C4=CC=C(C=C4)F)F,4150,nM,original,4150.0,4150.0
C1=CC=C(C(=C1)CN2C(=C3C=CC=C(C3=N2)C(F)(F)F)C4=CC=C(C=C4)F)Cl,2890,nM,original,2890.0,2890.0
C1=CC2=C(N(N=C2C(=C1)C(F)(F)F)CC3=CC=C(C=C3)F)C4=CC=C(C=C4)F,5720,nM,original,5720.0,5720.0
C1=CC2=C(N(N=C2C(=C1)C(F)(F)F)CC3=CC=C(C=C3)Cl)C4=CC=C(C=C4)F,9050,nM,original,9050.0,9050.0
C1=CC2=C(N(N=C2C(=C1)C(F)(F)F)CC3=C(C=C(C=C3)Cl)F)C4=CC=C(C=C4)Cl,9800,nM,original,9800.0,9800.0
C1=CC2=C(N(N=C2C(=C1)C(F)(F)F)CC3=C(C=C(C=C3)F)Cl)C4=CC=C(C=C4)Cl,11220,nM,original,11220.0,11220.0
C1=CC=C(C(=C1)CN2C(=C3C=CC=C(C3=N2)C(F)(F)F)C4=CC=C(C=C4)Cl)Cl,10200,nM,original,10200.0,10200.0
C1=CC=C(C(=C1)CN2C(=C3C=CC=C(C3=N2)C(F)(F)F)C4=CC=C(C=C4)Cl)F,7440,nM,original,7440.0,7440.0
C1=CC=C(C(=C1)CN2C(=C3C=CC=C(C3=N2)C(F)(F)F)C4=CC=C(C=C4)Cl)C(F)(F)F,15460,nM,original,15460.0,15460.0
C1=CC=C(C=C1)C(CN(CCCOC2=CC=CC(=C2)CC(=O)O)CC3=C(C(=CC=C3)C(F)(F)F)Cl)C4=CC=CC=C4,660,nM,original,660.0,660.0
C1=CC=C(C=C1)S(=O)(=O)N(CC(F)(F)F)C2=CC=C(C=C2)C(C(F)(F)F)(C(F)(F)F)O,140,nM,original,140.0,140.0
C1=CC=C(C=C1)CC2=CN=C3C(=C2C4=CC(=CC=C4)OCC5=CC=C(C=C5)CC(=O)O)C=CC=C3C(F)(F)F,240,nM,original,240.0,240.0
C1=CC=C(C=C1)CC2=CN=C3C(=C2C4=CC(=CC=C4)NCC5=CC=C(C=C5)CC(=O)O)C=CC=C3C(F)(F)F,160,nM,original,160.0,160.0
C1=CC=C(C=C1)CN2C(=C3C=CC=C(C3=N2)C(F)(F)F)C4=CC=CC=C4,4270,nM,original,4270.0,4270.0
CC1=CC(=C(C=C1)CN2C(=C3C=CC=C(C3=N2)C(F)(F)F)C4=CC=C(C=C4)F)C,1810,nM,original,1810.0,1810.0
C1=CC2=C(N(N=C2C(=C1)C(F)(F)F)CC3=C(C=C(C=C3)F)Cl)C4=CC=C(C=C4)F,6660,nM,original,6660.0,6660.0
C1=CC=C(C(=C1)CN2C(=C3C=CC=C(C3=N2)C(F)(F)F)C4=CC=C(C=C4)F)F,6100,nM,original,6100.0,6100.0
C1=CC=C(C(=C1)CN2C(=C3C=CC=C(C3=N2)C(F)(F)F)C4=CC=C(C=C4)F)Cl,5020,nM,original,5020.0,5020.0
C1=CC2=C(N(N=C2C(=C1)C(F)(F)F)CC3=CC=C(C=C3)F)C4=CC=C(C=C4)F,8400,nM,original,8400.0,8400.0
C1=CC2=C(N(N=C2C(=C1)C(F)(F)F)CC3=CC=C(C=C3)Cl)C4=CC=C(C=C4)F,12770,nM,original,12770.0,12770.0
C1=CC2=C(N(N=C2C(=C1)C(F)(F)F)CC3=C(C=C(C=C3)Cl)F)C4=CC=C(C=C4)Cl,13280,nM,original,13280.0,13280.0
C1=CC2=C(N(N=C2C(=C1)C(F)(F)F)CC3=C(C=C(C=C3)F)Cl)C4=CC=C(C=C4)Cl,14400,nM,original,14400.0,14400.0
C1=CC=C(C(=C1)CN2C(=C3C=CC=C(C3=N2)C(F)(F)F)C4=CC=C(C=C4)Cl)Cl,15210,nM,original,15210.0,15210.0
C1=CC=C(C(=C1)CN2C(=C3C=CC=C(C3=N2)C(F)(F)F)C4=CC=C(C=C4)Cl)F,13440,nM,original,13440.0,13440.0
C1=CC=C(C(=C1)CN2C(=C3C=CC=C(C3=N2)C(F)(F)F)C4=CC=C(C=C4)Cl)C(F)(F)F,15830,nM,original,15830.0,15830.0
C1=CC=C(C=C1)C(CN(CCCOC2=CC=CC(=C2)CC(=O)O)CC3=C(C(=CC=C3)C(F)(F)F)Cl)C4=CC=CC=C4,434,nM,original,434.0,434.0
C1=CC=C(C=C1)S(=O)(=O)N(CC(F)(F)F)C2=CC=C(C=C2)C(C(F)(F)F)(C(F)(F)F)O,44,nM,original,44.0,44.0
C1=CC=C(C=C1)CC2=CN=C3C(=C2C4=CC(=CC=C4)OCC5=CC=C(C=C5)CC(=O)O)C=CC=C3C(F)(F)F,84,nM,original,84.0,84.0
C1=CC2=C(N(N=C2C(=C1)C(F)(F)F)CC3=C(C=C(C=C3)F)Cl)C4=CC=C(C=C4)F,541,nM,original,541.0,541.0
C1=CC=C(C(=C1)CN2C(=C3C=CC=C(C3=N2)C(F)(F)F)C4=CC=C(C=C4)F)F,551,nM,original,551.0,551.0
C1=CC=C(C=C1)S(=O)(=O)N(CC(F)(F)F)C2=CC=C(C=C2)C(C(F)(F)F)(C(F)(F)F)O,53,nM,original,53.0,53.0
CS(=O)(=O)C1=CC(=CC(=C1)OC2=CC=CC(=C2)C3=C4C=CC=C(C4=NC=C3C(=O)N)C(F)(F)F)Cl,10900,nM,original,10900.0,10900.0
CC1=NC2=C(C=CC=C2N=C1C3=CC=C(C=C3)C4=CC(=CC=C4)S(=O)(=O)C)C(F)(F)F,1700,nM,original,1700.0,1700.0
C1=CC=C(C=C1)C(CN(CCCOC2=CC=CC(=C2)CC(=O)O)CC3=C(C(=CC=C3)C(F)(F)F)Cl)C4=CC=CC=C4,31,nM,original,31.0,31.0
C1=CC=C(C=C1)S(=O)(=O)N(CC(F)(F)F)C2=CC=C(C=C2)C(C(F)(F)F)(C(F)(F)F)O,3,nM,original,3.0,3.0
C1=CC=C(C=C1)CC2=CN=C3C(=C2C4=CC(=CC=C4)OCC5=CC=C(C=C5)CC(=O)O)C=CC=C3C(F)(F)F,6,nM,original,6.0,6.0
C1=CC2=C(N(N=C2C(=C1)C(F)(F)F)CC3=C(C=C(C=C3)F)Cl)C4=CC=C(C=C4)F,1275,nM,original,1275.0,1275.0
C1=CC=C(C(=C1)CN2C(=C3C=CC=C(C3=N2)C(F)(F)F)C4=CC=C(C=C4)F)F,549,nM,original,549.0,549.0
C1=CC=C(C=C1)S(=O)(=O)N(CC(F)(F)F)C2=CC=C(C=C2)C(C(F)(F)F)(C(F)(F)F)O,19,nM,original,19.0,19.0
CS(=O)(=O)C1=CC(=CC(=C1)OC2=CC=CC(=C2)C3=C4C=CC=C(C4=NC=C3C(=O)N)C(F)(F)F)Cl,460,nM,original,460.0,460.0
CC1=NC2=C(C=CC=C2N=C1C3=CC=C(C=C3)C4=CC(=CC=C4)S(=O)(=O)C)C(F)(F)F,580,nM,original,580.0,580.0
C1=CC=C(C=C1)S(=O)(=O)N(CC(F)(F)F)C2=CC=C(C=C2)C(C(F)(F)F)(C(F)(F)F)O,140,nM,original,140.0,140.0
CS(=O)(=O)C1=CC(=CC(=C1)OC2=CC=CC(=C2)C3=C4C=CC=C(C4=NC=C3C(=O)N)C(F)(F)F)Cl,3180,nM,original,3180.0,3180.0
CCC1=NC2=C(C=CC=C2N=C1C3=CC=C(C=C3)C4=CC(=CC=C4)S(=O)(=O)C)C(F)(F)F,350,nM,original,350.0,350.0
CC1=C(N=C2C=CC=C(C2=N1)Cl)C3=CC=C(C=C3)C4=CC(=CC=C4)S(=O)(=O)C,380,nM,original,380.0,380.0
C1=CC=C(C=C1)C(CN(CCCOC2=CC=CC(=C2)CC(=O)O)CC3=C(C(=CC=C3)C(F)(F)F)Cl)C4=CC=CC=C4,2002,nM,original,2002.0,2002.0
C1=CC=C(C=C1)S(=O)(=O)N(CC(F)(F)F)C2=CC=C(C=C2)C(C(F)(F)F)(C(F)(F)F)O,137,nM,original,137.0,137.0
C1=CC=C(C=C1)CC2=CN=C3C(=C2C4=CC(=CC=C4)OCC5=CC=C(C=C5)CC(=O)O)C=CC=C3C(F)(F)F,223,nM,original,223.0,223.0
C1=CC2=C(N(N=C2C(=C1)C(F)(F)F)CC3=C(C=C(C=C3)F)Cl)C4=CC=C(C=C4)F,1911,nM,original,1911.0,1911.0
C1=CC=C(C(=C1)CN2C(=C3C=CC=C(C3=N2)C(F)(F)F)C4=CC=C(C=C4)F)F,998,nM,original,998.0,998.0
C1=CC=C(C=C1)S(=O)(=O)N(CC(F)(F)F)C2=CC=C(C=C2)C(C(F)(F)F)(C(F)(F)F)O,44,nM,original,44.0,44.0
CS(=O)(=O)C1=CC(=CC(=C1)OC2=CC=CC(=C2)C3=C4C=CC=C(C4=NC=C3C(=O)N)C(F)(F)F)Cl,1890,nM,original,1890.0,1890.0
CC1=NC2=C(C=CC=C2N=C1C3=CC=C(C=C3)C4=CC(=CC=C4)S(=O)(=O)C)C(F)(F)F,1090,nM,original,1090.0,1090.0
CC1=NC2=C(C=CC=C2N=C1C3=CC=C(C=C3)C4=CC(=CC=C4)S(=O)(=O)NC)C(F)(F)F,1470,nM,original,1470.0,1470.0
CCC1=NC2=C(C=CC=C2N=C1C3=CC=C(C=C3)C4=CC(=CC=C4)S(=O)(=O)C)C(F)(F)F,900,nM,original,900.0,900.0
CC1=C(N=C2C=CC=C(C2=N1)Cl)C3=CC=C(C=C3)C4=CC(=CC=C4)S(=O)(=O)C,290,nM,original,290.0,290.0
C1=CC=C(C=C1)S(=O)(=O)N(CC(F)(F)F)C2=CC=C(C=C2)C(C(F)(F)F)(C(F)(F)F)O,140,nM,original,140.0,140.0
CS(=O)(=O)C1=CC(=CC(=C1)OC2=CC=CC(=C2)C3=C4C=CC=C(C4=NC=C3C(=O)N)C(F)(F)F)Cl,5100,nM,original,5100.0,5100.0
CC1=NC2=C(C=CC=C2N=C1C3=CC=C(C=C3)C4=CC(=CC=C4)S(=O)(=O)C)C(F)(F)F,>1000,nM,original,1000.0,2000.0
CCC1=NC2=C(C=CC=C2N=C1C3=CC=C(C=C3)C4=CC(=CC=C4)S(=O)(=O)C)C(F)(F)F,3590,nM,original,3590.0,3590.0
C1=CC=C(C=C1)C(CN(CCCOC2=CC=CC(=C2)CC(=O)O)CC3=C(C(=CC=C3)C(F)(F)F)Cl)C4=CC=CC=C4,210,nM,original,210.0,210.0
C1=CC=C(C=C1)S(=O)(=O)N(CC(F)(F)F)C2=CC=C(C=C2)C(C(F)(F)F)(C(F)(F)F)O,61,nM,original,61.0,61.0
C1=CC=C(C=C1)CC2=CN=C3C(=C2C4=CC(=CC=C4)OCC5=CC=C(C=C5)CC(=O)O)C=CC=C3C(F)(F)F,120,nM,original,120.0,120.0
C1=CC2=C(N(N=C2C(=C1)C(F)(F)F)CC3=C(C=C(C=C3)F)Cl)C4=CC=C(C=C4)F,2114,nM,original,2114.0,2114.0
C1=CC=C(C(=C1)CN2C(=C3C=CC=C(C3=N2)C(F)(F)F)C4=CC=C(C=C4)F)F,1222,nM,original,1222.0,1222.0
C1=CC=C(C=C1)S(=O)(=O)N(CC(F)(F)F)C2=CC=C(C=C2)C(C(F)(F)F)(C(F)(F)F)O,170,nM,original,170.0,170.0
CS(=O)(=O)C1=CC(=CC(=C1)OC2=CC=CC(=C2)C3=C4C=CC=C(C4=NC=C3C(=O)N)C(F)(F)F)Cl,1700,nM,original,1700.0,1700.0
CC1=NC2=C(C=CC=C2N=C1C3=CC=C(C=C3)C4=CC(=CC=C4)S(=O)(=O)C)C(F)(F)F,>1000,nM,original,1000.0,2000.0
CCC1=NC2=C(C=CC=C2N=C1C3=CC=C(C=C3)C4=CC(=CC=C4)S(=O)(=O)C)C(F)(F)F,2020,nM,original,2020.0,2020.0
CC1=C(N=C2C=CC=C(C2=N1)Cl)C3=CC=C(C=C3)C4=CC(=CC=C4)S(=O)(=O)C,860,nM,original,860.0,860.0
CC1=NC2=C(C=CC=C2N=C1C3=CC=C(C=C3)C4=CC(=CC=C4)S(=O)(=O)C)C(F)(F)F,72,nM,original,72.0,72.0
CC1=C(C=CC(=C1)SCC2=C(N=C(S2)C3=CC=C(C=C3)C(F)(F)F)C)OCC(=O)O,9.5,nM,original,9.5,9.5
C1CN(CCC1CCOC2=C(C=CC(=C2)CC(=O)O)Cl)C3=NC4=C(S3)C=C(C=C4)Cl,19,nM,original,19.0,19.0
C1CCN(C1)C2(CCN(CC2)C3=NC4=C(S3)N=C(C=C4)C(F)(F)F)CCOC5=C(C=CC(=C5)CC(=O)O)Cl,22,nM,original,22.0,22.0
C1CC(=O)N(C1)C2(CCN(CC2)C3=NC4=C(S3)C=C(C=C4)C(F)(F)F)CCOC5=CC(=CC(=C5)CC(=O)O)Cl,150,nM,original,150.0,150.0
CC(C)C1(CCN(CC1)C2=NC3=C(S2)C=C(C=C3)Cl)CCOC4=C(C=CC(=C4)CC(=O)O)Cl,7.5,nM,original,7.5,7.5
C1CCN(C1)C2(CCN(CC2)C3=NC4=C(S3)C=C(C=C4)C(F)(F)F)CCOC5=CC(=CC(=C5)CC(=O)O)Cl,9.3,nM,original,9.3,9.3
CC1=C(C=C(C=C1)CC(=O)O)OCCC2(CCN(CC2)C3=NC4=C(S3)C=C(C=C4)Cl)N5CCCC5,6.2,nM,original,6.2,6.2
CN(C)C1(CCN(CC1)C2=NC3=C(S2)C=C(C=C3)Cl)CCOC4=CC(=CC(=C4)CC(=O)O)Cl,30,nM,original,30.0,30.0
CC1=CC(=CC(=C1)OCCC2(CCN(CC2)C3=NC4=C(S3)C=C(C=C4)Cl)N5CCCC5)CC(=O)O,9.1,nM,original,9.1,9.1
C1CCC(C1)C2(CCN(CC2)C3=NC4=C(S3)C=C(C=C4)Cl)CCOC5=CC(=CC(=C5)CC(=O)O)Cl,7.1,nM,original,7.1,7.1
C1CCC(CC1)C2(CCN(CC2)C3=NC4=C(S3)C=C(C=C4)Cl)CCOC5=CC(=CC(=C5)CC(=O)O)Cl,11,nM,original,11.0,11.0
CCC(C)C1(CCN(CC1)C2=NC3=C(S2)C=C(C=C3)Cl)CCOC4=CC(=CC(=C4)CC(=O)O)Cl,4.5,nM,original,4.5,4.5
CC(C)CC1(CCN(CC1)C2=NC3=C(S2)C=C(C=C3)Cl)CCOC4=CC(=CC(=C4)CC(=O)O)Cl,5.9,nM,original,5.9,5.9
C1CCN(CC1)C2(CCN(CC2)C3=NC4=C(S3)C=C(C=C4)Cl)CCOC5=CC(=CC(=C5)CC(=O)O)Cl,15,nM,original,15.0,15.0
CCCC1(CCN(CC1)C2=NC3=C(S2)C=C(C=C3)Cl)CCOC4=C(C=CC(=C4)CC(=O)O)Cl,9.2,nM,original,9.2,9.2
C1CCN(C1)C2(CCN(CC2)C3=NC4=C(S3)C=C(C=C4)Cl)CCOC5=CC(=CC(=C5)CC(=O)O)Cl,10,nM,original,10.0,10.0
C1CCCN(CC1)C2(CCN(CC2)C3=NC4=C(S3)C=C(C=C4)Cl)CCOC5=CC(=CC(=C5)CC(=O)O)Cl,22,nM,original,22.0,22.0
C1CCC(CC1)C2(CCN(CC2)C3=NC4=C(S3)C=C(C=C4)Cl)CCOC5=C(C=CC(=C5)CC(=O)O)Cl,20,nM,original,20.0,20.0
CCC1(CCN(CC1)C2=NC3=C(S2)C=C(C=C3)Cl)CCOC4=C(C=CC(=C4)CC(=O)O)Cl,13,nM,original,13.0,13.0
C1CCN(C1)C2(CCN(CC2)C3=NC4=C(S3)N=C(C=C4)C(F)(F)F)CCOC5=CC(=CC(=C5)CC(=O)O)Cl,3.6,nM,original,3.6,3.6
CC1CCCN1C2(CCN(CC2)C3=NC4=C(S3)C=C(C=C4)Cl)CCOC5=CC(=CC(=C5)CC(=O)O)Cl,9.7,nM,original,9.7,9.7
CCCCC1(CCN(CC1)C2=NC3=C(S2)C=C(C=C3)Cl)CCOC4=C(C=CC(=C4)CC(=O)O)Cl,8.4,nM,original,8.4,8.4
C1CN(CCC1(CCOC2=CC(=CC(=C2)CC(=O)O)Cl)N3CCOCC3)C4=NC5=C(S4)C=C(C=C5)C(F)(F)F,22,nM,original,22.0,22.0
CC1=C(C=CC(=C1)SCC2=C(N=C(S2)C3=CC=C(C=C3)C(F)(F)F)C)OCC(=O)O,2200,nM,original,2200.0,2200.0
C1CN(CCC1CCOC2=C(C=CC(=C2)CC(=O)O)Cl)C3=NC4=C(S3)C=C(C=C4)Cl,603,nM,original,603.0,603.0
C1CCN(C1)C2(CCN(CC2)C3=NC4=C(S3)N=C(C=C4)C(F)(F)F)CCOC5=C(C=CC(=C5)CC(=O)O)Cl,6400,nM,original,6400.0,6400.0
CC(C)C1(CCN(CC1)C2=NC3=C(S2)C=C(C=C3)Cl)CCOC4=C(C=CC(=C4)CC(=O)O)Cl,270,nM,original,270.0,270.0
C1CCN(C1)C2(CCN(CC2)C3=NC4=C(S3)C=C(C=C4)C(F)(F)F)CCOC5=CC(=CC(=C5)CC(=O)O)Cl,550,nM,original,550.0,550.0
CCC1(CCN(CC1)C2=NC3=C(S2)C=C(C=C3)Cl)CCOC4=C(C=CC(=C4)CC(=O)O)Cl,900,nM,original,900.0,900.0
C1CCN(C1)C2(CCN(CC2)C3=NC4=C(S3)N=C(C=C4)C(F)(F)F)CCOC5=CC(=CC(=C5)CC(=O)O)Cl,4300,nM,original,4300.0,4300.0
CCCCC1(CCN(CC1)C2=NC3=C(S2)C=C(C=C3)Cl)CCOC4=C(C=CC(=C4)CC(=O)O)Cl,770,nM,original,770.0,770.0
CC1=C(C=CC(=C1)SCC2=C(N=C(S2)C3=CC=C(C=C3)C(F)(F)F)C)OCC(=O)O,4400,nM,original,4400.0,4400.0
C1CN(CCC1CCOC2=C(C=CC(=C2)CC(=O)O)Cl)C3=NC4=C(S3)C=C(C=C4)Cl,987,nM,original,987.0,987.0
C1CCN(C1)C2(CCN(CC2)C3=NC4=C(S3)N=C(C=C4)C(F)(F)F)CCOC5=C(C=CC(=C5)CC(=O)O)Cl,3500,nM,original,3500.0,3500.0
CC(C)C1(CCN(CC1)C2=NC3=C(S2)C=C(C=C3)Cl)CCOC4=C(C=CC(=C4)CC(=O)O)Cl,690,nM,original,690.0,690.0
C1CCN(C1)C2(CCN(CC2)C3=NC4=C(S3)C=C(C=C4)C(F)(F)F)CCOC5=CC(=CC(=C5)CC(=O)O)Cl,1700,nM,original,1700.0,1700.0
CC1=C(C=C(C=C1)CC(=O)O)OCCC2(CCN(CC2)C3=NC4=C(S3)C=C(C=C4)Cl)N5CCCC5,1600,nM,original,1600.0,1600.0
CC1=CC(=CC(=C1)OCCC2(CCN(CC2)C3=NC4=C(S3)C=C(C=C4)Cl)N5CCCC5)CC(=O)O,1500,nM,original,1500.0,1500.0
C1CCC(C1)C2(CCN(CC2)C3=NC4=C(S3)C=C(C=C4)Cl)CCOC5=CC(=CC(=C5)CC(=O)O)Cl,220,nM,original,220.0,220.0
CCC(C)C1(CCN(CC1)C2=NC3=C(S2)C=C(C=C3)Cl)CCOC4=CC(=CC(=C4)CC(=O)O)Cl,230,nM,original,230.0,230.0
CC(C)CC1(CCN(CC1)C2=NC3=C(S2)C=C(C=C3)Cl)CCOC4=CC(=CC(=C4)CC(=O)O)Cl,460,nM,original,460.0,460.0
C1CCN(CC1)C2(CCN(CC2)C3=NC4=C(S3)C=C(C=C4)Cl)CCOC5=CC(=CC(=C5)CC(=O)O)Cl,1000,nM,original,1000.0,1000.0
CCCC1(CCN(CC1)C2=NC3=C(S2)C=C(C=C3)Cl)CCOC4=C(C=CC(=C4)CC(=O)O)Cl,880,nM,original,880.0,880.0
C1CCN(C1)C2(CCN(CC2)C3=NC4=C(S3)C=C(C=C4)Cl)CCOC5=CC(=CC(=C5)CC(=O)O)Cl,1200,nM,original,1200.0,1200.0
CCC1(CCN(CC1)C2=NC3=C(S2)C=C(C=C3)Cl)CCOC4=C(C=CC(=C4)CC(=O)O)Cl,770,nM,original,770.0,770.0
C1CCN(C1)C2(CCN(CC2)C3=NC4=C(S3)N=C(C=C4)C(F)(F)F)CCOC5=CC(=CC(=C5)CC(=O)O)Cl,3500,nM,original,3500.0,3500.0
CCCCC1(CCN(CC1)C2=NC3=C(S2)C=C(C=C3)Cl)CCOC4=C(C=CC(=C4)CC(=O)O)Cl,660,nM,original,660.0,660.0
CC(C)OC(=O)C1=CN(CC(C2=C1NC3=CC=CC=C32)(C)C)C(=O)C4=CC(=C(C=C4)F)F,15,nM,original,15.0,15.0
CC(C)OC(=O)C1=CN(CC(C2=C1NC3=C2C=C(C=C3)F)(C)C)C(=O)C4=CC(=C(C=C4)F)F,45,nM,original,45.0,45.0
CC(C)OC(=O)C1=CN(CC(C2=C1NC3=CC=CC=C32)(C)C)C(=O)C4=CC=CC(=C4)CN5CCOCC5,1579,nM,original,1579.0,1579.0
CC(C)OC(=O)C1=CN(CC(C2=C1NC3=CC=CC=C32)(C)C)C(=O)C4=CC=CC(=C4)CN5CCN(CC5)C,368,nM,original,368.0,368.0
CC(C)OC(=O)C1=CN(CC(C2=C1NC3=CC=CC=C32)(C)C)C(=O)C4=CC=CC(=C4)CN5CCCCC5,534,nM,original,534.0,534.0
CC(C)OC(=O)C1=CN(CC(C2=C1NC3=CC=CC=C32)(C)C)C(=O)C4=CC=CC(=C4)CN5CCCC5,340,nM,original,340.0,340.0
CC(C)OC(=O)C1=CN(CC(C2=C1NC3=CC=CC=C32)(C)C)C(=O)C4=CC=C(C=C4)CN5CCOCC5,23,nM,original,23.0,23.0
CC(C)OC(=O)C1=CN(CC(C2=C1NC3=C2C=CC(=C3)F)(C)C)C(=O)C4=CC=C(C=C4)CN5CCOCC5,447,nM,original,447.0,447.0
CC(C)OC(=O)C1=CN(CC(C2=C1NC3=CC=CC=C32)(C)C)C(=O)C4=CC=C(C=C4)CCN5CCOCC5,602,nM,original,602.0,602.0
CC(C)OC(=O)C1=CN(CC(C2=C1NC3=C2C=CC(=C3)F)(C)C)C(=O)C4=CC=C(C=C4)CCN5CCOCC5,342,nM,original,342.0,342.0
CC(C)OC(=O)C1=CN(CC(C2=C1NC3=CC=CC=C32)(C)C)C(=O)C4=CC=C(C=C4)OCCCN5CCOCC5,101,nM,original,101.0,101.0
CC(C)OC(=O)C1=CN(CC(C2=C1NC3=CC=CC=C32)(C)C)C(=O)C4=CC=C(C=C4)OCCN5CCCCC5,1066,nM,original,1066.0,1066.0
CC(C)OC(=O)C1=CN(CC(C2=C1NC3=CC=CC=C32)(C)C)C(=O)C4=CC=C(C=C4)OCCN(C)C,439,nM,original,439.0,439.0
CC(C)OC(=O)C1=CN(CC(C2=C1NC3=CC=CC=C32)(C)C)C(=O)C4=CC=C(C=C4)OCCN5CCCC5,698,nM,original,698.0,698.0
CC(C)OC(=O)C1=CN(CC(C2=C1NC3=CC=CC=C32)(C)C)C(=O)C4=CC=C(C=C4)OCCN5CCOCC5,249,nM,original,249.0,249.0
CC(C)OC(=O)C1=CN(CC(C2=C1NC3=CC=CC=C32)(C)C)C(=O)C4=CC=C(C=C4)OCCN5CCN(CC5)C,287,nM,original,287.0,287.0
CC(C)OC(=O)C1=CN(CC(C2=C1NC3=CC=CC=C32)(C)C)C(=O)C4=CC=C(C=C4)OCCCN(C)C,271,nM,original,271.0,271.0
CC(C)OC(=O)C1=CN(CC(C2=C1NC3=CC=CC=C32)(C)C)C(=O)C4=CC=C(C=C4)OCCCN5CCCC5,362,nM,original,362.0,362.0
CC(C)OC(=O)C1=CN(CC(C2=C1NC3=CC=CC=C32)(C)C)C(=O)C4=CC=C(C=C4)OCCCN5CCCCC5,424,nM,original,424.0,424.0
CC(C)OC(=O)C1=CN(CC(C2=C1NC3=CC=CC=C32)(C)C)C(=O)C4=CC=C(C=C4)OCCCN5CCN(CC5)C,194,nM,original,194.0,194.0
CC(C)OC(=O)C1=CN(CC(C2=C1NC3=CC=CC=C32)(C)C)C(=O)C4=CC(=CC=C4)OCCN(C)C,1386,nM,original,1386.0,1386.0
CC(C)OC(=O)C1=CN(CC(C2=C1NC3=CC=CC=C32)(C)C)C(=O)C4=CC(=CC=C4)OCCN5CCCC5,1317,nM,original,1317.0,1317.0
CC(C)OC(=O)C1=CN(CC(C2=C1NC3=CC=CC=C32)(C)C)C(=O)C4=CC(=CC=C4)OCCN5CCCCC5,894,nM,original,894.0,894.0
CC(C)OC(=O)C1=CN(CC(C2=C1NC3=CC=CC=C32)(C)C)C(=O)C4=CC(=CC=C4)OCCN5CCOCC5,855,nM,original,855.0,855.0
CC(C)OC(=O)C1=CN(CC(C2=C1NC3=CC=CC=C32)(C)C)C(=O)C4=CC(=CC=C4)OCCN5CCN(CC5)C,2870,nM,original,2870.0,2870.0
CC(C)OC(=O)C1=CN(CC(C2=C1NC3=CC=CC=C32)(C)C)C(=O)C4=CC(=CC=C4)OCCCN(C)C,617,nM,original,617.0,617.0
CC(C)OC(=O)C1=CN(CC(C2=C1NC3=CC=CC=C32)(C)C)C(=O)C4=CC(=CC=C4)OCCCN5CCCC5,1603,nM,original,1603.0,1603.0
CC(C)OC(=O)C1=CN(CC(C2=C1NC3=CC=CC=C32)(C)C)C(=O)C4=CC(=CC=C4)OCCCN5CCCCC5,1121,nM,original,1121.0,1121.0
CC(C)OC(=O)C1=CN(CC(C2=C1NC3=CC=CC=C32)(C)C)C(=O)C4=CC(=CC=C4)OCCCN5CCOCC5,796,nM,original,796.0,796.0
CC(C)OC(=O)C1=CN(CC(C2=C1NC3=CC=CC=C32)(C)C)C(=O)C4=CC(=CC=C4)OCCCN5CCN(CC5)C,1023,nM,original,1023.0,1023.0
CC(C)OC(=O)C1=CN(CC(C2=C1NC3=C2C=CC(=C3)F)(C)C)C(=O)C4=CC=C(C=C4)OCCCN5CCOCC5,88,nM,original,88.0,88.0
CC(C)OC(=O)C1=CN(CC(C2=C1NC3=C2C=CC(=C3)F)(C)C)C(=O)C4=CC=C(C=C4)OCCN5CCOCC5,99,nM,original,99.0,99.0
CN1[C@H]2CC[C@@H](O[C@H]2COC3=C(C1=O)C=C(C=C3)NC(=O)C4=CC=C(C=C4)C(F)(F)F)CC(=O)NC5CC6=CC=CC=C6C5,2030,nM,original,2030.0,2030.0
CN1[C@H]2CC[C@@H](O[C@@H]2COC3=C(C1=O)C=C(C=C3)NC(=O)C4=CC=C(C=C4)C(F)(F)F)CC(=O)NC5CC6=CC=CC=C6C5,>25000,nM,original,25000.0,50000.0
CN1[C@H]2CC[C@H](O[C@H]2COC3=C(C1=O)C=C(C=C3)NC(=O)C4=CC=C(C=C4)C(F)(F)F)CC(=O)NC5CC6=CC=CC=C6C5,230,nM,original,230.0,230.0
CCOC(=O)C1=CN(CCC2=C1NC3=CC=CC=C23)C(=O)C4=CC=C(C=C4)F,600,nM,original,600.0,600.0
CC(C)OC(=O)C1=CN(CCC2=C1NC3=CC=CC=C23)C(=O)C4=CC=C(C=C4)F,500,nM,original,500.0,500.0
CCCOC(=O)C1=CN(CCC2=C1NC3=CC=CC=C23)C(=O)C4=CC=C(C=C4)F,500,nM,original,500.0,500.0
CCCCOC(=O)C1=CN(CCC2=C1NC3=CC=CC=C23)C(=O)C4=CC=C(C=C4)F,1100,nM,original,1100.0,1100.0
CCOC(=O)C1=CN(CC(C2=C1NC3=CC=CC=C32)C)C(=O)C4=CC=C(C=C4)F,57,nM,original,57.0,57.0
CCOC(=O)C1=CN(CC(C2=C1NC3=CC=CC=C32)C)C(=O)C4=CC=C(C=C4)Cl,73,nM,original,73.0,73.0
CCOC(=O)C1=CN(CC(C2=C1NC3=CC=CC=C32)C)C(=O)C4=CC=C(C=C4)OC,60,nM,original,60.0,60.0
CCOC(=O)C1=CN(CC(C2=C1NC3=CC=CC=C32)C)C(=O)C4=CC(=C(C=C4)F)F,32,nM,original,32.0,32.0
CCOC(=O)C1=CN(CC(C2=C1NC3=CC=CC=C32)(C)C)C(=O)C4=CC=C(C=C4)F,22,nM,original,22.0,22.0
CCOC(=O)C1=CN(CC(C2=C1NC3=CC=CC=C32)(C)C)C(=O)C4=CC(=C(C=C4)F)F,12,nM,original,12.0,12.0
CCOC(=O)C1=CN(CC(C2=C1NC3=CC=CC=C32)(C)C)C(=O)C4=CC=C(C=C4)Cl,25,nM,original,25.0,25.0
CCOC(=O)C1=CN(CC(C2=C1NC3=CC=CC=C32)(C)C)C(=O)C4=CC=C(C=C4)OC,29,nM,original,29.0,29.0
CC(C)OC(=O)C1=CN(CC(C2=C1NC3=CC=CC=C32)(C)C)C(=O)C4=CC=C(C=C4)F,8,nM,original,8.0,8.0
CC(C)OC(=O)C1=CN(CC(C2=C1NC3=CC=CC=C32)(C)C)C(=O)C4=CC(=C(C=C4)F)F,4,nM,original,4.0,4.0
CC(C)OC(=O)C1=CN(CC(C2=C1NC3=CC=CC=C32)(C)C)C(=O)C4=CC(=C(C=C4)F)F,17,nM,original,17.0,17.0
CC(C)OC(=O)C1=CN(CC(C2=C1NC3=CC=CC=C32)(C)C)C(=O)C4=CC(=C(C=C4)F)F,230,nM,original,230.0,230.0
CN1C=NC=C1C2=NC=C(N2C)C3=NC=C(N3C)C4=NC=C(N4C)C5=CC=CC=C5,6000,nM,original,6000.0,6000.0
CC(C)(C)CC(=O)NC[C@@H]1CC[C@H]2[C@@H](O1)COC3=C(C=C(C=C3)NC(=O)C4=CC=C(C=C4)C(F)(F)F)C(=O)N2C,720,nM,original,720.0,720.0
CN1[C@H]2CC[C@H](O[C@H]2COC3=C(C1=O)C=C(C=C3)NC(=O)C4=CC=C(C=C4)C(F)(F)F)CC(=O)NC5CC6=CC=CC=C6C5,430,nM,original,430.0,430.0
CN1[C@H]2CC[C@H](O[C@H]2COC3=C(C1=O)C=C(C=C3)NC(=O)C4=CC=C(C=C4)C(F)(F)F)CNC5=NN=C(O5)C6CCC6,320,nM,original,320.0,320.0
CN1[C@H]2CC[C@H](O[C@H]2COC3=C(C1=O)C=C(C=C3)NC(=O)C4=CC=C(C=C4)C(F)(F)F)CNC(=O)[C@@H]5CCCO5,1100,nM,original,1100.0,1100.0
CC(C)COC(=O)NC[C@@H]1CC[C@H]2[C@@H](O1)COC3=C(C=C(C=C3)NC(=O)C4=CC=C(C=C4)C(F)(F)F)C(=O)N2C,80,nM,original,80.0,80.0
C1=CC=C(C=C1)C(CN(CCCOC2=CC=CC(=C2)CC(=O)O)CC3=C(C(=CC=C3)C(F)(F)F)Cl)C4=CC=CC=C4,410,nM,original,410.0,410.0
C1=CC=C(C=C1)S(=O)(=O)N(CC(F)(F)F)C2=CC=C(C=C2)C(C(F)(F)F)(C(F)(F)F)O,16,nM,original,16.0,16.0
C1=CC=C(C=C1)C(=O)C2=CN=C3C(=C2C4=CC(=CC=C4)OCC5=CC=C(C=C5)C(=O)O)C=CC=C3C(F)(F)F,186,nM,original,186.0,186.0
C1=CC=C(C=C1)CC2=CN=C3C(=C2C4=CC(=CC=C4)OCC5=CC=C(C=C5)CC(=O)O)C=CC=C3C(F)(F)F,71,nM,original,71.0,71.0
COC(=O)C1=CC=C(C=C1)COC2=CC=CC(=C2)C3=C4C=CC=C(C4=NC=C3C(=O)C5=CC=CC=C5)C(F)(F)F,296,nM,original,296.0,296.0
C1=CC=C(C=C1)CC2=CN=C3C(=C2C4=CC(=CC=C4)NCC5=CC=C(C=C5)CC(=O)O)C=CC=C3C(F)(F)F,33,nM,original,33.0,33.0
C1=CC=C(C=C1)C(=O)C2=CN=C3C(=C2C4=CC(=CC=C4)OCC5=CC(=CC=C5)C(=O)O)C=CC=C3C(F)(F)F,1500,nM,original,1500.0,1500.0
C1=CC=C(C=C1)C(=O)C2=CN=C3C(=C2C4=CC=C(C=C4)OCC5=CC=C(C=C5)C(=O)O)C=CC=C3C(F)(F)F,1500,nM,original,1500.0,1500.0
CN(CC1=CC=C(C=C1)CC(=O)O)C2=CC=CC(=C2)C3=C4C=CC=C(C4=NC=C3CC5=CC=CC=C5)C(F)(F)F,374,nM,original,374.0,374.0
C1=CC=C(C=C1)C(=O)C2=CN=C3C(=C2C4=CC(=CC=C4)OCC5=CC=C(C=C5)CC(=O)O)C=CC=C3C(F)(F)F,143,nM,original,143.0,143.0
C1=CC=C(C=C1)C2=C3C=CC=C(C3=NC=C2C(=O)C4=CC=CC=C4)C(F)(F)F,1400,nM,original,1400.0,1400.0
C1=CC=C(C=C1)CC2=CN=C3C(=C2C4=CC(=CC=C4)OCC5=CC=C(C=C5)CC(=O)O)C=CC=C3C(F)(F)F,240,nM,original,240.0,240.0
C1=CC=C(C=C1)CC2=CN=C3C(=C2C4=CC(=CC=C4)NCC5=CC=C(C=C5)CC(=O)O)C=CC=C3C(F)(F)F,160,nM,original,160.0,160.0
C1=CC=C(C=C1)CC2=CN=C3C(=C2C4=CC(=CC=C4)OCC5=CC=C(C=C5)CC(=O)O)C=CC=C3C(F)(F)F,90,nM,original,90.0,90.0
C1=CC=C(C=C1)CC2=CN=C3C(=C2C4=CC(=CC=C4)NCC5=CC=C(C=C5)CC(=O)O)C=CC=C3C(F)(F)F,87,nM,original,87.0,87.0
CC(C)(C)CC(=O)NC[C@@H]1CC[C@H]2[C@@H](O1)COC3=C(C=C(C=C3)NC(=O)C4=CC=C(C=C4)C(F)(F)F)C(=O)N2C,500,nM,original,500.0,500.0
CN1[C@H]2CC[C@H](O[C@H]2COC3=C(C1=O)C=C(C=C3)NC(=O)C4=CC=C(C=C4)C(F)(F)F)CC(=O)NC5CC6=CC=CC=C6C5,490,nM,original,490.0,490.0
CN1[C@H]2CC[C@H](O[C@H]2COC3=C(C1=O)C=C(C=C3)NC(=O)C4=CC=C(C=C4)C(F)(F)F)CNC5=NN=C(O5)C6CCC6,1450,nM,original,1450.0,1450.0
CN1[C@H]2CC[C@H](O[C@H]2COC3=C(C1=O)C=C(C=C3)NC(=O)C4=CC=C(C=C4)C(F)(F)F)CNC(=O)[C@@H]5CCCO5,2450,nM,original,2450.0,2450.0
CC(C)COC(=O)NC[C@@H]1CC[C@H]2[C@@H](O1)COC3=C(C=C(C=C3)NC(=O)C4=CC=C(C=C4)C(F)(F)F)C(=O)N2C,170,nM,original,170.0,170.0
C1=CC=C(C=C1)CC2=CN=C3C(=C2C4=CC(=CC=C4)OCC5=CC=C(C=C5)CC(=O)O)C=CC=C3C(F)(F)F,680,nM,original,680.0,680.0
C1=CC=C(C=C1)CC2=CN=C3C(=C2C4=CC(=CC=C4)NCC5=CC=C(C=C5)CC(=O)O)C=CC=C3C(F)(F)F,320,nM,original,320.0,320.0
C1=CC=C(C=C1)CC2=CN=C3C(=C2C4=CC(=CC=C4)OCC5=CC=C(C=C5)CC(=O)O)C=CC=C3C(F)(F)F,1312,nM,original,1312.0,1312.0
C1=CC=C(C=C1)CC2=CN=C3C(=C2C4=CC(=CC=C4)NCC5=CC=C(C=C5)CC(=O)O)C=CC=C3C(F)(F)F,1300,nM,original,1300.0,1300.0
C1=CC=C(C=C1)CC2=CN=C3C(=C2C4=CC(=CC=C4)OCC5=CC=C(C=C5)CC(=O)O)C=CC=C3C(F)(F)F,627,nM,original,627.0,627.0
C1=CC=C(C=C1)CC2=CN=C3C(=C2C4=CC(=CC=C4)NCC5=CC=C(C=C5)CC(=O)O)C=CC=C3C(F)(F)F,1320,nM,original,1320.0,1320.0
CC(C)(C)CC(=O)NC[C@@H]1CC[C@H]2[C@@H](O1)COC3=C(C=C(C=C3)NC(=O)C4=CC=C(C=C4)C(F)(F)F)C(=O)N2C,100,nM,original,100.0,100.0
CN1[C@H]2CC[C@H](O[C@H]2COC3=C(C1=O)C=C(C=C3)NC(=O)C4=CC=C(C=C4)C(F)(F)F)CC(=O)NC5CC6=CC=CC=C6C5,240,nM,original,240.0,240.0
CN1[C@H]2CC[C@H](O[C@H]2COC3=C(C1=O)C=C(C=C3)NC(=O)C4=CC=C(C=C4)C(F)(F)F)CNC5=NN=C(O5)C6CCC6,95,nM,original,95.0,95.0
CN1[C@H]2CC[C@H](O[C@H]2COC3=C(C1=O)C=C(C=C3)NC(=O)C4=CC=C(C=C4)C(F)(F)F)CNC(=O)[C@@H]5CCCO5,25,nM,original,25.0,25.0
CC(C)COC(=O)NC[C@@H]1CC[C@H]2[C@@H](O1)COC3=C(C=C(C=C3)NC(=O)C4=CC=C(C=C4)C(F)(F)F)C(=O)N2C,60,nM,original,60.0,60.0
C[C@H]([C@@H](C(=O)N[C@@H](C(C)C)C(=O)N[C@@H](CC1=CC=CC=C1)C(=O)N[C@@H]([C@@H](C)O)C(=O)N[C@@H](CO)C(=O)N[C@@H](CC2=CNC3=CC=CC=C32)C(=O)N[C@@H](CCC(=O)O)C(=O)N[C@@H](CCC(=O)O)C(=O)N[C@@H](CC4=CC=C(C=C4)O)C(=O)N[C@@H](CC(C)C)C(=O)N[C@@H](CC(=O)O)C(=O)N[C@@H](CC5=CNC6=CC=CC=C65)C(=O)N[C@@H](C(C)C)C(=O)N)NC(=O)C)O,6000,nM,original,6000.0,6000.0
CC(C)C[C@H]1C(=O)N[C@@H](CC(=O)NCCCC[C@@H](C(=O)N[C@H](C(=O)N[C@H](C(=O)N1)CC2=CC=C(C=C2)O)CCC(=O)O)NC(=O)[C@H](CC3=CNC4=CC=CC=C43)NC(=O)[C@H](CO)NC(=O)[C@H](CCCCN)NC(=O)[C@H](CC5=CC=CC=C5)NC(=O)[C@H](C(C)C)NC(=O)[C@H](CC6=CN=CN6)NC(=O)C)C(=O)N[C@@H](CC7=CNC8=CC=CC=C87)C(=O)N[C@@H](C(C)C)C(=O)N[C@@H](CCCCN)C(=O)N[C@@H](CCCCN)C(=O)N[C@@H](CCCCN)C(=O)N[C@@H](CCCCN)C(=O)N[C@@H](CCCCN)C(=O)N[C@@H](CCCCN)C(=O)N,175,nM,original,175.0,175.0
CC(C)C[C@@H](C(=O)N[C@@H](CCSC)C(=O)N)NC(=O)CNC(=O)[C@H](CC1=CC=CC=C1)NC(=O)[C@H](CC2=CC=CC=C2)NC(=O)[C@H](CCC(=O)N)NC(=O)[C@H](CCC(=O)N)NC(=O)[C@@H]3CCCN3C(=O)[C@H](CCCCN)NC(=O)[C@@H]4CCCN4C(=O)[C@H](CCCN=C(N)N)N,680,nM,original,680.0,680.0
C[C@H]([C@@H](C(=O)N[C@@H](C(C)C)C(=O)N[C@@H](CC1=CC=CC=C1)C(=O)N[C@@H]([C@@H](C)O)C(=O)N[C@@H](CO)C(=O)N[C@@H](CC2=CNC3=CC=CC=C32)C(=O)N[C@@H](CCC(=O)O)C(=O)N[C@@H](CCC(=O)O)C(=O)N[C@@H](CC4=CC=C(C=C4)O)C(=O)N[C@@H](CC(C)C)C(=O)N[C@@H](CC(=O)O)C(=O)N[C@@H](CC5=CNC6=CC=CC=C65)C(=O)N[C@@H](C(C)C)C(=O)N)NC(=O)C)O,>5000,nM,original,5000.0,10000.0
C[C@H]([C@@H](C(=O)N[C@@H](C(C)C)C(=O)N[C@@H](CC1=CC=CC=C1)C(=O)N[C@@H]([C@@H](C)O)C(=O)N[C@@H](CO)C(=O)N[C@@H](CC2=CNC3=CC=CC=C32)C(=O)N[C@H]4CCCCNC(=O)C[C@H](NC(=O)[C@@H](NC(=O)[C@@H](NC(=O)[C@@H](NC4=O)CCC(=O)O)CC5=CC=C(C=C5)O)CC(C)C)C(=O)N[C@@H](CC6=CNC7=CC=CC=C76)C(=O)N[C@@H](C(C)C)C(=O)N)NC(=O)C)O,>5000,nM,original,5000.0,10000.0
CC(C)C[C@H]1C(=O)N[C@@H](CC(=O)NCCCC[C@@H](C(=O)N[C@H](C(=O)N[C@H](C(=O)N1)CC2=CC=C(C=C2)O)CCC(=O)O)NC(=O)[C@H](CC3=CNC4=CC=CC=C43)NC(=O)[C@H](CO)NC(=O)[C@H](CCCCN)NC(=O)[C@H](CC5=CC=CC=C5)NC(=O)[C@H](C(C)C)NC(=O)[C@H](CC6=CN=CN6)NC(=O)C)C(=O)N[C@@H](CC7=CNC8=CC=CC=C87)C(=O)N[C@@H](C(C)C)C(=O)N[C@@H](CCCCN)C(=O)N[C@@H](CCCCN)C(=O)N[C@@H](CCCCN)C(=O)N[C@@H](CCCCN)C(=O)N[C@@H](CCCCN)C(=O)N[C@@H](CCCCN)C(=O)N,2200,nM,original,2200.0,2200.0
CC[C@H](C)[C@@H](C(=O)NCC(=O)N[C@@H](CC(C)C)C(=O)N1CCC[C@H]1C(=O)N[C@@H](CS)C(=O)O)NC(=O)[C@H](CCC(=O)N)NC(=O)[C@H](CC(C)C)NC(=O)[C@H](CC(=O)N)NC(=O)[C@H](CC2=CNC3=CC=CC=C32)NC(=O)[C@@H]4CCCN4C(=O)[C@H](CC(C)C)NC(=O)[C@H](CCCNC(=N)N)NC(=O)[C@H](CS)NC(=O)CNC(=O)[C@H](CO)NC(=O)CNC(=O)[C@H](C(C)C)NC(=O)[C@H](CC5=CNC6=CC=CC=C65)NC(=O)[C@H](CC(=O)O)NC(=O)[C@H](CC(C)C)NC(=O)[C@H](CC7=CC=C(C=C7)O)NC(=O)[C@H](CCC(=O)O)NC(=O)[C@H](CCC(=O)O)NC(=O)[C@H](CC8=CNC9=CC=CC=C98)NC(=O)[C@H](CO)NC(=O)[C@H]([C@@H](C)O)NC(=O)[C@H](CC1=CC=CC=C1)NC(=O)[C@H](C(C)C)NC(=O)[C@H]([C@@H](C)O)N,250,nM,original,250.0,250.0
C[C@H]([C@@H](C(=O)N[C@@H](C(C)C)C(=O)N[C@@H](CC1=CC=CC=C1)C(=O)N[C@@H]([C@@H](C)O)C(=O)N[C@@H](CO)C(=O)N[C@@H](CC2=CNC3=CC=CC=C32)C(=O)N[C@@H](CCC(=O)O)C(=O)N[C@@H](CCC(=O)O)C(=O)N[C@@H](CC4=CC=C(C=C4)O)C(=O)N[C@@H](CC(C)C)C(=O)N[C@@H](CC(=O)O)C(=O)N[C@@H](CC5=CNC6=CC=CC=C65)C(=O)N[C@@H](C(C)C)C(=O)N)NC(=O)C)O,5000,nM,original,5000.0,5000.0
C[C@H]([C@@H](C(=O)N[C@@H](C(C)C)C(=O)N[C@@H](CC1=CC=CC=C1)C(=O)N[C@@H]([C@@H](C)O)C(=O)N[C@@H](CO)C(=O)N[C@@H](CC2=CNC3=CC=CC=C32)C(=O)N[C@@H](CCC(=O)O)C(=O)N[C@@H](CCC(=O)O)C(=O)N[C@@H](CC4=CC=C(C=C4)O)C(=O)N[C@@H](CC(C)C)C(=O)N[C@@H](CC(=O)O)C(=O)N[C@@H](CC5=CNC6=CC=CC=C65)C(=O)N[C@@H](C(C)C)C(=O)N)NC(=O)C)O,6000,nM,original,6000.0,6000.0
CN1C=NC=C1C2=NC=C(N2C)C3=NC=C(N3C)C4=NC=C(N4C)C5=CC=CC=C5,6000,nM,original,6000.0,6000.0
C[C@H]1C(=O)N[C@H](C(=O)N([C@H](C(=O)N[C@H](C(=O)N[C@H](C(=O)N2CCC[C@H]2C(=O)N[C@@H](CSCC(=O)N[C@H](C(=O)N[C@H](C(=O)N[C@H](C(=O)N[C@H](C(=O)N[C@H](C(=O)N[C@H](C(=O)N1C)CC3=CC=C(C=C3)C4=CC=CC=C4)[C@@H](C)O)[C@@H](C)O)CO)C(C)C)CC5=CC=CC=C5)C(=O)NCC(=O)N)CCCNC(=N)N)CC(=O)O)C)C)CC6=CC=C(C=C6)C7=CC=CC=C7,106,nM,original,106.0,106.0
CCNC(=O)[C@@H]1CSCC(=O)N[C@H](C(=O)N[C@H](C(=O)N2CCC[C@H]2C(=O)N[C@H](C(=O)N[C@H](C(=O)N[C@H](C(=O)N([C@H](C(=O)N[C@H](C(=O)N([C@H](C(=O)N[C@H](C(=O)N[C@H](C(=O)N3CCC[C@H]3C(=O)N1)C)CCC(=O)O)C)C)CC4=CC=C(C=C4)C5=CC=CC=C5)C)C)CC6=CC=C(C=C6)C7=CC=CC=C7)[C@@H](C)O)[C@@H](C)O)C(C)C)CC8=CC=CC=C8,170,nM,original,170.0,170.0
CC1=C(C=C(C=C1)NC(=O)CCC2CCCCC2)NC(=O)C3=CC=CC=C3,2000,nM,original,2000.0,2000.0
CC1=C(C=C(C=C1)NC(=O)CCC2CCCCC2)NC(=O)C3=CC=C(C=C3)CO,7600,nM,original,7600.0,7600.0
CC1=C(C=C(C=C1)NC(=O)CCC2CCCCC2)NCC3=CC4=C(C=C3)OCO4,600,nM,original,600.0,600.0
CC1=C(C=C(C=C1)NC(=O)CCC2CCCCC2)NC(=O)C3=CC=C(C=C3)N,3800,nM,original,3800.0,3800.0
CC1=C(C=C(C=C1)NC(=O)CCC2CCCCC2)NC(=O)C3=CC(=CC=C3)O,2000,nM,original,2000.0,2000.0
CC1=C(C=C(C=C1)NC(=O)CCC2CCCCC2)NC(=O)C3=CC=C(C=C3)OC(=O)C,2500,nM,original,2500.0,2500.0
CC1=C(C=C(C=C1)NC(=O)CCC2CCCCC2)NC(=O)C3=CC=C(C=C3)O,1700,nM,original,1700.0,1700.0
CC1=CC2=C(C=C1)N=C(N2)C3=C(C=CC(=C3)NC(=O)CCC4CCCCC4)C,1300,nM,original,1300.0,1300.0
CC1=C(C=C(C=C1)NC(=O)CCC2CCCCC2)C(=O)NC3=CC=C(C=C3)O,7000,nM,original,7000.0,7000.0
CC1=C(C=C(C=C1)NC(=O)CCC2CCCCC2)C3=NC4=C(N3)C=C(C=C4)O,700,nM,original,700.0,700.0
CC1=C(C=C(C=C1)NC(=O)CCC2CCCCC2)C3=NC4=CC=CC=C4N3,1300,nM,original,1300.0,1300.0
CC1=C(C=C(C=C1)NC(=O)CCC2CCCCC2)NC(=O)C3=CN=CC=C3,1200,nM,original,1200.0,1200.0
CC1=C(C=C(C=C1)NC(=O)CCC2CCCCC2)/C=C(\C#N)/C3=CC4=C(C=C3)OCO4,700,nM,original,700.0,700.0
CC1=C(C=C(C=C1)NC(=O)CCCC2CCCCC2)NC(=O)C3=CC=C(C=C3)O,4000,nM,original,4000.0,4000.0
CC1=C(C=C(C=C1)NC(=O)CCC2CCCCC2)/C=C(\C#N)/C3=CN=CC=C3,1000,nM,original,1000.0,1000.0
CC1=C(C=C(C=C1)C(=O)NCCC2CCCCC2)NC(=O)C3=CC=C(C=C3)O,2000,nM,original,2000.0,2000.0
CC1=C(C=C(C=C1)C(=O)CCCC2CCCCC2)NC(=O)C3=CN=CC=C3,2000,nM,original,2000.0,2000.0
CC1=CCC(=CC1=NC(=O)C2=CC=C/C(=N\C(=O)/N=C\3/CC(=CC=C3)C(=O)N=C4CC(=CC=C4C)C(=O)N=C5CC=C(C6=C5C(=CC(=C6)S(=O)(=O)O)S(=O)(=O)O)S(=O)(=O)O)/C2)C(=O)N=C7CC=C(C8=C7C(=CC(=C8)S(=O)(=O)O)S(=O)(=O)O)S(=O)(=O)O,15000,nM,original,15000.0,15000.0
C1=CC(=CC(=C1)NC(=O)C2=CC=C(C=C2)NC(=O)NC3=CC=C(C=C3)C(=O)NC4=CC=CC(=C4)C(=O)NC5=C6C(=CC(=C5)S(=O)(=O)O)C=C(C=C6S(=O)(=O)O)S(=O)(=O)O)C(=O)NC7=C8C(=CC(=C7)S(=O)(=O)O)C=C(C=C8S(=O)(=O)O)S(=O)(=O)O,17000,nM,original,17000.0,17000.0
C1=CC(=CC=C1C(=O)NC2=C3C(=CC(=C2)S(=O)(=O)O)C=C(C=C3S(=O)(=O)O)S(=O)(=O)O)NC(=O)C4=CC=C(C=C4)NC(=O)NC5=CC=C(C=C5)C(=O)NC6=CC=C(C=C6)C(=O)NC7=C8C(=CC(=C7)S(=O)(=O)O)C=C(C=C8S(=O)(=O)O)S(=O)(=O)O,19000,nM,original,19000.0,19000.0
C1=CC(=CC=C1C(=O)NC2=C3C(=CC(=CC3=C(C=C2)S(=O)(=O)O)S(=O)(=O)O)S(=O)(=O)O)NC(=O)C4=CC=C(C=C4)NC(=O)NC5=CC=C(C=C5)C(=O)NC6=CC=C(C=C6)C(=O)NC7=C8C(=CC(=CC8=C(C=C7)S(=O)(=O)O)S(=O)(=O)O)S(=O)(=O)O,17000,nM,original,17000.0,17000.0
