average,sample_weight,SMILES,WHIM_76,RDKit2D_fr_ketone,FP_AtomPair1024_521,FP_Morgan1024_r2_67,GETAWAY_193,FP_RDKit512_433,FP_RDKit512_387,FP_AtomPair1024_255,FP_Morgan1024_r2_123,FP_AtomPair1024_12,FP_TopoTorsion1024_704,RDKit2D_VSA_EState5,RDKit2D_PEOE_VSA11,GETAWAY_229,FP_AtomPair1024_402,FP_AtomPair1024_711,GETAWAY_18,FP_AtomPair1024_707,WHIM_43,FP_RDKit512_165,FP_MorganFeat1024_r2_246,Shape_Ratio_W_T,WHIM_21,FP_AtomPair1024_787,Graph_Centrality_Mean,MORSE_129,Pharm2D_Gobbi_169,RDKit2D_VSA_EState9,FP_AtomPair1024_90,FP_Morgan1024_r2_205,FP_Morgan1024_r2_751,WHIM_101,FP_Morgan1024_r2_399,FP_AtomPair1024_782,FP_AtomPair1024_553,FP_Morgan1024_r2_580,FP_RDKit512_362,FP_RDKit512_25,FP_AtomPair1024_9,AC3D_58,FP_MACCS_111,FP_Morgan1024_r2_673,FP_Morgan1024_r2_121,MORSE_65,FP_AtomPair1024_997,FP_Morgan1024_r2_310
23.9,1.0,Cc1cc(SCc2sc(-c3ccc(C(F)(F)F)cc3)nc2C)ccc1OCC(=O)O,0.06782945736434115,0.0,-1.0,0.0,-0.2962962962962963,1.0,1.0,0.0,0.0,-1.0,0.0,0.2615883407239165,0.28750010912864193,2.3529411764705848,0.0,0.0,0.7786259541984739,0.0,-0.2564991334488737,0.0,0.0,0.2835485704306466,-0.38095238095238104,0.0,3.234995789118675,-1.8875058166589112,0.0,0.0,0.0,0.0,0.0,0.05447470817120625,0.0,-1.0,-1.0,0.0,0.0,-1.0,0.0,0.25920471281296054,-1.0,0.0,0.0,-1.830607268185333,0.9029980120819925,0.0
20.0,1.0,O=C(O)Cc1ccc(Cl)c(OCCC2CCN(c3nc4ccc(Cl)cc4s3)CC2)c1,0.7151162790697676,0.0,0.0,0.0,0.14814814814814814,0.0,0.0,0.0,0.0,0.0,0.0,0.42866783977714246,0.0,1.9999999999999984,0.0,0.0,-0.13740458015267018,0.0,0.19410745233968785,0.0,0.0,0.08469032449629814,0.02886002886002889,0.0,3.234995789118675,-0.3661005118659833,1.0,0.0,0.0,0.0,0.0,0.4435797665369652,0.0,0.0,0.0,0.0,0.0,0.0,0.0,-0.34756995581737826,0.0,0.0,0.0,-0.3931481591625535,0.0,1.0
19.8,1.0,O=C(O)Cc1ccc(Cl)c(OCCC2(N3CCCC3)CCN(c3nc4ccc(C(F)(F)F)nc4s3)CC2)c1,-0.7771317829457364,0.0,0.0,0.0,0.14814814814814814,0.0,1.0,0.0,0.0,0.0,0.0,-0.6152829390108963,0.0,-0.11764705882352941,0.0,0.0,-1.4198473282442743,0.0,-0.6377816291161181,0.0,0.0,-0.3963840420395844,-0.9292929292929294,0.0,0.0857499052347545,0.16135411819451,0.0,0.0,0.0,0.0,0.0,-1.1595330739299607,0.0,0.0,0.0,0.0,0.0,0.0,0.0,0.7776141384388809,0.0,0.0,0.0,0.45643252245286337,0.0,1.0
22.3,1.0,O=C(O)Cc1cc(Cl)cc(OCCC2(N3CCCC3=O)CCN(c3nc4ccc(C(F)(F)F)cc4s3)CC2)c1,-0.7189922480620153,0.0,0.0,0.0,0.7407407407407407,0.0,0.0,0.0,0.0,0.0,0.0,-0.5200009303313743,0.0,0.35294117647058826,0.0,0.0,0.5343511450381684,0.0,-0.9150779896013866,0.0,0.0,-0.28873391651546143,-1.0735930735930739,0.0,-0.3279008709463617,0.15041879944160155,0.0,0.0,0.0,0.0,0.0,-0.9727626459143964,0.0,0.0,0.0,0.0,0.0,0.0,0.0,0.9779086892488958,0.0,0.0,0.0,0.3312912627133761,0.0,0.0
26.2,1.0,CC(C)C1(CCOc2cc(CC(=O)O)ccc2Cl)CCN(c2nc3ccc(Cl)cc3s2)CC1,-0.7887596899224806,0.0,0.0,0.0,2.8817134012451535,0.0,0.0,0.0,0.0,0.0,0.0,0.3228346524300729,0.0,2.860993877042387,0.0,0.0,0.7480916030534357,0.0,-0.6447140381282498,0.0,0.0,0.2101686617851645,-0.8023088023088025,0.0,1.2850943560139532,-0.20718939041414522,0.0,0.0,0.0,0.0,0.0,-0.8326848249027232,0.0,0.0,0.0,0.0,0.0,0.0,0.0,-0.04712812960235646,0.0,0.0,0.0,-0.3174924165824069,0.0,1.0
33.6,1.0,O=C(O)Cc1cc(Cl)cc(OCCC2(N3CCCC3)CCN(c3nc4ccc(C(F)(F)F)cc4s3)CC2)c1,0.9786821705426356,0.0,0.0,0.0,-1.1851851851851842,0.0,0.0,0.0,0.0,0.0,0.0,-0.5123952824361371,0.0,-0.23529411764705882,0.0,0.0,-0.29007633587786114,0.0,0.24956672443674163,0.0,0.0,1.8852913024330102,0.9870129870129871,0.0,0.18729466948648515,0.2707073057235931,0.0,0.0,0.0,0.0,0.0,0.7237354085603116,0.0,0.0,0.0,0.0,0.0,0.0,0.0,1.0721649484536089,0.0,0.0,0.0,0.34033188604056347,0.0,0.0
33.4,1.0,Cc1ccc(CC(=O)O)cc1OCCC1(N2CCCC2)CCN(c2nc3ccc(Cl)cc3s2)CC1,0.9321705426356589,0.0,0.0,0.0,-0.4444444444444444,0.0,0.0,0.0,0.0,0.0,0.0,-0.019434596478323112,0.0,0.23529411764705882,0.0,0.0,-0.38167938931297574,0.0,1.1507798960138644,0.0,0.0,1.0085920023944621,0.7445887445887451,0.0,0.17575914851228955,0.34469520707305834,0.0,0.0,0.0,0.0,0.0,0.6770428015564205,0.0,0.0,0.0,0.0,0.0,0.0,0.0,0.5949926362297503,0.0,0.0,0.0,0.2984595253672745,0.0,1.0
18.2,1.0,CN(C)C1(CCOc2cc(Cl)cc(CC(=O)O)c2)CCN(c2nc3ccc(Cl)cc3s2)CC1,-0.10658914728682158,0.0,0.0,0.0,1.4814814814814794,0.0,0.0,0.0,0.0,0.0,0.0,-0.39763789249317927,0.0,1.2941176470588218,0.0,0.0,-0.259541984732823,0.0,0.880415944540728,0.0,0.0,0.20023288466153064,0.38672438672438686,0.0,1.4079693309783319,0.04129827826896279,0.0,3.00827018837834,0.0,0.0,0.0,1.0350194552529188,0.0,0.0,0.0,0.0,0.0,0.0,0.0,0.5949926362297503,0.0,0.0,0.0,0.01582109082257724,0.0,0.0
36.7,1.0,Cc1cc(CC(=O)O)cc(OCCC2(N3CCCC3)CCN(c3nc4ccc(Cl)cc4s3)CC2)c1,0.42054263565891487,0.0,0.0,0.0,-0.5925925925925926,0.0,0.0,0.0,0.0,0.0,0.0,-0.06162481315122595,0.0,0.0,0.0,0.0,0.10687022900763368,0.0,0.6447140381282495,0.0,0.0,0.544446077023026,0.17893217893217914,0.0,0.28957241531115835,0.22929269427640814,0.0,0.0,0.0,0.0,0.0,-0.1789883268482491,0.0,0.0,0.0,0.0,0.0,0.0,0.0,0.8895434462444776,0.0,0.0,0.0,0.15642657467435883,0.0,0.0
28.8,1.0,O=C(O)Cc1cc(Cl)cc(OCCC2(C3CCCC3)CCN(c3nc4ccc(Cl)cc4s3)CC2)c1,-0.3546511627906975,0.0,0.0,0.0,0.0,0.0,0.0,0.0,0.0,0.0,0.0,0.7899470716419833,0.0,-0.23529411764705882,0.0,0.0,1.0534351145038177,0.0,0.013864818024263445,0.0,0.0,2.184484080082498,-0.06349206349206356,0.0,0.28957241531115835,0.3877384830153568,0.0,0.0,0.0,0.0,0.0,0.3346303501945527,0.0,0.0,0.0,0.0,0.0,0.0,0.0,0.683357879234168,0.0,0.0,0.0,0.21756973770296714,0.0,0.0
29.2,1.0,O=C(O)Cc1cc(Cl)cc(OCCC2(C3CCCCC3)CCN(c3nc4ccc(Cl)cc4s3)CC2)c1,0.12596899224806213,0.0,0.0,0.0,0.8888888888888888,0.0,0.0,0.0,0.0,0.0,0.0,0.7790230492301983,0.0,0.47058823529411764,0.0,0.0,-0.9618320610687014,0.0,0.0,0.0,0.0,1.8740270610674077,-0.531024531024531,0.0,-0.09881172625261347,0.5431596091205219,0.0,0.0,0.0,0.0,0.0,-0.4435797665369643,0.0,0.0,0.0,0.0,0.0,0.0,0.0,0.9131075110456558,0.0,0.0,0.0,0.4309760304526256,0.0,0.0
22.7,1.0,CCC(C)C1(CCOc2cc(Cl)cc(CC(=O)O)c2)CCN(c2nc3ccc(Cl)cc3s2)CC1,-0.6841085271317828,0.0,0.0,0.0,2.22222222222222,0.0,0.0,0.0,0.0,0.0,0.0,0.5063291736872744,0.0,1.5294117647058807,0.0,0.0,0.6564885496183211,0.0,-0.6031195840554595,0.0,0.0,0.6360784194405655,-1.0043290043290045,0.0,0.8616544768441786,-0.3335272219637039,0.0,0.0,0.0,0.0,0.0,-1.2840466926070027,0.0,0.0,0.0,0.0,0.0,0.0,0.0,0.6892488954344625,0.0,0.0,0.0,-0.6067923630524006,0.0,0.0
26.9,1.0,CC(C)CC1(CCOc2cc(Cl)cc(CC(=O)O)c2)CCN(c2nc3ccc(Cl)cc3s2)CC1,0.18798449612403118,0.0,0.0,0.0,1.037037037037035,0.0,0.0,0.0,0.0,0.0,0.0,0.5415644188061443,0.0,0.5882352941176454,0.0,0.0,-0.32061068702289935,0.0,-0.46447140381282503,0.0,0.0,0.809095673679177,0.9639249639249641,0.0,1.042153423881512,-0.08876221498371234,0.0,0.0,0.0,0.0,0.0,1.1128404669260705,0.0,0.0,0.0,0.0,0.0,0.0,0.0,0.612665684830634,0.0,0.0,0.0,-0.3350978409564036,0.0,0.0
27.6,1.0,O=C(O)Cc1cc(Cl)cc(OCCC2(N3CCCCC3)CCN(c3nc4ccc(Cl)cc4s3)CC2)c1,0.32364341085271325,0.0,0.0,0.0,-0.2962962962962963,0.0,0.0,0.0,0.0,0.0,0.0,-0.3394983156579386,0.0,-0.11764705882352941,0.0,0.0,-0.9618320610687014,0.0,-0.36048526863084956,0.0,0.0,-0.10843489735387674,0.7619047619047624,0.0,-0.09881172625261347,0.25162866449511456,0.0,0.0,0.0,0.0,0.0,0.22568093385214016,0.0,0.0,0.0,0.0,0.0,0.0,0.0,1.042709867452136,0.0,0.0,0.0,0.0807708320942122,0.0,0.0
31.1,1.0,CCCC1(CCOc2cc(CC(=O)O)ccc2Cl)CCN(c2nc3ccc(Cl)cc3s2)CC1,0.556201550387597,0.0,0.0,0.0,0.8888888888888888,0.0,0.0,0.0,0.0,0.0,0.0,-0.4322059482223252,0.0,1.5294117647058807,0.0,0.0,0.7175572519083976,0.0,0.47833622183708807,0.0,0.0,-0.022432537011401795,0.3982683982683984,0.0,1.4898867258545554,-0.38494648673801757,0.0,0.0,0.0,0.0,0.0,-0.08560311284046697,0.0,0.0,0.0,0.0,0.0,0.0,0.0,-0.04712812960235646,0.0,0.0,0.0,-0.48878843751858697,0.0,1.0
36.6,1.0,O=C(O)Cc1cc(Cl)cc(OCCC2(N3CCCC3)CCN(c3nc4ccc(Cl)cc4s3)CC2)c1,0.44767441860465135,0.0,0.0,0.0,0.7407407407407407,0.0,0.0,0.0,0.0,0.0,0.0,-0.34400819293161367,0.0,1.5294117647058807,0.0,0.0,-0.8702290076335868,0.0,-0.589254766031196,0.0,0.0,-0.30475772660748335,0.7388167388167394,0.0,0.28957241531115835,0.20020939972080087,0.0,0.0,0.0,0.0,0.0,0.42801556420233483,0.0,0.0,0.0,0.0,0.0,0.0,0.0,1.0191458026509579,0.0,0.0,0.0,0.05840718491643282,0.0,0.0
23.8,1.0,O=C(O)Cc1cc(Cl)cc(OCCC2(N3CCCCCC3)CCN(c3nc4ccc(Cl)cc4s3)CC2)c1,0.9399224806201549,0.0,0.0,0.0,-0.7407407407407407,0.0,0.0,0.0,0.0,0.0,0.0,-0.33498845320081666,0.0,0.11764705882352941,0.0,0.0,-1.3282442748091596,0.0,0.5476603119584053,0.0,0.0,1.1215676500195653,0.6810966810966815,0.0,-0.5061126026181195,-0.3300372266170309,0.0,0.0,0.0,0.0,0.0,0.45914396887159553,0.0,0.0,0.0,0.0,0.0,0.0,0.0,0.9779086892488958,0.0,0.0,0.0,-0.4459644322845419,0.0,0.0
21.5,1.0,O=C(O)Cc1ccc(Cl)c(OCCC2(C3CCCCC3)CCN(c3nc4ccc(Cl)cc4s3)CC2)c1,-0.7616279069767441,0.0,0.0,0.0,1.037037037037035,0.0,0.0,0.0,0.0,0.0,0.0,0.6810780021813078,0.0,0.5882352941176454,0.0,0.0,-2.5496183206106857,0.0,-0.9636048526863087,0.0,0.0,-1.4119215618952201,-1.171717171717172,0.0,-0.2083555988590751,1.0945788738948359,0.0,0.0,0.0,0.0,0.0,-0.5525291828793768,0.0,0.0,0.0,0.0,0.0,0.0,0.0,0.7717231222385864,0.0,0.0,0.0,1.002200678046749,0.0,1.0
22.9,1.0,CCC1(CCOc2cc(CC(=O)O)ccc2Cl)CCN(c2nc3ccc(Cl)cc3s2)CC1,-0.5329457364341085,0.0,0.0,0.0,0.14814814814814814,0.0,0.0,0.0,0.0,0.0,0.0,-0.44230073260224956,0.0,0.47058823529411764,0.0,0.0,-0.38167938931297574,0.0,-0.4298093587521664,0.0,0.0,0.07111347049229198,-0.6002886002886003,0.0,2.0414631809444894,-0.42077710563052567,0.0,0.0,0.0,0.0,0.0,-0.3035019455252911,0.0,0.0,0.0,0.0,0.0,0.0,0.0,-0.04712812960235646,0.0,0.0,0.0,-0.551359067388331,0.0,1.0
28.7,1.0,O=C(O)Cc1cc(Cl)cc(OCCC2(N3CCCC3)CCN(c3nc4ccc(C(F)(F)F)nc4s3)CC2)c1,-0.09883720930232545,0.0,0.0,0.0,-0.8888888888888878,0.0,1.0,0.0,0.0,0.0,0.0,-0.5284722057130837,0.0,-0.9411764705882345,0.0,0.0,-0.10687022900763199,0.0,0.4922010398613515,0.0,0.0,-0.17468838176558898,-0.005772005772005778,0.0,0.18729466948648515,0.5764308980921368,0.0,0.0,0.0,0.0,0.0,-0.05447470817120625,0.0,0.0,0.0,0.0,0.0,0.0,0.0,0.6480117820324013,0.0,0.0,0.0,0.7614346041753399,0.0,0.0
25.1,1.0,CC1CCCN1C1(CCOc2cc(Cl)cc(CC(=O)O)c2)CCN(c2nc3ccc(Cl)cc3s2)CC1,0.2655038759689923,0.0,0.0,0.0,-0.5925925925925926,0.0,0.0,0.0,0.0,0.0,0.0,-0.348074418153401,0.0,0.23529411764705882,0.0,0.0,-0.015267175572519097,0.0,-0.6239168110918546,0.0,0.0,1.1737263485173335,0.7734487734487739,0.0,-0.26051908168359267,-0.04129827826896196,0.0,0.0,0.0,0.0,0.0,1.1284046692607008,0.0,0.0,0.0,0.0,0.0,0.0,0.0,1.030927835051547,0.0,0.0,0.0,-0.22851365015166908,0.0,0.0
26.7,1.0,CCCCC1(CCOc2cc(CC(=O)O)ccc2Cl)CCN(c2nc3ccc(Cl)cc3s2)CC1,-0.0019379844961240327,0.0,0.0,0.0,0.2962962962962963,0.0,0.0,0.0,0.0,0.0,0.0,-0.42450563736881697,0.0,1.0588235294117632,0.0,0.0,0.16793893129771006,0.0,0.5268630849220102,0.0,0.0,0.71964315580151,1.038961038961039,0.0,1.1168426818745434,-0.13692415076779815,0.0,0.0,0.0,0.0,0.0,0.4747081712062259,0.0,0.0,0.0,0.0,0.0,0.0,0.0,0.1826215022091313,0.0,0.0,1.0,-0.19020995658121734,0.0,1.0
42.9,1.0,O=C(O)Cc1cc(Cl)cc(OCCC2(N3CCOCC3)CCN(c3nc4ccc(C(F)(F)F)cc4s3)CC2)c1,0.0019379844961240327,0.0,0.0,0.0,0.2962962962962963,0.0,0.0,0.0,0.0,0.0,0.0,-0.5620038435472441,0.0,0.0,0.0,0.0,0.16793893129771006,0.0,0.0,0.0,0.0,0.5259669508309288,-0.20202020202020193,0.0,-0.1893383025610531,0.6099348534201967,1.0,0.0,0.0,0.0,0.0,-0.08560311284046697,0.0,0.0,0.0,0.0,0.0,0.0,0.0,0.9425625920471286,0.0,0.0,0.0,0.8611193719145894,0.0,0.0
100.0,1.0,O=S(=O)(c1ccccc1)N(CC(F)(F)F)c1ccc(C(O)(C(F)(F)F)C(F)(F)F)cc1,0.8585271317829456,0.0,-1.0,0.0,-0.14814814814814814,0.0,1.0,0.0,0.0,-1.0,0.0,0.019434596478323112,-1.0,-0.35294117647058826,1.0,0.0,3.293988661644146,0.0,0.4228769497400347,0.0,0.6336296830801329,0.30987191538034636,0.30014430014430016,0.0,-2.6115731198003114,-2.297929269427641,0.0,-2.8407014264735784,0.6336296830801329,0.0,0.0,0.8793774319066152,0.0,-1.0,-1.0,0.0,1.0,0.0,0.0,2.362695141592536,-1.0,0.0,0.0,-1.7166478320347354,0.0,0.0
2.0,1.0,CCCc1c(OCCCCN2C(=O)NC(C)(c3ccc(OC)cc3)C2=O)ccc2c(C(F)(F)F)cc(=O)oc12,-0.567829457364341,0.0,0.0,0.0,0.14814814814814814,0.0,0.0,0.0,0.0,0.0,0.0,0.8976720068660502,-1.0,-0.11764705882352941,0.0,0.0,-0.16793893129770837,0.0,-0.7694974003466208,-1.3333333333333333,0.0,-0.8035043809622497,-0.7792207792207795,0.0,0.6135133980036866,-1.242787342950209,0.0,1.5383099,0.0,0.0,0.0,-1.0661478599221785,1.0,0.0,-1.0,0.6336296830801329,1.0,0.0,0.7801138893782952,-0.6892488954344622,0.0,0.0,1.0,-0.8987093320644746,0.9029980120819925,0.0
26.0,1.0,CCCc1cc(C(O)(C(F)(F)F)C(F)(F)F)cc(CCC)c1OCCCCN1C(=O)NC(C)(c2ccc(OC(C)C)cc2)C1=O,-0.9205426356589147,0.0,0.0,0.0,-0.4444444444444444,0.0,0.0,0.0,0.0,0.0,0.0,0.5772780607941105,-1.0,-0.5882352941176471,0.0,0.0,-0.6870229007633577,0.0,-1.227036395147314,-1.3333333333333333,0.0,-1.1200947325459594,-1.171717171717172,0.0,-0.4816593987707492,-1.5855048859934857,0.0,0.0,0.0,0.0,0.0,-0.8638132295719839,1.0,0.0,0.0,0.0,0.0,-1.0,0.0,-0.7187039764359351,0.0,0.0,1.0,-1.0055314340093977,0.0,0.0
0.0,1.0,CCCc1cc(C(O)(C(F)(F)F)C(F)(F)F)ccc1Oc1ccc(CN2C(=O)NC(C)(c3ccc(OC(C)C)cc3)C2=O)cc1,-0.3546511627906975,0.0,0.0,0.0,0.4444444444444444,0.0,0.0,0.0,0.0,0.0,1.0,0.5664424783882607,-1.0,0.11764705882352941,1.0,0.0,0.015267175572519097,0.0,-0.6932409012131718,0.0,0.0,-0.197531434252904,-0.6810966810966812,1.0,0.022288896977258214,0.5261749651000471,0.0,0.0,0.0,0.0,0.0,-0.4435797665369643,0.0,-1.0,0.0,0.0,0.0,-1.0,0.7801138893782952,-0.3593519882179674,-1.0,0.0,0.0,1.4994349610420503,0.9029980120819925,1.0
23.0,1.0,CCCc1cc(C(O)(C(F)(F)F)C(F)(F)F)ccc1Oc1cccc(CCN2C(=O)NC(C)(c3ccc(OC(C)C)cc3)C2=O)c1,-0.08333333333333319,0.0,0.0,0.0,0.5925925925925926,0.0,0.0,0.0,0.0,0.0,0.0,0.6625032747360633,-1.0,0.23529411764705882,1.0,0.0,-0.19847328244274656,0.0,0.11091854419410717,-1.3333333333333333,0.0,-0.5855221213938882,-0.04040404040404045,1.0,-0.38682655572126734,-0.6508841321544898,0.0,0.0,0.0,0.0,0.0,0.568093385214008,1.0,0.0,0.0,0.0,0.0,-1.0,0.7801138893782952,-0.24742268041237075,0.0,0.0,1.0,-0.20067804674953957,0.9029980120819925,0.0
1.0,1.0,CCCc1cc(C(O)(C(F)(F)F)C(F)(F)F)ccc1Oc1ccc(CCN2C(=O)NC(C)(c3ccc(OC(C)C)cc3)C2=O)cc1,-0.6492248062015503,0.0,0.0,0.0,0.2962962962962963,0.0,0.0,0.0,0.0,0.0,0.0,0.7775721382599845,-1.0,0.0,0.0,0.0,-0.8702290076335868,0.0,0.2079722703639513,-1.3333333333333333,0.0,-0.7640816747903785,0.005772005772005778,1.0,0.5945966632019494,-1.0880642159143785,0.0,0.0,0.0,0.0,0.0,0.27237354085603127,1.0,0.0,0.0,0.0,0.0,-1.0,0.0,-0.5714285714285714,0.0,0.0,1.0,-0.780229584250283,0.0,1.0
53.0,1.0,CCCc1cc(C(O)(C(F)(F)F)C(F)(F)F)ccc1Oc1ccc(CCN2C(=O)NC(C)(c3ccc(OC(C)C)cc3)C2=O)c(C)c1,1.2538759689922483,0.0,0.0,0.0,-0.4444444444444444,0.0,0.0,0.0,0.0,0.0,0.0,0.8119084630973853,-1.0,-0.5882352941176471,0.0,0.0,1.1755725190839705,0.0,0.7902946273830156,-1.3333333333333333,0.0,0.23847682913296947,0.6060606060606064,1.0,-0.006891814545606839,0.7902512796649616,0.0,0.0,0.0,0.0,0.6336296830801329,1.1906614785992222,1.0,0.0,0.0,0.0,0.0,-1.0,0.0,-0.14727540500736327,0.0,0.0,1.0,1.3283768512460588,0.0,0.0
0.0,1.0,CCCc1cc(C(O)(C(F)(F)F)C(F)(F)F)cc(CCC)c1OC/C=C\CN1C(=O)NC(C)(c2ccc(OC(C)C)cc2)C1=O,-0.8701550387596898,0.0,0.0,0.0,0.2962962962962963,0.0,0.0,0.0,0.0,0.0,0.0,0.40885406325561413,-1.0,0.0,0.0,0.0,-0.900763358778625,0.0,-0.8596187175043328,-1.3333333333333333,0.0,-1.047106383535092,-0.8715728715728716,0.0,-0.4816593987707492,-1.5543275942298747,0.0,0.0,0.0,0.0,0.0,-0.5058365758754857,0.0,0.0,0.0,0.0,0.0,-1.0,0.0,-0.6892488954344622,-1.0,0.0,0.0,-1.0190923690001792,0.0,0.0
40.0,1.0,CCCc1cc(C(O)(C(F)(F)F)C(F)(F)F)cc(CCC)c1OC/C=C/CN1C(=O)NC(C)(c2ccc(OC(C)C)cc2)C1=O,1.234496124031008,0.0,0.0,0.0,-0.5925925925925926,0.0,0.0,0.0,0.0,0.0,0.0,0.40885406325561413,-1.0,-0.7058823529411765,0.0,0.0,0.7786259541984739,0.0,0.34662045060658575,-1.3333333333333333,0.0,0.32726151814027765,0.21356421356421382,0.0,-0.4816593987707492,-2.1974174034434624,0.0,0.0,0.0,0.0,0.0,0.2101167315175098,0.0,0.0,0.0,0.0,0.0,-1.0,0.0,-0.7363770250368187,-1.0,0.0,0.0,-1.980253375364302,0.0,0.0
27.0,1.0,CCCc1cc(C(O)(C(F)(F)F)C(F)(F)F)cc(CCC)c1OCC#CCN1C(=O)NC(C)(c2ccc(OC(C)C)cc2)C1=O,-0.49806201550387585,0.0,0.0,0.0,-0.8888888888888878,0.0,0.0,0.0,1.0,0.0,0.0,4.267540681503366,-1.0,-0.9411764705882345,0.0,0.0,0.045801526717557293,0.0,-0.45060658578856155,-1.3333333333333333,0.0,-1.4519238307636093,-0.48484848484848475,0.0,-0.4816593987707492,-0.8232899022801295,0.0,0.0,0.0,0.0,0.0,-0.5369649805447464,0.0,-1.0,0.0,0.0,0.0,-1.0,0.0,-0.5596465390279823,-1.0,0.0,0.0,-0.39219651460179666,0.0,0.0
53.0,1.0,CCCc1cc(C(O)(C(F)(F)F)C(F)(F)F)ccc1Oc1cccc(CN2C(=O)NC(C)(c3ccc(OC(C)C)cc3)C2=O)c1,-0.699612403100775,0.0,-1.0,0.0,-0.8888888888888878,0.0,0.0,0.0,0.0,0.0,1.0,0.39242297990799085,-1.0,-0.9411764705882345,0.0,0.0,0.3816793893129774,0.0,-0.5823223570190643,0.0,0.0,-0.061067263441915376,-0.6060606060606061,0.0,-0.9751090743062896,-0.5394369474174029,0.0,0.0,0.6336296830801329,0.0,0.0,-0.7704280155642018,0.0,0.0,0.0,0.0,0.0,-1.0,0.0,-0.13549337260677416,-1.0,0.0,0.0,-0.01582109082257808,0.0,0.0
71.0,1.0,CCCc1cc(C(O)(C(F)(F)F)C(F)(F)F)ccc1Oc1ccc(C(=O)CN2C(=O)NC(C)(c3ccc(OC(C)C)cc3)C2=O)c(C)c1,0.32364341085271325,1.0,-1.0,0.9029980120819925,-1.4814814814814805,1.0,1.0,0.9029980120819925,1.0,-1.0,1.0,-0.800423964556849,0.12699584594028973,-1.4117647058823521,1.0,1.0,1.6335877862595434,0.7801138893782954,0.34662045060658575,0.0,0.0,0.022432537011401365,0.21356421356421382,0.0,-0.5686372716101782,0.13506281991624114,1.0,0.0,0.0,0.0,0.6336296830801329,0.4747081712062259,0.0,-1.0,-1.0,0.0,0.0,0.0,0.0,-0.011782032400589115,-1.0,0.6336296830801329,0.0,0.6041753405103185,0.0,0.0
38.0,1.0,CCCc1cc(C(O)(C(F)(F)F)C(F)(F)F)ccc1Oc1ccc(C(=O)CN2C(=O)NC(C)(c3ccc(OC(C)C)cc3)C2=O)c(OC)c1,-0.633720930232558,1.0,-1.0,0.9029980120819925,-1.037037037037036,1.0,1.0,0.9029980120819925,1.0,-1.0,1.0,-1.3292605293149913,0.12699584594028973,-1.0588235294117638,1.0,1.0,-0.3511450381679375,0.7801138893782954,-0.8734835355285963,0.0,0.0,-1.3815426390020902,-0.86002886002886,0.0,-1.029770951638582,0.4645183806421604,1.0,1.235869,0.0,0.0,0.0,-0.45914396887159464,0.0,-1.0,-1.0,0.0,1.0,0.0,0.0,-0.011782032400589115,-1.0,0.0,0.0,1.1851543448521968,0.0,0.0
55.0,1.0,CCCc1cc(C(O)(C(F)(F)F)C(F)(F)F)ccc1Oc1ccc(C(=O)CN2C(=O)NC(C)(c3ccc(OC(C)C)cc3)C2=O)c(O)c1,1.0949612403100777,1.0,-1.0,0.9029980120819925,-1.3333333333333324,1.0,1.0,0.9029980120819925,1.0,-1.0,1.0,-2.807417362841556,0.12699584594028973,-1.2941176470588227,1.0,1.0,1.267175572519085,0.7801138893782954,0.3743500866551126,0.0,0.0,0.2922000163992325,0.21933621933621958,0.0,-0.5686372716101782,0.4105397859469526,1.0,0.0,0.0,0.6336296830801329,0.0,0.8171206225680937,0.0,-1.0,-1.0,0.0,1.0,0.0,0.0,0.011782032400589115,-1.0,0.0,0.0,0.952477249747219,0.0,0.0
68.0,1.0,CCCc1cc(C(O)(C(F)(F)F)C(F)(F)F)ccc1Oc1ccc(C(=O)CN2C(=O)NC(C)(c3ccc(OC(C)C)cn3)C2=O)c(O)c1,0.38953488372093037,1.0,-1.0,0.9029980120819925,0.0,1.0,1.0,0.0,1.0,-1.0,1.0,-3.1341914056123965,1.1958923628737244,-0.23529411764705882,1.0,1.0,0.22900763358778645,0.0,0.6655112651646445,0.0,0.6336296830801329,-0.352858708554086,0.44444444444444464,0.0,-0.5686372716101782,0.7932759422987442,1.0,0.0,0.0,0.6336296830801329,0.0,0.350194552529183,0.0,-1.0,-1.0,0.0,1.0,0.0,0.0,-0.1178203240058905,-1.0,0.0,0.0,1.5127579848926413,0.0,0.0
0.0,1.0,CCCc1cc(C(O)(C(F)(F)F)C(F)(F)F)ccc1Oc1ccc(CCN2C(=O)NC(C)(c3ccc(OC(C)C)cc3)C2=O)c(OC)c1,-0.21899224806201548,0.0,0.0,0.0,0.0,0.0,0.0,0.0,0.0,0.0,0.0,0.96305575214858,-1.0,-0.23529411764705882,0.0,0.0,0.19847328244274826,0.0,-0.33275563258232266,-1.3333333333333333,0.0,-0.9296800987920119,-0.38095238095238104,1.0,-0.488963515451137,-0.8077012563983249,0.0,1.3814245,0.0,0.0,0.0,-0.3501945525291822,1.0,0.0,0.0,0.6336296830801329,0.0,-1.0,0.0,-0.3534609720176728,0.0,0.0,1.0,-0.2810920121334689,0.0,0.0
1.0,1.0,CCCc1cc(C(O)(C(F)(F)F)C(F)(F)F)ccc1Oc1ccc(CCN2C(=O)NC(C)(c3ccc(OC(C)C)cc3)C2=O)c(O)c1,0.14922480620155051,0.0,0.0,0.0,-1.1851851851851842,0.0,0.0,0.0,0.0,0.0,0.0,-0.30334789649876037,-1.0,-1.1764705882352933,0.0,0.0,0.8396946564885504,0.0,0.4090121317157712,-1.3333333333333333,0.0,-0.5190983260388179,0.23665223665223692,1.0,-0.006891814545606839,-0.6708934388087481,0.0,0.0,0.0,0.0,0.0,-0.5836575875486375,1.0,0.0,0.0,0.0,0.0,-1.0,0.0,-0.3416789396170837,0.0,0.0,1.0,-0.1778385772913822,0.0,0.0
5.0,1.0,CCCc1cc(C(O)(C(F)(F)F)C(F)(F)F)ccc1Oc1ccc(C(O)CN2C(=O)NC(C)(c3ccc(OC(C)C)cc3)C2=O)cc1,-0.24999999999999978,0.0,-1.0,0.0,0.14814814814814814,0.0,0.0,0.0,0.0,-1.0,0.0,0.21127891219770592,-1.0,-0.11764705882352941,0.0,1.0,0.045801526717557293,0.0,0.2426343154246099,-1.3333333333333333,0.0,-1.0001715260613895,0.08658008658008667,0.0,0.006891814545603737,0.15972545369939567,1.0,0.0,0.0,0.0,0.0,0.10116731517509732,0.0,0.0,-1.0,0.0,0.0,-1.0,0.0,-0.15316642120765783,-1.0,0.0,0.0,0.7029084636888111,0.0,0.0
46.0,1.0,CCCc1cc(C(O)(C(F)(F)F)C(F)(F)F)ccc1Oc1ccc(C(=O)CN2C(=O)NC(C)(c3ccc(OC(C)C)cc3)C2=O)cc1,0.6143410852713179,1.0,-1.0,0.0,-0.7407407407407407,1.0,1.0,0.9029980120819925,0.0,-1.0,1.0,-0.8587686617543224,0.12699584594028973,-0.8235294117647058,1.0,1.0,-0.015267175572519097,0.0,-0.11091854419410756,0.0,0.0,-0.5252464344427056,-0.1500721500721499,0.0,0.006891814545603737,0.5864355514192655,1.0,0.0,0.0,0.0,0.0,-0.9883268482490268,0.0,0.0,-1.0,0.0,0.0,0.0,0.0,-0.035346097201767346,-1.0,0.6336296830801329,0.0,1.1853922559923862,0.0,0.0
