average,sample_weight,SMILES,pca0,pca1,pca2,pca3,pca4,pca5,pca6,pca7,pca8,pca9,pca10,pca11,pca12,pca13,pca14,pca15,pca16,pca17
6.958607314841775,1.1077944442343703,NCCCC[C@@H]1NC(=O)CCSCc2cccc(c2)CSC[C@@H](C(N)=O)NC(=O)[C@@H]2CCCN2C(=O)[C@H](Cc2ccc(O)cc2)NC(=O)[C@H](Cc2cnc[nH]2)NC(=O)[C@H](CC(=O)O)NC(=O)[C@H](Cc2c[nH]c3ccc(F)cc23)NC(=O)[C@H](Cc2c[nH]c3ccc(F)cc23)NC(=O)CNC1=O,-7.55653651785826,-0.12728117917398082,-1.137316060811338,-0.49224579151348014,0.2998935324765094,0.12804888113307542,1.2322571462680272,-0.6470510243119477,1.9434019253579262,0.8077944409129496,-0.4435850457241817,-0.30409136882189514,-0.2107765666278228,0.07108757495882839,-0.04434304051077419,0.1004555977375073,-0.17181767786432497,0.07531677000315104
6.406713932979542,1.1077944442343703,C[C@@H]1NC(=O)CCSCc2cccc(c2)CSC[C@@H](C(N)=O)NC(=O)[C@@H]2CCCN2C(=O)[C@H](Cc2ccc(O)cc2)NC(=O)[C@H](Cc2cnc[nH]2)NC(=O)[C@H](CC(=O)O)NC(=O)[C@H](Cc2c[nH]c3ccc(F)cc23)NC(=O)[C@H](Cc2c[nH]c3ccc(F)cc23)NC(=O)CNC1=O,-4.217267401661582,-1.0695939906394918,-0.9646794601167723,0.6711837657372447,-2.1887128396069473,-5.398013276901393,1.1369110595025351,-2.7345068229425444,-1.3817512420379179,-1.5002109892248756,-1.9179537558892021,0.99199580436084,-1.5536228999412893,0.07659216962553751,1.0659511853864254,1.4448494280961939,0.4547237112309338,-2.2836311527936424
6.18309616062434,1.1077944442343703,C[C@@H]1NC(=O)CNC(=O)[C@H](CCCCN)NC(=O)CCSCc2cccc(c2)CSC[C@@H](C(N)=O)NC(=O)[C@@H]2CCCN2C(=O)[C@H](Cc2ccc(O)cc2)NC(=O)[C@H](Cc2cnc[nH]2)NC(=O)[C@H](CC(=O)O)NC(=O)[C@H](Cc2c[nH]c3ccc(F)cc23)NC1=O,-4.946899330647005,-7.068957102991055,-0.7229054611305051,0.6369972175202997,-2.550535535381906,-1.8377826393269814,0.04056650156410272,0.7043804727426021,-2.6775942979668055,-0.44267912373439705,2.2697301191656107,-1.9016710081810844,-0.3257104876369868,-2.9389173403658435,1.403311652717366,0.04844844245933078,-1.4419981528670465,1.2786077897055974
6.369572124974976,1.1077944442343703,C[C@@H]1NC(=O)[C@H](Cc2c[nH]c3ccc(F)cc23)NC(=O)[C@H](Cc2c[nH]c3ccc(F)cc23)NC(=O)CNC(=O)[C@H](CCCCN)NC(=O)CCSCc2cccc(c2)CSC[C@@H](C(N)=O)NC(=O)[C@@H]2CCCN2C(=O)[C@H](Cc2ccc(O)cc2)NC(=O)[C@H](Cc2cnc[nH]2)NC1=O,-3.216111933995217,-3.1105717503019954,-2.6815538180809915,-2.7774237324771334,0.6209119122713517,0.4108173265496424,2.223816920500063,4.268654991972663,-1.2296472763790984,-0.4334190886429267,-1.3578831615333795,0.9475601989491622,2.057106824961669,-0.1464849987800313,-0.5259955719997579,0.98498200583421,-0.021601745680902538,-2.075079361857822
6.279840696594043,1.1077944442343703,C[C@@H]1NC(=O)[C@H](CC(=O)O)NC(=O)[C@H](Cc2c[nH]c3ccc(F)cc23)NC(=O)[C@H](Cc2c[nH]c3ccc(F)cc23)NC(=O)CNC(=O)[C@H](CCCCN)NC(=O)CCSCc2cccc(c2)CSC[C@@H](C(N)=O)NC(=O)[C@@H]2CCCN2C(=O)[C@H](Cc2ccc(O)cc2)NC1=O,-5.104402507696497,-4.208469627142244,0.27207108054157236,-3.253956373652863,-2.293594313680131,-3.006369162351808,0.684175762065299,-0.6648501712547469,0.17448091360355675,1.7037160874319932,0.2895413144981879,-1.4632416023246815,1.782176178683164,-0.5327482847533676,0.8607971125440268,0.33705671502539497,-0.3915867942647426,-0.3716669433603349
4.78962796597471,1.1077944442343703,NCCCC[C@H]1NC(=O)CCSCc2cccc(c2)CSC[C@@H](C(N)=O)NC(=O)[C@@H]2CCCN2C(=O)[C@H](Cc2ccc(O)cc2)NC(=O)[C@H](Cc2cnc[nH]2)NC(=O)[C@H](CC(=O)O)NC(=O)[C@H](Cc2c[nH]c3ccc(F)cc23)NC(=O)[C@H](Cc2c[nH]c3ccc(F)cc23)NC(=O)CNC1=O,-7.556536517858269,-0.1272811791739802,-1.1373160608113384,-0.49224579151347364,0.2998935324765093,0.12804888113307475,1.2322571462680263,-0.6470510243119479,1.9434019253579222,0.8077944409129508,-0.4435850457241833,-0.30409136882189564,-0.21077656662782365,0.07108757495883107,-0.044343040510774395,0.10045559773750772,-0.1718176778643238,0.0753167700031522
5.6965879294032575,1.1077944442343703,NCCCC[C@@H]1NC(=O)CCSCc2cccc(c2)CSC[C@H](C(N)=O)NC(=O)[C@@H]2CCCN2C(=O)[C@H](Cc2ccc(O)cc2)NC(=O)[C@H](Cc2cnc[nH]2)NC(=O)[C@H](CC(=O)O)NC(=O)[C@H](Cc2c[nH]c3ccc(F)cc23)NC(=O)[C@H](Cc2c[nH]c3ccc(F)cc23)NC(=O)CNC1=O,-7.556536517858267,-0.1272811791739804,-1.1373160608113377,-0.49224579151348163,0.2998935324765117,0.1280488811330755,1.2322571462680312,-0.6470510243119473,1.9434019253579244,0.8077944409129498,-0.4435850457241825,-0.30409136882189536,-0.21077656662782368,0.0710875749588307,-0.044343040510774326,0.10045559773750909,-0.17181767786432375,0.07531677000315065
6.465973893943865,1.1077944442343703,CN1C(=O)CCSCc2cccc(c2)CSC[C@@H](C(N)=O)NC(=O)[C@@H]2CCCN2C(=O)[C@H](Cc2ccc(O)cc2)NC(=O)[C@H](Cc2cnc[nH]2)NC(=O)[C@H](CC(=O)O)NC(=O)[C@H](Cc2c[nH]c3ccc(F)cc23)NC(=O)[C@H](Cc2c[nH]c3ccc(F)cc23)NC(=O)CNC(=O)[C@@H]1CCCCN,-5.144239375939683,1.4437080527443602,0.37659099448659855,-1.7912013487461553,2.4166448124113793,-0.3450747930493299,0.07633674022524493,-1.3408482995006665,-0.8346650485080684,-1.4423114782230195,1.4795317652510902,0.5727268038744439,0.5295267726707733,-0.1227414518333651,0.5938364497986784,1.2920431655867266,-0.6847323480716759,0.699541221868344
5.388276691992658,1.1077944442343703,CN1CC(=O)N[C@@H](Cc2c[nH]c3ccc(F)cc23)C(=O)N[C@@H](Cc2c[nH]c3ccc(F)cc23)C(=O)N[C@@H](CC(=O)O)C(=O)N[C@@H](Cc2cnc[nH]2)C(=O)N[C@@H](Cc2ccc(O)cc2)C(=O)N2CCC[C@H]2C(=O)N[C@H](C(N)=O)CSCc2cccc(c2)CSCCC(=O)N[C@@H](CCCCN)C1=O,-3.5799174673748526,1.8248857240922631,1.055190564654351,-1.5893863486065245,2.710233623875075,0.32459977732038253,1.2134174365185741,-1.5434384816782392,-2.550327208675792,-0.7739380112985025,1.0045965071413179,1.7380147882592702,-0.41571127389967166,0.09033615246323815,-0.2703850473935306,1.898112893696009,-2.32140589610454,-0.20534036584761026
4.890522699041265,1.1077944442343703,CN1C(=O)[C@H](Cc2c[nH]c3ccc(F)cc23)NC(=O)[C@H](Cc2c[nH]c3ccc(F)cc23)NC(=O)CNC(=O)[C@H](CCCCN)NC(=O)CCSCc2cccc(c2)CSC[C@@H](C(N)=O)NC(=O)[C@@H]2CCCN2C(=O)[C@H](Cc2ccc(O)cc2)NC(=O)[C@H](Cc2cnc[nH]2)NC(=O)[C@@H]1CC(=O)O,-5.400066781402034,1.2264711749877868,1.2942819317401046,-1.2178218715011975,3.9986098166028703,0.7030003003439247,-0.31784745966768496,-1.7967856284901282,0.40690463238166047,-0.9325679404553285,1.4244831248725263,1.2339692063054815,0.036848773810228774,-0.38364014024394,-0.8830020881820289,-0.24924211069922586,-0.7134359480703748,0.758189477074313
6.950781977329818,1.1077944442343703,CN1C(=O)[C@H](Cc2cnc[nH]2)NC(=O)[C@H](CC(=O)O)NC(=O)[C@H](Cc2c[nH]c3ccc(F)cc23)NC(=O)[C@H](Cc2c[nH]c3ccc(F)cc23)NC(=O)CNC(=O)[C@H](CCCCN)NC(=O)CCSCc2cccc(c2)CSC[C@@H](C(N)=O)NC(=O)[C@@H]2CCCN2C(=O)[C@@H]1Cc1ccc(O)cc1,-5.365231543007169,1.251068980943337,1.2149843312591133,-1.5519660226076497,3.466470195010452,-0.17999922722544662,-0.882939566645883,-1.4147546092805294,-0.23645280513193567,-1.8023742267170533,1.7450622385288785,-0.157856481330731,-0.10645860856371443,0.3556737888258275,0.6943008532204148,-0.26718838398960404,-0.6423233688366333,1.0964597268109257
7.326979092871104,1.1077944442343703,CC(=O)N[C@H]1CSCc2cccc(c2)CSC[C@@H](C(N)=O)NC(=O)[C@@H]2CCCN2C(=O)[C@H](Cc2ccc(O)cc2)NC(=O)[C@H](Cc2cnc[nH]2)NC(=O)[C@H](CC(=O)O)NC(=O)[C@H](Cc2c[nH]c3ccc(F)cc23)NC(=O)[C@H](Cc2c[nH]c3ccc(F)cc23)NC(=O)CNC(=O)[C@H](CCCCN)NC1=O,-5.744276981462085,3.393466128549034,3.8338991187265763,0.3874059620114521,-1.788751204645619,0.5529111324524922,2.285818819733593,2.1476235636719267,-0.7280953098859908,-0.15347332447547338,-2.296409460728708,1.3109350551415513,-1.722751583482216,0.33461235539140444,0.6325528397481642,-0.8146460956170742,-1.2517311193055376,1.9777729310758108
6.987162775294828,1.1077944442343703,CC(=O)N[C@H]1CSCc2cccc(c2)CSC[C@@H](C(N)=O)NC(=O)[C@@H]2CCCN2C(=O)[C@H](Cc2ccc(O)cc2)NC(=O)[C@H](Cc2cnc[nH]2)NC(=O)[C@H](CC(=O)O)NC(=O)[C@H](Cc2c[nH]c3ccc(F)cc23)NC(=O)[C@H](Cc2c[nH]c3ccccc23)NC(=O)CNC(=O)[C@H](CCCCN)NC1=O,-5.116110493886912,0.08516670951316696,4.3058885595758944,3.5361921019056406,-2.21486049202245,3.139500746966004,0.37239279837107403,1.7571931814737038,-2.5643844234676525,-1.0395861653581322,-2.6450963651070936,0.7044688837573613,-1.448986726383807,-0.36598925791277886,-0.7757858401360012,-0.5426374860894583,-0.17687029241928412,1.3211469184888551
5.97061622231479,1.1077944442343703,CC(=O)N[C@H]1CSCc2cccc(c2)CSC[C@@H](C(N)=O)NC(=O)[C@@H]2CCCN2C(=O)[C@H](Cc2ccc(O)cc2)NC(=O)[C@H](Cc2cnc[nH]2)NC(=O)[C@H](CC(=O)O)NC(=O)[C@H](Cc2c[nH]c3ccccc23)NC(=O)[C@H](Cc2c[nH]c3ccc(F)cc23)NC(=O)CNC(=O)[C@H](CCCCN)NC1=O,-5.0034802313185756,0.776233543191299,3.870633082494164,3.166574266721151,-1.805468138942232,3.0521630546256633,0.5511188102758348,2.5467984738497993,-2.1078577563127574,-1.057260092317724,-2.5022071817469604,0.6704118658049745,-2.410498170354687,0.7418476190509328,-0.5536733698746745,-0.25945896122561357,0.2677228574087326,0.8834850093790119
7.200659450546418,1.1077944442343703,CC1(c2cccc3ccccc23)NC(=O)CNC(=O)[C@H](CCCCN)NC(=O)CCSCc2cccc(c2)CSC[C@@H](C(N)=O)NC(=O)[C@@H]2CCCN2C(=O)[C@H](Cc2ccc(O)cc2)NC(=O)[C@H](Cc2cnc[nH]2)NC(=O)[C@H](CC(=O)O)NC(=O)[C@H](Cc2c[nH]c3ccc(F)cc23)NC1=O,-3.3781359580900165,-4.207954640467907,0.31176179885242156,1.6432177306718507,-1.7067552583681151,3.0581207764796807,-3.501991805950502,-0.7439212057501838,-1.1262706501411417,0.8124165441182682,-2.322122500604273,0.01887933162979671,0.047048218210686096,-1.8309452787771832,-1.207801083693894,-0.19294814116820364,-1.7118361973975809,1.0910046634612782
4.532465886150408,1.1077944442343703,NCCCC[C@@H]1NC(=O)CCSCc2cccc(c2)CSC[C@@H](C(N)=O)NC(=O)[C@@H]2CCCN2C(=O)[C@H](Cc2ccc(O)cc2)NC(=O)[C@H](Cc2cnc[nH]2)NC(=O)[C@H](CC(=O)O)NC(=O)[C@H](Cc2c[nH]c3ccc(F)cc23)NC(=O)[C@H](Cc2ccc(-c3ccccc3)cc2)NC(=O)CNC1=O,-5.558177597601248,-5.8506229991401435,-0.0979334973695339,3.3300414971682426,-0.23497303949104753,2.0766068866764154,-2.2861863712342276,-1.8520255038146245,-1.2605572205528663,4.181748356653596,-0.5630006228221021,0.2489197431992162,1.8685605584661924,-0.7581957112313624,0.96844770484127,0.044713777839531524,0.5546907418412127,0.34645633807588805
5.655411257421286,1.1077944442343703,NCCCC[C@@H]1NC(=O)CCSCc2cccc(c2)CSC[C@@H](C(N)=O)NC(=O)[C@@H]2CCCN2C(=O)[C@H](Cc2ccc(O)cc2)NC(=O)[C@H](Cc2cnc[nH]2)NC(=O)[C@H](CC(=O)O)NC(=O)[C@H](Cc2c[nH]c3ccc(F)cc23)NC(=O)C(CCc2ccccc2)NC(=O)CNC1=O,-6.142537449801207,-6.097389381595594,-0.677937191196918,2.4345348891990004,-1.4835866132958688,1.762059868069059,-1.1659620400405248,-1.3743833019874772,-0.15523183560823378,1.4672583819550018,0.2344911879570555,-0.45381252805261474,0.48253368955203824,-0.5867590557301483,-0.23081228042683122,-0.0671421073701996,1.2695295574422207,0.5865928658182757
7.853871964321762,1.1077944442343703,C[C@@]12CCCN1C(=O)[C@H](Cc1ccc(O)cc1)NC(=O)[C@H](Cc1cnc[nH]1)NC(=O)[C@H](CC(=O)O)NC(=O)[C@H](Cc1c[nH]c3ccc(F)cc13)NC(=O)[C@H](Cc1c[nH]c3ccc(F)cc13)NC(=O)CNC(=O)[C@H](CCCCN)NC(=O)CCSCc1cccc(c1)CSC[C@@H](C(N)=O)NC2=O,-0.40975062590094413,4.64204121756776,-1.372971818869861,0.9513736890102892,-1.7829776043407095,-1.6034803777685418,-3.5085131321839027,1.5917812156189441,0.5803832410019614,0.8327031885487585,0.4420467644334611,0.7841075027283275,0.06982545928253393,1.02324645419444,-0.6557876990902181,-0.5067318963397632,1.024520709208463,0.34152926814764933
4.968995718636463,1.1077944442343703,CN1CC(=O)N[C@H](C(N)=O)CSCc2cccc(c2)CSCCC(=O)N[C@@H](CCCCN)C(=O)NCC(=O)N[C@@H](Cc2c[nH]c3ccc(F)cc23)C(=O)N[C@@H](Cc2c[nH]c3ccc(F)cc23)C(=O)N[C@@H](CC(=O)O)C(=O)N[C@@H](Cc2cnc[nH]2)C(=O)N[C@@H](Cc2ccc(O)cc2)C1=O,-5.76834480536494,0.6012084264092211,-3.1332188850334095,3.6811132461780898,1.5483554176748557,-5.204872017186703,-0.1336891901193014,0.2543015610819875,-0.10205698505054885,-0.41704927089672683,1.9169335330264845,2.20834271260651,-0.2787086426066472,2.3389933402015997,-0.1644889426125257,-1.9751007848665851,0.38870104845030545,1.433705280118456
7.170696227168975,1.1077944442343703,NCCCC[C@@H]1NC(=O)CCSCc2cccc(c2)CSC[C@@H](C(N)=O)NC(=O)[C@@H]2CCN2C(=O)[C@H](Cc2ccc(O)cc2)NC(=O)[C@H](Cc2cnc[nH]2)NC(=O)[C@H](CC(=O)O)NC(=O)[C@H](Cc2c[nH]c3ccc(F)cc23)NC(=O)[C@H](Cc2c[nH]c3ccc(F)cc23)NC(=O)CNC1=O,-6.785549946966568,0.34165117522768956,-1.9641607312614953,0.8904525110740912,-0.18224982744640988,-1.9495482106475237,0.9219746907333695,-0.6602110881361124,1.6031531476152725,1.3346252466808504,0.17296586580258805,-0.05494287090741632,-0.5225689157513383,0.7494941389225422,-0.9678111056727092,-1.4069324929944642,-0.11972897474591525,-0.013423618953043151
6.013676222949234,1.1077944442343703,NCCCC[C@@H]1NC(=O)CCSCc2cccc(c2)CSC[C@@H](C(N)=O)NC(=O)[C@@H]2CCCCN2C(=O)[C@H](Cc2ccc(O)cc2)NC(=O)[C@H](Cc2cnc[nH]2)NC(=O)[C@H](CC(=O)O)NC(=O)[C@H](Cc2c[nH]c3ccc(F)cc23)NC(=O)[C@H](Cc2c[nH]c3ccc(F)cc23)NC(=O)CNC1=O,-6.59859353442492,0.5286583636987547,-1.309277264578583,-0.18797885017203292,0.5120867129959791,0.7026691354195368,1.1305507700173174,-0.010931136164269932,3.021721088864265,1.6013808760376986,-0.017028887061433122,-0.18698285340163107,-0.6706149089248088,0.32045584774749375,-0.12439373634409669,0.014840155155407654,-0.17088791866251732,0.01984486563341891
7.575118363368933,1.1077944442343703,C[C@@]12CCCN1C(=O)[C@H](Cc1ccc(O)cc1)NC(=O)[C@H](Cc1cnc[nH]1)NC(=O)[C@H](CC(=O)O)NC(=O)[C@H](Cc1c[nH]c3ccc(F)cc13)NC(=O)[C@H](Cc1c[nH]c3ccc(F)cc13)NC(=O)CNC(=O)[C@H](CCCCN)NC(=O)CCSCc1cccc(c1)CSCCNC2=O,2.3870314801653674,1.7546029357361272,-6.987468246735259,2.0539958346349696,-0.03686130345330559,-0.7141240621041756,-3.1449798486236746,0.7984147680288856,1.5618307561423483,-1.8043559740553765,-0.3481367260506467,-0.4448346252603358,-0.2676953785673584,-0.4897705639111533,0.6432224742584999,-1.8444316007536108,-0.631014924657864,-0.4366310253066247
7.632644078973981,1.1077944442343703,C[C@H]1NC(=O)[C@H](CCCCN)NC(=O)CCSCc2cccc(c2)CSCCNC(=O)[C@]2(C)CCCN2C(=O)[C@H](Cc2ccc(O)cc2)NC(=O)[C@H](Cc2cnc[nH]2)NC(=O)[C@H](CC(=O)O)NC(=O)[C@H](Cc2c[nH]c3ccc(F)cc23)NC(=O)[C@H](Cc2c[nH]c3ccc(F)cc23)NC1=O,6.198688414602875,2.725735136325298,-5.270479497023428,-0.09851884318383047,-2.2200095336285193,0.9677867704533537,0.09646768785314168,0.46896176155384833,-0.3996151597907802,-0.6346113907604688,0.592362639679523,0.3459058346976132,0.24710524194261996,-1.6472133094454546,-0.446080306238745,-1.3943742767202774,0.2644382843544782,-1.0553052372223797
7.361510743045363,1.1077944442343703,CCC[C@H]1NC(=O)[C@H](CCCCN)NC(=O)CCSCc2cccc(c2)CSCCNC(=O)[C@]2(C)CCCN2C(=O)[C@H](Cc2ccc(O)cc2)NC(=O)[C@H](Cc2cnc[nH]2)NC(=O)[C@H](CC(=O)O)NC(=O)[C@H](Cc2c[nH]c3ccc(F)cc23)NC(=O)[C@H](Cc2c[nH]c3ccc(F)cc23)NC1=O,5.238081701250636,2.9771998073885855,-4.3275640926680445,-0.3427470140752078,-0.77892046481265,3.5185946340549386,-1.4643354623820382,0.1841758053070103,0.29392673932377733,-0.6982411949381789,0.4415676463505955,-1.7288672976188664,0.5996649724343884,0.030487401136021077,0.6797113749036874,-0.4668734759098439,-0.4185689136173951,-0.4346819755615457
7.75448733218585,1.1077944442343703,CC(C)[C@H]1NC(=O)[C@H](CCCCN)NC(=O)CCSCc2cccc(c2)CSCCNC(=O)[C@]2(C)CCCN2C(=O)[C@H](Cc2ccc(O)cc2)NC(=O)[C@H](Cc2cnc[nH]2)NC(=O)[C@H](CC(=O)O)NC(=O)[C@H](Cc2c[nH]c3ccc(F)cc23)NC(=O)[C@H](Cc2c[nH]c3ccc(F)cc23)NC1=O,5.688485498068656,3.845066743979248,-3.965124117606054,-0.6145292228053041,-1.7137387378529918,2.9400891061827594,-1.052371203864355,0.419414416602926,0.3062892473513269,0.9227221114519167,1.6677147045162253,2.157388221523678,-1.1661091501240302,1.244532761691684,0.8245519400955855,0.7087427196137834,-0.7280697634453692,0.2049144166510974
7.570247719997592,1.1077944442343703,C[C@H](O)[C@H]1NC(=O)[C@H](CCCCN)NC(=O)CCSCc2cccc(c2)CSCCNC(=O)[C@]2(C)CCCN2C(=O)[C@H](Cc2ccc(O)cc2)NC(=O)[C@H](Cc2cnc[nH]2)NC(=O)[C@H](CC(=O)O)NC(=O)[C@H](Cc2c[nH]c3ccc(F)cc23)NC(=O)[C@H](Cc2c[nH]c3ccc(F)cc23)NC1=O,4.582917735712282,4.772850541128533,-2.4681761734779766,-0.1409253171441689,-3.2760140222994085,1.7448767512209458,-1.446913436618157,-1.4405878025323555,-0.17684983355608194,0.9135364842196424,1.0430076465706453,0.984365285671624,-1.4099312104168595,0.034193441388898495,2.327759960866207,-0.5012538971707853,0.3394142315196298,0.6122130378807124
7.317854923626168,1.1077944442343703,C[C@@H]1NC(=O)CCSCc2cccc(c2)CSCCNC(=O)[C@]2(C)CCCN2C(=O)[C@H](Cc2ccc(O)cc2)NC(=O)[C@H](Cc2cnc[nH]2)NC(=O)[C@H](CC(=O)O)NC(=O)[C@H](Cc2c[nH]c3ccc(F)cc23)NC(=O)[C@H](Cc2c[nH]c3ccc(F)cc23)NC(=O)[C@@H](CCCCN)NC1=O,5.423482447452801,2.622491673497679,-4.889954614818491,-0.7207962777092493,-2.0464789165796433,0.9920999230264024,-0.014496755054715335,-0.28909741666672684,-0.4517682815836375,-1.0065774929235298,0.04579827988534785,-0.4741715890103542,0.7726083310975684,-0.9677657379579759,0.04729825832295111,-0.4947446953529397,1.1903590467677894,-0.9540904194243682
7.054039296422431,1.1077944442343703,C[C@@H]1NC(=O)[C@@H]2CCCN2C(=O)[C@H](Cc2c[nH]c3ccc(F)cc23)NC(=O)[C@H](Cc2c[nH]c3ccc(F)cc23)NC(=O)CNC(=O)[C@H](CCCCN)NC(=O)CCSCc2cccc(c2)CSC[C@@H](C(N)=O)NC(=O)[C@]2(C)CCCN2C(=O)[C@H](Cc2ccc(O)cc2)NC1=O,1.3952069974097028,-5.208762669785823,0.31612134093860883,-6.84607073759541,1.0109140508331658,-0.030051510998152644,-2.6263006778294122,1.4573701971494617,-0.5427262399926353,-0.8255512909984782,-1.9024883860405855,-1.609741412839571,2.4671229968694366,1.4437019327468734,0.5727610087183204,-1.456129052861243,-1.8262931913196983,-1.1614162967388915
7.621602099051862,1.1077944442343703,C[C@@H](O)[C@@H]1NC(=O)[C@@H]2CCCN2C(=O)[C@H](Cc2c[nH]c3ccc(F)cc23)NC(=O)[C@H](Cc2c[nH]c3ccc(F)cc23)NC(=O)CNC(=O)[C@H](CCCCN)NC(=O)CCSCc2cccc(c2)CSC[C@@H](C(N)=O)NC(=O)[C@]2(C)CCCN2C(=O)[C@H](Cc2ccc(O)cc2)NC1=O,0.5209409925808037,-2.5045469822837476,2.4695903287080077,-6.774336602636631,-0.7840345955925808,-0.18731668783504113,-3.6876154179978204,-0.028100448717342554,-0.33900835117650086,0.2599157117053722,-1.3224280822500547,-1.1535648302648012,0.1847599319762724,1.0393297322102053,0.9282844306954121,-0.9452237498646409,0.577267065426037,0.30438784587448287
6.694218848745018,1.1077944442343703,C[C@H]1NC(=O)[C@H](CCC(=O)O)NC(=O)CCSCc2cccc(c2)CSCCNC(=O)[C@]2(C)CCCN2C(=O)[C@H](Cc2ccc(O)cc2)NC(=O)[C@H](Cc2cnc[nH]2)NC(=O)[C@H](CC(=O)O)NC(=O)[C@H](Cc2c[nH]c3ccc(F)cc23)NC(=O)[C@H](Cc2c[nH]c3ccc(F)cc23)NC1=O,6.10158371509219,3.511233148695884,-2.5395026237435694,1.1847746698370836,-4.23420050626798,-1.6743596103039262,0.5465737283547748,-5.45625587366875,-1.472994522592822,-0.7577587520631015,-2.1201106451349054,0.7860397220760483,0.6839473946886458,-1.0333356964363376,-0.3537015783622181,-0.596724313026024,-1.3252360067996003,-0.8948336511910608
6.877784121727173,1.1077944442343703,C[C@@]12CCCN1C(=O)[C@H](Cc1ccc(O)cc1)NC(=O)[C@H](Cc1cnc[nH]1)NC(=O)[C@H](CC(=O)O)NC(=O)[C@H](Cc1c[nH]c3ccc(F)cc13)NC(=O)[C@H](Cc1c[nH]c3ccc(F)cc13)NC(=O)CNC(=O)[C@H](CCCN)NC(=O)CCSCc1cccc(c1)CSC[C@@H](C(N)=O)NC2=O,0.3288000512363856,4.100350004491801,0.06950040557681657,1.2040552893666872,-2.3389751456544503,-3.9459777661308717,-4.198140446474599,-0.403621625285698,-0.4320617087028216,-0.5096567708824834,-0.7061600236183406,-0.10229410168130446,0.6662845255056826,0.03625180706715298,0.46908800188593264,0.5958117714377018,1.215008730121142,0.04085630936322963
7.023650020996726,1.1077944442343703,CCC[C@@H]1NC(=O)CCSCc2cccc(c2)CSC[C@@H](C(N)=O)NC(=O)[C@]2(C)CCCN2C(=O)[C@H](Cc2ccc(O)cc2)NC(=O)[C@H](Cc2cnc[nH]2)NC(=O)[C@H](CC(=O)O)NC(=O)[C@H](Cc2c[nH]c3ccc(F)cc23)NC(=O)[C@H](Cc2c[nH]c3ccc(F)cc23)NC(=O)CNC1=O,2.4080355666702506,3.458871779800594,0.5759792900393136,1.523823435340685,-2.8549438665413915,-3.3170445615441895,-3.284714870553731,-1.5601532255876411,-1.249282514924887,-0.9045658049533017,-2.694420382102424,0.5458830193098309,0.236317511092249,1.9956961976438383,1.1753409197303126,0.608562815847681,-0.21909823065258419,-0.06329943487538245
7.102922996790579,1.1077944442343703,COc1ccc(C[C@@H]2NC(=O)[C@H](Cc3cnc[nH]3)NC(=O)[C@H](CC(=O)O)NC(=O)[C@H](Cc3c[nH]c4ccc(F)cc34)NC(=O)[C@H](Cc3c[nH]c4ccc(F)cc34)NC(=O)[C@@H](C)NC(=O)[C@H](CCCCO)NC(=O)CCSCc3cccc(c3)CSCCNC(=O)[C@]3(C)CCCN3C2=O)cc1,8.064269453216772,2.1395602621238656,-2.1288708989541365,1.0730894591830198,2.1249537013519366,-0.7142293068853426,1.9189183028309886,-0.7934459829219116,-0.7819100428230321,-0.5827448946346364,-0.4661948735729708,-0.8288760958775675,-0.08564310456124391,1.1205373362976732,-0.7343146123562996,1.7600966593610328,0.5536447976838819,0.6875161192759965
6.0195421077239,1.1077944442343703,CC(=O)N[C@@H](Cc1cnc[nH]1)C(=O)N(C)[C@@H](Cc1ccc(F)cc1)C(=O)N[C@H]1CSCc2cccc(c2)CSC[C@@H](C(N)=O)NC(=O)[C@@H]2CCCN2C(=O)[C@H](Cc2ccc(O)cc2)NC(=O)[C@H](Cc2cnc[nH]2)NC(=O)[C@H](CC(=O)O)NC(=O)[C@H](Cc2c[nH]c3ccc(F)cc23)NC(=O)[C@H](Cc2c[nH]c3ccc(F)cc23)NC(=O)CNC(=O)[C@H](CCCCN)NC1=O,-3.074060683669892,12.633196330070353,7.433576873147615,0.7129957079040818,0.4959158669552233,2.396423504151047,2.2979036070511287,0.9154538153439369,2.252482214814825,-1.5685416935593441,-0.8867284903693511,3.51749193961074,4.241665590393026,-2.826803379120419,2.818299386705791,-1.316661452378614,1.6155197133350336,-0.8154985691448449
6.872895201635192,1.1077944442343703,CCCCC(NC(C)=O)C(=O)N[C@H]1CSCc2cccc(c2)CSC[C@@H](C(N)=O)NC(=O)[C@H]([C@@H](C)O)NC(=O)[C@H](CCC)NC(=O)[C@H](Cc2ccc(O)cc2)NC(=O)[C@H](CCC(=O)O)NC(=O)[C@H](CCC)NC(=O)[C@H](Cc2c[nH]c3ncccc23)NC(=O)[C@H]([C@@H](C)O)NC(=O)[C@H](Cc2cnc[nH]2)NC(=O)[C@H](Cc2ccc(O)cc2)NC(=O)[C@H](C(C)(C)C)NC1=O,0.7537683023382397,6.981870067787406,9.023272802699653,3.085863820604761,-8.762696307472009,3.642444271821756,2.962960360482616,-1.130321443326205,0.6469061507407589,-0.6949268864588997,3.260873299896956,-3.7591933229304604,-0.44862290522165854,3.002605121987246,0.839913814518848,-0.6707820247757017,-1.0375811145118448,-1.137451263729499
6.598599459218455,1.1077944442343703,NCCCC[C@@H]1NC(=O)CCSCc2cccc(c2)CSCCNC(=O)[C@@H]2CCCN2C(=O)[C@H](Cc2ccc(O)cc2)NC(=O)[C@H](Cc2cnc[nH]2)NC(=O)[C@H](CC(=O)O)NC(=O)[C@H](Cc2c[nH]c3ccc(F)cc23)NC(=O)[C@H](Cc2c[nH]c3ccc(F)cc23)NC(=O)CNC1=O,-3.977306125584854,-2.260396678816515,-6.184445031191626,0.6624580768133874,2.524688842611233,0.8037296338729455,1.5634670314577095,0.25017463957473646,1.6416159663810057,-1.918117976944627,-2.0297748551536903,-1.5681445853625364,-0.08202314933893924,0.3199153640803387,0.798416245497906,0.27968189248334746,-0.5919149537160863,0.653748415189602
4.168243764792422,0.2762373029977992,CN1C(=O)[C@H](CC(=O)O)NC(=O)[C@H](Cc2c[nH]c3ccc(F)cc23)NC(=O)[C@H](Cc2c[nH]c3ccc(F)cc23)NC(=O)CNC(=O)[C@H](CCCCN)NC(=O)CCSCc2cccc(c2)CSC[C@@H](C(N)=O)NC(=O)[C@@H]2CCCN2C(=O)[C@H](Cc2ccc(O)cc2)NC(=O)[C@@H]1Cc1cnc[nH]1,-5.067731152107136,1.4502657487922674,1.6531871954159276,-1.580876621932458,3.9085500275309744,0.6172021946965445,-1.2461518238735168,-2.329042758881539,0.3713550652283655,-1.242062453859358,1.7880507229701903,0.028785125543444198,0.5405796176126196,0.3539883622912476,0.4266063132202232,-0.487895571509707,0.3358227033736768,0.14235749669403225
4.168243764792422,0.2762373029977992,CN1C(=O)[C@H](Cc2c[nH]c3ccc(F)cc23)NC(=O)CNC(=O)[C@H](CCCCN)NC(=O)CCSCc2cccc(c2)CSC[C@@H](C(N)=O)NC(=O)[C@@H]2CCCN2C(=O)[C@H](Cc2ccc(O)cc2)NC(=O)[C@H](Cc2cnc[nH]2)NC(=O)[C@H](CC(=O)O)NC(=O)[C@@H]1Cc1c[nH]c2ccccc12,-3.830839355768119,-1.6742117415022706,1.3699558811332946,1.4630992272748016,3.4688313308362915,2.3772987558559975,-2.845966418690993,0.2778723601027995,-3.0626987523377105,-3.033878584843937,0.9515525404380075,0.4353321099556597,0.2838187560030655,0.5150252696690599,-0.5268030951261338,0.4771638221103347,1.4490896932298019,-0.9719501085354377
4.168243764792422,0.2762373029977992,C[C@@H]1NC(=O)[C@H](Cc2c[nH]c3ccc(F)cc23)NC(=O)CNC(=O)[C@H](CCCCN)NC(=O)CCSCc2cccc(c2)CSC[C@@H](C(N)=O)NC(=O)[C@@H]2CCCN2C(=O)[C@H](Cc2ccc(O)cc2)NC(=O)[C@H](Cc2cnc[nH]2)NC(=O)[C@H](CC(=O)O)NC1=O,-4.84967601362721,-7.136723006763113,-0.7578315254290952,0.4045195237232615,-2.690897972516995,-1.738257405882848,0.949927887602738,2.2730585293111494,-2.680279418370931,0.2607705345281439,2.100082592164183,-1.3051517835195843,-0.5691835615791335,-2.619043648856099,0.8559856889968637,0.37688306766649127,-0.10346464290806864,-0.26027819613465436
4.168243764792422,0.2762373029977992,CN1C(=O)[C@@H]2CCCN2C(=O)[C@H](Cc2ccc(O)cc2)NC(=O)[C@H](Cc2cnc[nH]2)NC(=O)[C@H](CC(=O)O)NC(=O)[C@H](Cc2c[nH]c3ccc(F)cc23)NC(=O)[C@H](Cc2c[nH]c3ccc(F)cc23)NC(=O)CNC(=O)[C@H](CCCCN)NC(=O)CCSCc2cccc(c2)CSC[C@H]1C(N)=O,-4.957136772121386,1.2707600095193172,1.7139373315993502,-1.3115099201613434,2.881591728183393,-1.0778486330270196,0.16188372553785316,-0.007125011695907994,-0.7253910645842219,-1.0171114893991249,1.6184349550513724,2.0749514522765167,0.05013831195851959,0.6200203976714207,0.4066003267651692,1.7015051706027253,-1.0167802183947061,0.5522680694258604
4.168243764792422,0.2762373029977992,CN1C(=O)CNC(=O)[C@H](CCCCN)NC(=O)CCSCc2cccc(c2)CSC[C@@H](C(N)=O)NC(=O)[C@@H]2CCCN2C(=O)[C@H](Cc2ccc(O)cc2)NC(=O)[C@H](Cc2cnc[nH]2)NC(=O)[C@H](CC(=O)O)NC(=O)[C@H](Cc2c[nH]c3ccc(F)cc23)NC(=O)[C@@H]1Cc1c[nH]c2ccccc12,-4.539603535855802,-2.304005204874899,1.3240777172441407,2.262182313184723,3.215595466569103,3.0040284834110396,-2.5034133546542874,-2.292468848161098,-1.1037779571072388,-1.4685063129863707,2.0400021255453082,-0.946300584073979,1.0501939258370445,-0.27454502140176335,-1.073302227960637,-0.7556567234878355,1.6080969728693812,-0.479000180552786
4.168243764792422,0.2762373029977992,C[C@@H]1NC(=O)[C@H](CCCCN)NC(=O)CCSCc2cccc(c2)CSC[C@@H](C(N)=O)NC(=O)[C@@H]2CCCN2C(=O)[C@H](Cc2ccc(O)cc2)NC(=O)[C@H](Cc2cnc[nH]2)NC(=O)[C@H](CC(=O)O)NC(=O)[C@H](Cc2c[nH]c3ccc(F)cc23)NC(=O)[C@H](Cc2c[nH]c3ccc(F)cc23)NC1=O,-3.5153379487991443,1.056588700865711,0.46546072621627327,-2.692469656186422,-2.494686054023912,0.6658919203621829,3.684822933123883,0.38751975670764266,-1.3014349090205872,1.574017477902273,0.2197232695724762,0.6257433594051323,0.5350360041877206,-1.5026129724384192,-1.678400552213817,1.8678985115233981,1.455202481661471,-2.304040192400136
4.150514997831991,0.2762373029977986,NCCCC[C@@H]1NC(=O)CCSCc2cccc(c2)CSC[C@@H](C(N)=O)NC(=O)[C@H]2CCCN2C(=O)[C@H](Cc2ccc(O)cc2)NC(=O)[C@H](Cc2cnc[nH]2)NC(=O)[C@H](CC(=O)O)NC(=O)[C@H](Cc2c[nH]c3ccc(F)cc23)NC(=O)[C@H](Cc2c[nH]c3ccc(F)cc23)NC(=O)CNC1=O,-7.556536517858269,-0.12728117917398035,-1.137316060811337,-0.49224579151347947,0.2998935324765101,0.12804888113307472,1.2322571462680276,-0.6470510243119483,1.9434019253579256,0.8077944409129499,-0.44358504572418267,-0.3040913688218956,-0.2107765666278239,0.07108757495882975,-0.04434304051077437,0.10045559773750833,-0.17181767786432406,0.07531677000315087
4.168243764792422,0.2762373029977992,NCCCC[C@@H]1NC(=O)CCSCc2cccc(c2)CSC[C@@H](C(N)=O)NC(=O)[C@@H]2CCCN2C(=O)[C@@H](Cc2ccc(O)cc2)NC(=O)[C@H](Cc2cnc[nH]2)NC(=O)[C@H](CC(=O)O)NC(=O)[C@H](Cc2c[nH]c3ccc(F)cc23)NC(=O)[C@H](Cc2c[nH]c3ccc(F)cc23)NC(=O)CNC1=O,-7.556536517858269,-0.12728117917398035,-1.137316060811337,-0.49224579151347947,0.2998935324765101,0.12804888113307472,1.2322571462680276,-0.6470510243119483,1.9434019253579256,0.8077944409129499,-0.44358504572418267,-0.3040913688218956,-0.2107765666278239,0.07108757495882975,-0.04434304051077437,0.10045559773750833,-0.17181767786432406,0.07531677000315087
4.168243764792422,0.2762373029977992,NCCCC[C@@H]1NC(=O)CCSCc2cccc(c2)CSC[C@@H](C(N)=O)NC(=O)[C@@H]2CCCN2C(=O)[C@H](Cc2ccc(O)cc2)NC(=O)[C@H](Cc2cnc[nH]2)NC(=O)[C@H](CC(=O)O)NC(=O)[C@@H](Cc2c[nH]c3ccccc23)NC(=O)[C@H](Cc2c[nH]c3ccc(F)cc23)NC(=O)CNC1=O,-6.5927802200791765,-3.0157893018130575,-1.0180082973518159,2.497677025852366,0.7616193092499329,2.5935708363924554,-0.575514616025172,0.2704726484896654,0.04678593597934886,-0.701939705309661,-0.582132764980847,-1.2807235286144876,-0.6192838466614883,1.10654026664888,-1.3499550848787103,-0.03305851990934942,1.5438372200685806,-1.5873962753065227
4.168243764792422,0.2762373029977992,C[C@@H]1NC(=O)[C@H](Cc2ccc(O)cc2)NC(=O)[C@H](Cc2cnc[nH]2)NC(=O)[C@H](CC(=O)O)NC(=O)[C@H](Cc2c[nH]c3ccc(F)cc23)NC(=O)[C@H](Cc2c[nH]c3ccc(F)cc23)NC(=O)CNC(=O)[C@H](CCCCN)NC(=O)CCSCc2cccc(c2)CSC[C@@H](C(N)=O)NC1=O,-3.0972737829249244,1.5207925880752784,-2.1819716554316586,2.2767872306467543,-3.3812093579588125,-4.605435673111838,1.121779576836772,2.6415245330271384,-1.0741534979409921,1.0081536521078536,1.283878952724223,1.5362800881766794,0.238501578582834,2.108539959641488,-1.1070703840229912,-0.29404603994336287,3.0895844814933375,0.3248180465128318
4.168243764792422,0.2762373029977992,C[C@@H]1NC(=O)[C@H](Cc2cnc[nH]2)NC(=O)[C@H](CC(=O)O)NC(=O)[C@H](Cc2c[nH]c3ccc(F)cc23)NC(=O)[C@H](Cc2c[nH]c3ccc(F)cc23)NC(=O)CNC(=O)[C@H](CCCCN)NC(=O)CCSCc2cccc(c2)CSC[C@@H](C(N)=O)NC(=O)[C@@H]2CCCN2C1=O,-4.942762363740767,-3.198617867540511,-1.7883374878896043,-1.5142819844735034,-0.4592398180908434,-3.1675637489894966,1.8056595592443292,4.080932918398492,-0.6496107047620768,-1.4029118786923114,1.1596778458985766,-0.11997393716921824,-0.1527267852696313,0.4620585625969892,1.8204147847750571,-0.7954790510543068,-1.8015618267874478,-1.2807996266217803
4.168243764792422,0.2762373029977992,NCCCC[C@@H]1NC(=O)CCSCc2cccc(c2)CSC[C@@H](C(N)=O)NC(=O)[C@@H]2CCCN2C(=O)[C@H](Cc2ccc(O)cc2)NC(=O)[C@@H](Cc2cnc[nH]2)NC(=O)[C@H](CC(=O)O)NC(=O)[C@H](Cc2c[nH]c3ccc(F)cc23)NC(=O)[C@H](Cc2c[nH]c3ccc(F)cc23)NC(=O)CNC1=O,-7.556536517858269,-0.12728117917398035,-1.137316060811337,-0.49224579151347947,0.2998935324765101,0.12804888113307472,1.2322571462680276,-0.6470510243119483,1.9434019253579256,0.8077944409129499,-0.44358504572418267,-0.3040913688218956,-0.2107765666278239,0.07108757495882975,-0.04434304051077437,0.10045559773750831,-0.17181767786432406,0.07531677000315087
4.168243764792422,0.2762373029977992,NCCCC[C@@H]1NC(=O)CCSCc2cccc(c2)CSC[C@@H](C(N)=O)NC(=O)[C@@H]2CCCN2C(=O)[C@H](Cc2ccc(O)cc2)NC(=O)[C@H](Cc2cnc[nH]2)NC(=O)[C@H](CC(=O)O)NC(=O)[C@H](Cc2c[nH]c3ccc(F)cc23)NC(=O)[C@@H](Cc2c[nH]c3ccccc23)NC(=O)CNC1=O,-6.692996037014508,-3.4341973043829532,-0.5610499179550812,2.9709423428562114,0.33017023878448504,2.691346158106227,-0.8367273859694387,-0.39540998239880815,-0.30968277564808994,-0.0011123613202185876,-0.5000765080120724,-0.8812013052211017,-0.21603093299441306,0.17941168355055256,-1.482073657077217,-0.2989763016776851,1.2838864317228216,-0.6016009827003433
4.168243764792422,0.2762373029977992,NCCCC[C@@H]1NC(=O)CCSCc2cccc(c2)CSC[C@@H](C(N)=O)NC(=O)[C@@H]2CCCN2C(=O)[C@H](Cc2ccc(O)cc2)NC(=O)[C@H](Cc2cnc[nH]2)NC(=O)[C@@H](CC(=O)O)NC(=O)[C@H](Cc2c[nH]c3ccc(F)cc23)NC(=O)[C@H](Cc2c[nH]c3ccc(F)cc23)NC(=O)CNC1=O,-7.556536517858269,-0.12728117917398035,-1.137316060811337,-0.49224579151347947,0.2998935324765101,0.12804888113307472,1.2322571462680276,-0.6470510243119483,1.9434019253579256,0.8077944409129499,-0.44358504572418267,-0.3040913688218956,-0.2107765666278239,0.07108757495882975,-0.04434304051077437,0.10045559773750833,-0.17181767786432406,0.07531677000315087
7.97061622231479,1.1077944442343703,C[C@@]12CCCN1C(=O)[C@H](Cc1ccc(O)cc1)NC(=O)[C@H](Cc1cnc[nH]1)NC(=O)[C@H](CC(=O)O)NC(=O)[C@H](Cc1c[nH]c3ccc(F)cc13)NC(=O)[C@H](Cc1c[nH]c3ccc(F)cc13)NC(=O)CNC(=O)[C@H](CCCCNC(=O)CCOCCOCCOCCOCCN)NC(=O)CCSCc1cccc(c1)CSC[C@@H](C(N)=O)NC2=O,0.6788910211436164,9.109621444821558,4.174553422173108,2.9356619515159337,1.4947794260961094,-3.343233340050722,-4.312519215284811,2.8398739278775045,1.8316241570602647,1.3553705994880723,0.2307778197868098,-2.276553615365843,-0.7025703946645474,-1.6465017652864553,-0.7364046999831552,2.234003447466904,-0.4537293452917028,-0.47933285498014927
7.354577730650908,1.1077944442343703,COc1ccc(C[C@@H]2NC(=O)[C@H]([C@@H](C)O)NC(=O)[C@@H]3CCCC(=O)NCc4cccc(c4)C[C@H](NC(=O)[C@@H](C)NC(=O)[C@H](C)NC(=O)CCSCc4cccc(c4)CSCCNC(=O)[C@]4(C)CCCN4C2=O)C(=O)N[C@@H](Cc2c[nH]c4ccc(F)cc24)C(=O)N3)cc1,9.159963609071877,-8.508184472748951,1.8281499265670371,1.7438623022064568,-1.5321562892777887,0.03443495386699187,0.5133254088008465,0.43590084626177955,2.3526155649198124,-1.0555751268545266,0.08441768303771097,0.5313205786905304,0.9029733876286866,-0.027471797327944476,0.22809563856188914,1.0508208518394957,0.358246150743975,1.1429424084139024
8.4089353929735,1.1077944442343703,COc1ccc(C[C@@H]2NC(=O)[C@H](Cc3cnc[nH]3)NC(=O)[C@H](CC(=O)O)NC(=O)[C@H](Cc3c[nH]c4ccc(F)cc34)NC(=O)[C@H](Cc3c[nH]c4ccc(F)cc34)NC(=O)[C@@H](C)NC(=O)[C@H](CCCCN)NC(=O)CCSCc3cccc(c3)CSCCNC(=O)[C@]3(C)CCCN3C2=O)cc1,7.4123489852870215,1.542959705961994,-2.7139574953546513,0.8323192153476048,3.015549506610417,1.1338555541515671,2.0492088607675556,2.4999512565217525,-1.0608557034097148,0.5109854744372276,1.435488863874947,-0.967530840280432,1.5294098161893341,0.35592844771050114,-1.6014866915929713,-0.33375370791374326,0.3963079891601812,1.4304792988697592
8.397940008672037,1.1077944442343703,COc1ccc(C[C@@H]2NC(=O)[C@H]([C@@H](C)O)NC(=O)[C@@H]3CCCCC(=O)NCc4cccc(c4)C[C@H](NC(=O)[C@@H](C)NC(=O)[C@H](C)NC(=O)CCSCc4cccc(c4)CSCCNC(=O)[C@]4(C)CCCN4C2=O)C(=O)N[C@@H](Cc2c[nH]c4ccc(F)cc24)C(=O)N3)cc1,9.080061670825376,-8.56549396778659,2.0792897392147354,1.6602087598161541,-1.5451523518233032,0.5900988117658562,0.38317812447637034,0.38506783396751065,2.720026763851662,-0.681561042226352,0.16608115572885337,1.1244055898855065,0.8003661286187149,0.13268057354534765,0.09768635875542349,1.0893720330954688,0.4586275131960722,1.0546323291898825
7.97469413473523,1.1077944442343703,COc1ccc(C[C@@H]2NC(=O)[C@H]([C@@H](C)OC)NC(=O)[C@@H]3CCC(=O)NCc4cccc(c4)C[C@H](NC(=O)[C@@H](C)NC(=O)[C@H](C)NC(=O)CCSCc4cccc(c4)CSCCNC(=O)[C@]4(C)CCCN4C2=O)C(=O)N[C@@H](Cc2c[nH]c4ccc(F)cc24)C(=O)N3C)cc1,8.784792036946511,-7.6018280674914305,3.8885727404112718,0.9283345867669558,2.6491746746088993,-0.17294699326924956,-0.6013577467799093,-0.11264817406623598,0.8237668099704127,1.0593451471717217,0.729470017552742,2.11450274080749,-2.373997144730394,-0.4435435360407789,-0.8837931583592971,-1.4470275180821248,-0.7120109739849192,-2.3578146490628695
8.086186147616283,1.1077944442343703,COc1ccc(C[C@@H]2NC(=O)[C@H](Cc3cnc[nH]3)NC(=O)[C@H](CC(=O)O)NC(=O)[C@H](Cc3c[nH]c4ccc(F)cc34)NC(=O)[C@H](Cc3c[nH]c4ccc(F)cc34)NC(=O)[C@@H](C)NC(=O)[C@H](CNC(=O)COCCOCCN)NC(=O)CCSCc3cccc(c3)CSCCNC(=O)[C@]3(C)CCCN3C2=O)cc1,6.052184730268178,6.428579770713425,2.9519316236063604,3.6830558117223022,3.3825913782680916,-2.1136879701814215,1.5408232098104881,0.7454678149022534,-0.4522713761793517,0.5707130350245174,0.3133904989769095,-1.996129542757001,-0.022487048895738604,-2.0255821417321727,-0.4607919483538983,-2.5544805545432445,-0.7146749570079651,-0.5031133083929206
8.3767507096021,1.1077944442343703,COc1ccc(C[C@@H]2NC(=O)[C@H](Cc3cnc[nH]3)NC(=O)[C@H](CC(=O)O)NC(=O)[C@H](Cc3c[nH]c4ccc(F)cc34)NC(=O)[C@H](Cc3c[nH]c4ccc(F)cc34)NC(=O)[C@@H](C)NC(=O)[C@H](CCCCN(C)C)NC(=O)CCSCc3cccc(c3)CSCCNC(=O)[C@]3(C)CCCN3C2=O)cc1,8.508732042780677,1.9944497562943562,-1.3107991702788242,1.125748527070622,4.500763969447967,0.9296513207068446,1.9890122643236772,1.2193110899118613,-2.5171825938520276,2.23046962507917,-0.6479868984509726,-1.4349179101714697,1.230215533050938,1.0395240060022302,1.5212547301156574,-0.25880155976664576,0.5517081925655087,1.479034422698034
7.958607314841775,1.1077944442343703,C[C@H]1NC(=O)[C@H](CCCCN)NC(=O)CCSCc2cc(F)cc(c2)CSC[C@@H](C(N)=O)NC(=O)[C@]2(C)CCCN2C(=O)[C@H](Cc2ccc(O)cc2)NC(=O)[C@H]([C@@H](C)O)NC(=O)[C@@H]2CCCN2C(=O)[C@H](Cc2c[nH]c3ccc(F)cc23)NC(=O)[C@H](Cc2c[nH]c3ccc(F)cc23)NC1=O,3.196871571651688,1.5631296229951455,3.53829981696759,-11.133710793987753,-2.4981149304159045,-0.23492311601666124,0.2986783953936062,-0.5834549741609344,-0.1479292684187473,-0.8508955381199352,-0.13854368131211114,-0.4157942459135603,-0.2646188350415356,-0.9977684593360108,-3.1994165473494918,0.1259483812547109,0.7286040690728762,1.9720863311591943
7.066512712151295,1.1077944442343703,COc1ccc(C[C@@H]2NC(=O)[C@H](Cc3cnc[nH]3)NC(=O)[C@H](CC(=O)O)NC(=O)[C@H](Cc3c[nH]c4ccc(F)cc34)NC(=O)[C@H](Cc3c[nH]c4ccc(F)cc34)NC(=O)[C@@H](C)NC(=O)[C@H](CCCCC(=O)O)NC(=O)CCSCc3cccc(c3)CSCCNC(=O)[C@]3(C)CCCN3C2=O)cc1,7.974709124375848,2.6511957348424353,-0.5216914559798792,1.9463799741101777,1.5285590010495578,-1.0350452490657973,2.8781151790253454,-1.9427798201832538,-0.6718835216206308,-0.5869195667620236,-1.196402304709293,-1.0500736757841231,1.477587819261561,0.9913212255597017,-2.1430087081137064,-0.13995969211731973,-0.6131626709730287,-0.00266334863614867
7.995678626217357,1.1077944442343703,CO[C@H](C)[C@@H]1NC(=O)[C@@H]2CCCN2C(=O)[C@H](Cc2c[nH]c3ccc(F)cc23)NC(=O)[C@H](Cc2c[nH]c3ccc(F)cc23)NC(=O)CNC(=O)[C@H](CCCCN)NC(=O)CCSCc2cccc(c2)CSC[C@@H](C(N)=O)NC(=O)[C@]2(C)CCCN2C(=O)[C@H](Cc2ccc(O)cc2)NC1=O,2.7118598141278505,-3.1106536722354274,3.8193244706159444,-5.6384793053305025,2.527557659936599,-0.1973559839047238,-1.553082347730675,2.280074039849489,1.0072325352891673,0.3472892918567052,-1.5021568883512875,-0.019950589842490107,0.053539482471187595,2.0075230453810815,0.32496770146174475,-1.2683493054313755,0.07573161545821934,-0.4813685459267346
6.757458571701616,1.1077944442343703,COc1ccc(C[C@@H]2NC(=O)[C@H]([C@@H](C)O)NC(=O)[C@@H]3CCCCC(=O)NCc4ccc(cc4)C[C@H](NC(=O)[C@@H](C)NC(=O)[C@H](C)NC(=O)CCSCc4cccc(c4)CSCCNC(=O)[C@]4(C)CCCN4C2=O)C(=O)N[C@@H](Cc2c[nH]c4ccc(F)cc24)C(=O)N3)cc1,9.10325162148755,-8.740037988916955,1.8679981838443802,1.6308964670786272,-1.6126020287629215,0.2568861322206581,0.27999186512270463,-0.02680097015464895,2.4772721325130282,-1.3136338722917182,-0.22891060198923524,0.45099045735773746,1.3801691091579757,-0.29510934221679747,0.08936499232437975,1.550998402700283,0.1975394971446865,1.001456744099736
8.67778070526608,1.1077944442343703,C[C@H]1NC(=O)[C@H](CCCCN)NC(=O)CCSCc2cccc(c2)CSC[C@@H](C(N)=O)NC(=O)[C@]2(C)CCCN2C(=O)[C@H](Cc2ccc(O)cc2)NC(=O)[C@H]([C@@H](C)O)NC(=O)[C@@H]2C[C@H](F)CN2C(=O)[C@H](Cc2c[nH]c3ccc(F)cc23)NC(=O)[C@H](Cc2c[nH]c3ccc(F)cc23)NC1=O,3.3324535793136776,1.494948135049449,4.075723255389281,-7.936140261372337,-2.1587101432069997,-1.1772887912451029,-0.5747200830686011,-1.332910474127816,-1.975346020278996,3.5080250591984052,1.2501233354966887,0.7461181301954908,0.4337796350048186,1.064710767407109,-0.4581035968912554,-0.5980044847981469,0.5789753681303604,0.2254337074849237
8.022276394711152,1.1077944442343703,COc1ccc(C[C@@H]2NC(=O)[C@H](Cc3cnc[nH]3)NC(=O)[C@H](CC(=O)O)NC(=O)[C@H](Cc3c[nH]c4ccc(F)cc34)NC(=O)[C@H](Cc3c[nH]c4ccc(F)cc34)NC(=O)[C@@H](C)NC(=O)[C@H](CCCC[N+](C)(C)C)NC(=O)CCSCc3cccc(c3)CSCCNC(=O)[C@]3(C)CCCN3C2=O)cc1,8.515116191169371,2.0475853392419237,-0.5903189278258968,2.3917779185634482,4.538978192195358,-0.18687540589612045,1.632838596117798,-0.9682635855977734,-2.3150168519507734,4.0886095543823515,-1.1455259065445225,0.5048816645467001,-0.0484283759236954,-0.8026227479108646,1.878806712948983,-0.3333261962319479,-0.15180995493342306,0.7715877783422121
8.823908740944319,1.1077944442343703,C[C@H]1NC(=O)[C@H](CCCCN)NC(=O)CCSCc2cc(F)cc(c2)CSCCNC(=O)[C@]2(C)CCCN2C(=O)[C@H](Cc2ccc(O)cc2)NC(=O)[C@H](Cc2cnc[nH]2)NC(=O)[C@H](CC(=O)O)NC(=O)[C@H](Cc2c[nH]c3ccc(F)cc23)NC(=O)[C@H](Cc2c[nH]c3ccc(F)cc23)NC1=O,5.629034095518731,6.044640417596402,-4.544245319957561,-4.321806580178128,-2.339750265265189,-0.9552560082008981,0.5261098375398473,0.13712286731685172,1.054114640718012,-1.6819720702616934,0.33977422758932396,0.5736939704015518,-1.7748001725789013,-3.0519110787120054,-2.12868514395999,-1.3593840867129945,0.38221232316665954,1.4319087427002615
7.09312646527793,1.1077944442343703,COc1ccc(C[C@@H]2NC(=O)[C@H](Cc3cnc[nH]3)NC(=O)[C@H](CC(=O)O)NC(=O)[C@H](Cc3c[nH]c4ccc(F)cc34)NC(=O)[C@H](Cc3c[nH]c4ccc(F)cc34)NC(=O)[C@@H](C)NC(=O)[C@H](CCCCCC(=O)O)NC(=O)CCSCc3cccc(c3)CSCCNC(=O)[C@]3(C)CCCN3C2=O)cc1,8.184211852767039,3.000799272835957,-0.6676839553607614,1.8081534655872848,2.137478081469866,-0.5789464378028326,2.7581321900242344,-1.018913463932851,-0.8839752668925276,-0.06530242662961619,-0.9779806829362653,-0.8808034439620437,0.8821306034267354,1.8652156420895825,-1.6577120437253972,0.6036926225042487,-1.184213915888378,-0.8469402611845456
6.54515513999149,1.1077944442343703,COc1ccc(C[C@@H]2NC(=O)[C@H]([C@@H](C)O)NC(=O)[C@@H]3CC(=O)NCc4cccc(c4)C[C@H](NC(=O)[C@@H](C)NC(=O)[C@H](C)NC(=O)CCSCc4cccc(c4)CSCCNC(=O)[C@]4(C)CCCN4C2=O)C(=O)N[C@@H](Cc2c[nH]c4ccc(F)cc24)C(=O)N3)cc1,9.082461655263959,-8.360724184043608,1.6453613239822187,2.4865183622819895,-1.630441862208456,-1.758433896486987,0.7139771111873107,-0.33703455611774447,0.13095262588932216,-0.8198913248937412,1.1513119464566883,-0.1882154701674467,0.7860403072587182,0.10600801176242623,0.5638609036231266,-0.05001880078565293,0.5202862025962939,0.5185916930842207
8.823908740944319,1.1077944442343703,COc1ccc(C[C@@H]2NC(=O)[C@H]([C@@H](C)O)NC(=O)[C@@H]3CCC(=O)NCc4cccc(c4)C[C@H](NC(=O)[C@@H](C)NC(=O)[C@H](C)NC(=O)CCSCc4cccc(c4)CSCCNC(=O)[C@]4(C)CCCN4C2=O)C(=O)N[C@@H](Cc2c[nH]c4ccc(F)cc24)C(=O)N3)cc1,9.218451472199426,-8.266987622544525,1.9251589250256076,2.432561283278476,-1.8096823201749002,-1.2091033982016997,0.4734059123962777,0.1701013805898658,1.4480351845398447,-0.9217371749730116,0.061536685125682875,0.9857732620540475,0.6857570405194937,0.051479645458381365,-0.1353205346772762,0.3407085647957944,-0.5801242831973383,0.8041492983158358
7.636388020107855,1.1077944442343703,C[C@@]12CCCN1C(=O)[C@H](Cc1ccc(O)cc1)NC(=O)[C@H](Cc1cnc[nH]1)NC(=O)[C@H](CC(=O)O)NC(=O)[C@H](Cc1c[nH]c3ccc(F)cc13)NC(=O)[C@H](Cc1c[nH]c3ccc(F)cc13)NC(=O)[C@@H](C1CCCC1)NC(=O)[C@H](CCCCN)NC(=O)CCSCc1cccc(c1)CSCCNC2=O,4.143467201795863,3.8288238819077494,-4.850000362347295,-2.0508774942952837,-0.8111083774791645,4.917869499733095,-2.201835765950008,1.5783124085623619,0.4727706654808712,1.1168059705358906,0.659170159117509,1.174314676703898,-0.7942353966205752,0.46407250848798115,0.8280670478374335,2.681722709870125,-0.09560073398408606,-0.7194788057124327
8.3767507096021,1.1077944442343703,CC(C)(C)[C@H]1NC(=O)[C@H](CCCCN)NC(=O)CCSCc2cccc(c2)CSCCNC(=O)[C@]2(C)CCCN2C(=O)[C@H](Cc2ccc(O)cc2)NC(=O)[C@H](Cc2cnc[nH]2)NC(=O)[C@H](CC(=O)O)NC(=O)[C@H](Cc2c[nH]c3ccc(F)cc23)NC(=O)[C@H](Cc2c[nH]c3ccc(F)cc23)NC1=O,6.313209543390555,4.030000758645572,-3.688409956995648,-0.5435303838614551,-1.2893004675091082,3.7174334944465732,-0.8118424346060344,1.1388948370445087,0.18436766090766465,0.6821440383303792,1.1475140057983775,0.9876485258078691,-0.606260475614734,0.6881516801471022,-0.05369171034842808,0.7328122937231175,-1.8117728224855503,-0.41845899111460155
8.866461091629782,1.1077944442343703,COc1ccc(C[C@@H]2NC(=O)[C@H]([C@@H](C)O)NC(=O)[C@@H]3CCCN3C(=O)[C@@H]3Cc4cn(c5ccc(F)cc45)Cc4cn(nn4)-c4cc(cc(c4)CSCCC(=O)N[C@@H](C)C(=O)N[C@H](C)C(=O)N[C@@H](Cc4c[nH]c5ccc(F)cc45)C(=O)N3)CSCCNC(=O)[C@]3(C)CCCN3C2=O)cc1,8.245855202036555,-1.2736656147052434,0.97556178911462,-4.354328918507558,4.200231382197064,0.14201769891965346,2.436874042489522,-1.1593231175224035,0.16873725058691064,-1.2555739064542126,-1.0434673280306228,-2.309464377269136,-4.432586734408751,-0.6580755168209541,3.2256673930373028,0.6041105606418291,3.465818126256096,-0.07394848200680065
8.0268721464003,1.1077944442343703,COCCOCCOCCOCCC(=O)NCCCC[C@@H]1NC(=O)CCSCc2cccc(c2)CSC[C@@H](C(N)=O)NC(=O)[C@]2(C)CCCN2C(=O)[C@H](Cc2ccc(O)cc2)NC(=O)[C@H](Cc2cnc[nH]2)NC(=O)[C@H](CC(=O)O)NC(=O)[C@H](Cc2c[nH]c3ccc(F)cc23)NC(=O)[C@H](Cc2c[nH]c3ccc(F)cc23)NC(=O)CNC1=O,2.3182372568069898,8.533028929030193,4.937714854640867,2.9864090291053476,2.6279443374496423,-3.5656821595021477,-3.360165877904052,1.434717026077416,1.5845790441782261,0.5888762940118559,-0.29060402810643204,-1.7027281917534918,-0.3018341762486613,-1.2949618427357887,-0.8827366498471116,2.2625488187325837,-0.542367252560454,-0.14693583022434514
8.55284196865778,1.1077944442343703,COc1ccc(C[C@@H]2NC(=O)[C@H]([C@@H](C)OC)NC(=O)[C@@H]3CCC(=O)NCc4cccc(c4)C[C@H](NC(=O)[C@@H](C)NC(=O)[C@H](C)NC(=O)CCSCc4cccc(c4)CSCCNC(=O)[C@]4(C)CCCN4C2=O)C(=O)NC(Cc2ccnc4ccc(F)cc24)C(=O)N3C)cc1,8.774896948816904,-7.5364036504068705,4.184139951090965,1.1341525349229327,2.833385115677809,-0.13029416115916476,-0.7066209754566759,-0.28710196400167043,0.9648547843974805,1.414944841146081,0.6958612727959956,2.13020017734791,-2.5632030650049202,-0.6372559656904108,-0.8480332264386143,-1.443875771987101,-0.7852043281053326,-2.2994663014054204
