SMILES,Ki,Unit,Unit_Source,Ki-min,Ki-max
CC(C)[C@@H]1C(=O)N[C@H](C(=O)N[C@H](C(=O)N[C@H](C(=O)N[C@H](C(=O)N[C@H](C(=O)N2CCC[C@]2(C(=O)NCCSCC3=CC=CC(=C3)CSCCC(=O)N[C@H](C(=O)N1)CCCCN)C)CC4=CC=C(C=C4)O)CC5=CN=CN5)CC(=O)O)CC6=CNC7=C6C=C(C=C7)F)CC8=CNC9=C8C=C(C=C9)F,17.6,nM,original,17.6,17.6
CN1[C@H](C(=O)N[C@H](C(=O)N2CCC[C@H]2C(=O)N[C@@H](CSCC3=CC=CC(=C3)CSCCC(=O)N[C@H](C(=O)NCC(=O)N[C@H](C(=O)N[C@H](C(=O)N[C@H](C1=O)CC(=O)O)CC4=CNC5=C4C=C(C=C5)F)CC6=CNC7=C6C=C(C=C7)F)CCCCN)C(=O)N)CC8=CC=C(C=C8)O)CC9=CN=CN9,>48000,nM,original,48000.0,96000.0
CC1(C(=O)N[C@H](C(=O)N[C@H](C(=O)N[C@H](C(=O)N[C@H](C(=O)N2CCC[C@H]2C(=O)N[C@@H](CSCC3=CC=CC(=C3)CSCCC(=O)N[C@H](C(=O)NCC(=O)N1)CCCCN)C(=O)N)CC4=CC=C(C=C4)O)CC5=CN=CN5)CC(=O)O)CC6=CNC7=C6C=C(C=C7)F)C8=CC=CC9=CC=CC=C98,63,nM,original,63.0,63.0
CN1[C@H](C(=O)N[C@H](C(=O)N[C@H](C(=O)N[C@H](C(=O)N2CCC[C@H]2C(=O)N[C@@H](CSCC3=CC=CC(=C3)CSCCC(=O)N[C@H](C(=O)NCC(=O)N[C@H](C1=O)CC4=CNC5=C4C=C(C=C5)F)CCCCN)C(=O)N)CC6=CC=C(C=C6)O)CC7=CN=CN7)CC(=O)O)CC8=CNC9=CC=CC=C98,>48000,nM,original,48000.0,96000.0
CN1[C@H](C(=O)N[C@H](C(=O)N[C@H](C(=O)N[C@H](C(=O)N2CCC[C@H]2C(=O)N[C@@H](CSCC3=CC=CC(=C3)CSCCC(=O)N[C@H](C(=O)NCC(=O)N[C@H](C1=O)CC4=CNC5=C4C=C(C=C5)F)CCCCN)C(=O)N)CC6=CC=C(C=C6)O)CC7=CN=CN7)CC(=O)O)CC8=CNC9=CC=CC=C98,>48000,nM,original,48000.0,96000.0
C[C@H]1C(=O)N[C@H](C(=O)N2CCC[C@H]2C(=O)N[C@@H](CSCC3=CC=CC(=C3)CSCCC(=O)N[C@H](C(=O)NCC(=O)N[C@H](C(=O)N[C@H](C(=O)N[C@H](C(=O)N1)CC(=O)O)CC4=CNC5=C4C=C(C=C5)F)CC6=CNC7=C6C=C(C=C7)F)CCCCN)C(=O)N)CC8=CC=C(C=C8)O,525,nM,original,525.0,525.0
C[C@H]1C(=O)NCC(=O)N[C@H](C(=O)N[C@H](C(=O)N[C@H](C(=O)N[C@H](C(=O)N[C@H](C(=O)N2CCC[C@H]2C(=O)N[C@@H](CSCC3=CC=CC(=C3)CSCCC(=O)N1)C(=O)N)CC4=CC=C(C=C4)O)CC5=CN=CN5)CC(=O)O)CC6=CNC7=C6C=C(C=C7)F)CC8=CNC9=C8C=C(C=C9)F,392,nM,original,392.0,392.0
CC(=O)N[C@H]1CSCC2=CC(=CC=C2)CSC[C@H](NC(=O)[C@@H]3CCCN3C(=O)[C@@H](NC(=O)[C@@H](NC(=O)[C@@H](NC(=O)[C@@H](NC(=O)[C@@H](NC(=O)CNC(=O)[C@@H](NC1=O)CCCCN)CC4=CNC5=C4C=C(C=C5)F)CC6=CNC7=C6C=C(C=C7)F)CC(=O)O)CC8=CN=CN8)CC9=CC=C(C=C9)O)C(=O)N,47.1,nM,original,47.1,47.1
C[C@@]12CCCN1C(=O)[C@@H](NC(=O)[C@@H](NC(=O)[C@@H](NC(=O)[C@@H](NC(=O)[C@@H](NC(=O)CNC(=O)[C@@H](NC(=O)CCSCC3=CC(=CC=C3)CSCCNC2=O)CCCCN)CC4=CNC5=C4C=C(C=C5)F)CC6=CNC7=C6C=C(C=C7)F)CC(=O)O)CC8=CN=CN8)CC9=CC=C(C=C9)O,26.6,nM,original,26.6,26.6
C[C@H]1C(=O)N[C@H](C(=O)N[C@H](C(=O)N[C@H](C(=O)N2CCC[C@H]2C(=O)N[C@@H](CSCC3=CC=CC(=C3)CSCCC(=O)N[C@H](C(=O)NCC(=O)N[C@H](C(=O)N1)CC4=CNC5=C4C=C(C=C5)F)CCCCN)C(=O)N)CC6=CC=C(C=C6)O)CC7=CN=CN7)CC(=O)O,>48000,nM,original,48000.0,96000.0
CCC[C@H]1C(=O)NCC(=O)N[C@H](C(=O)N[C@H](C(=O)N[C@H](C(=O)N[C@H](C(=O)N[C@H](C(=O)N2CCC[C@]2(C(=O)N[C@@H](CSCC3=CC=CC(=C3)CSCCC(=O)N1)C(=O)N)C)CC4=CC=C(C=C4)O)CC5=CN=CN5)CC(=O)O)CC6=CNC7=C6C=C(C=C7)F)CC8=CNC9=C8C=C(C=C9)F,94.7,nM,original,94.7,94.7
CN1[C@H](C(=O)N[C@H](C(=O)N[C@H](C(=O)N2CCC[C@H]2C(=O)N[C@@H](CSCC3=CC=CC(=C3)CSCCC(=O)N[C@H](C(=O)NCC(=O)N[C@H](C(=O)N[C@H](C1=O)CC4=CNC5=C4C=C(C=C5)F)CC6=CNC7=C6C=C(C=C7)F)CCCCN)C(=O)N)CC8=CC=C(C=C8)O)CC9=CN=CN9)CC(=O)O,12867,nM,original,12867.0,12867.0
C1CCN2[C@@H](C1)C(=O)N[C@@H](CSCC3=CC=CC(=C3)CSCCC(=O)N[C@H](C(=O)NCC(=O)N[C@H](C(=O)N[C@H](C(=O)N[C@H](C(=O)N[C@H](C(=O)N[C@H](C2=O)CC4=CC=C(C=C4)O)CC5=CN=CN5)CC(=O)O)CC6=CNC7=C6C=C(C=C7)F)CC8=CNC9=C8C=C(C=C9)F)CCCCN)C(=O)N,969,nM,original,969.0,969.0
C1C[C@H]2C(=O)N[C@H](CSCC3=CC=CC(=C3)CSCCC(=O)N[C@H](C(=O)NCC(=O)N[C@H](C(=O)N[C@H](C(=O)N[C@H](C(=O)N[C@H](C(=O)N[C@H](C(=O)N2C1)CC4=CC=C(C=C4)O)CC5=CN=CN5)CC(=O)O)CC6=CNC7=C6C=C(C=C7)F)CC8=CNC9=C8C=C(C=C9)F)CCCCN)C(=O)N,2011,nM,original,2011.0,2011.0
C[C@@H]1C(=O)N[C@H](C(=O)N[C@H](C(=O)N[C@H](C(=O)N[C@H](C(=O)N[C@H](C(=O)N2CCC[C@]2(C(=O)NCCSCC3=CC=CC(=C3)CSCCC(=O)N[C@H](C(=O)N1)CCCCN)C)CC4=CC=C(C=C4)O)CC5=CN=CN5)CC(=O)O)CC6=CNC7=C6C=C(C=C7)F)CC8=CNC9=C8C=C(C=C9)F,23.3,nM,original,23.3,23.3
C1C[C@H]2C(=O)NCCSCC3=CC=CC(=C3)CSCCC(=O)N[C@H](C(=O)NCC(=O)N[C@H](C(=O)N[C@H](C(=O)N[C@H](C(=O)N[C@H](C(=O)N[C@H](C(=O)N2C1)CC4=CC=C(C=C4)O)CC5=CN=CN5)CC(=O)O)CC6=CNC7=C6C=C(C=C7)F)CC8=CNC9=C8C=C(C=C9)F)CCCCN,252,nM,original,252.0,252.0
CN1[C@H](C(=O)N2CCC[C@H]2C(=O)N[C@@H](CSCC3=CC=CC(=C3)CSCCC(=O)N[C@H](C(=O)NCC(=O)N[C@H](C(=O)N[C@H](C(=O)N[C@H](C(=O)N[C@H](C1=O)CC4=CN=CN4)CC(=O)O)CC5=CNC6=C5C=C(C=C6)F)CC7=CNC8=C7C=C(C=C8)F)CCCCN)C(=O)N)CC9=CC=C(C=C9)O,112,nM,original,112.0,112.0
C[C@H]1C(=O)N[C@H](C(=O)N[C@H](C(=O)N[C@H](C(=O)N[C@H](C(=O)N2CCC[C@H]2C(=O)N[C@@H](CSCC3=CC=CC(=C3)CSCCC(=O)N[C@H](C(=O)NCC(=O)N1)CCCCN)C(=O)N)CC4=CC=C(C=C4)O)CC5=CN=CN5)CC(=O)O)CC6=CNC7=C6C=C(C=C7)F,656,nM,original,656.0,656.0
CN1[C@H](C(=O)NCC(=O)N[C@H](C(=O)N[C@H](C(=O)N[C@H](C(=O)N[C@H](C(=O)N[C@H](C(=O)N2CCC[C@H]2C(=O)N[C@@H](CSCC3=CC=CC(=C3)CSCCC1=O)C(=O)N)CC4=CC=C(C=C4)O)CC5=CN=CN5)CC(=O)O)CC6=CNC7=C6C=C(C=C7)F)CC8=CNC9=C8C=C(C=C9)F)CCCCN,342,nM,original,342.0,342.0
CN1[C@@H](CSCC2=CC=CC(=C2)CSCCC(=O)N[C@H](C(=O)NCC(=O)N[C@H](C(=O)N[C@H](C(=O)N[C@H](C(=O)N[C@H](C(=O)N[C@H](C(=O)N3CCC[C@H]3C1=O)CC4=CC=C(C=C4)O)CC5=CN=CN5)CC(=O)O)CC6=CNC7=C6C=C(C=C7)F)CC8=CNC9=C8C=C(C=C9)F)CCCCN)C(=O)N,>48000,nM,original,48000.0,96000.0
CN1[C@H](C(=O)N[C@H](C(=O)N[C@H](C(=O)N[C@H](C(=O)N[C@H](C(=O)N2CCC[C@H]2C(=O)N[C@@H](CSCC3=CC=CC(=C3)CSCCC(=O)N[C@H](C(=O)NCC1=O)CCCCN)C(=O)N)CC4=CC=C(C=C4)O)CC5=CN=CN5)CC(=O)O)CC6=CNC7=C6C=C(C=C7)F)CC8=CNC9=CC=CC=C98,>48000,nM,original,48000.0,96000.0
CN1[C@H](C(=O)N[C@H](C(=O)N[C@H](C(=O)N[C@H](C(=O)N[C@H](C(=O)N2CCC[C@H]2C(=O)N[C@@H](CSCC3=CC=CC(=C3)CSCCC(=O)N[C@H](C(=O)NCC1=O)CCCCN)C(=O)N)CC4=CC=C(C=C4)O)CC5=CN=CN5)CC(=O)O)CC6=CNC7=C6C=C(C=C7)F)CC8=CNC9=CC=CC=C98,>48000,nM,original,48000.0,96000.0
CCCCC(C(=O)N[C@H]1CSCC2=CC(=CC=C2)CSC[C@H](NC(=O)[C@@H](NC(=O)[C@@H](NC(=O)[C@@H](NC(=O)[C@@H](NC(=O)[C@@H](NC(=O)[C@@H](NC(=O)[C@@H](NC(=O)[C@@H](NC(=O)[C@@H](NC(=O)[C@@H](NC1=O)C(C)(C)C)CC3=CC=C(C=C3)O)CC4=CN=CN4)[C@@H](C)O)CC5=CNC6=C5C=CC=N6)CCC)CCC(=O)O)CC7=CC=C(C=C7)O)CCC)[C@@H](C)O)C(=O)N)NC(=O)C,134,nM,original,134.0,134.0
CC(=O)N[C@H]1CSCC2=CC(=CC=C2)CSC[C@H](NC(=O)[C@@H]3CCCN3C(=O)[C@@H](NC(=O)[C@@H](NC(=O)[C@@H](NC(=O)[C@@H](NC(=O)[C@@H](NC(=O)CNC(=O)[C@@H](NC1=O)CCCCN)CC4=CNC5=CC=CC=C54)CC6=CNC7=C6C=C(C=C7)F)CC(=O)O)CC8=CN=CN8)CC9=CC=C(C=C9)O)C(=O)N,103,nM,original,103.0,103.0
C[C@@]12CCCN1C(=O)[C@@H](NC(=O)[C@@H](NC(=O)[C@@H](NC(=O)[C@@H](NC(=O)[C@@H](NC(=O)CNC(=O)[C@@H](NC(=O)CCSCC3=CC(=CC=C3)CSC[C@H](NC2=O)C(=O)N)CCCN)CC4=CNC5=C4C=C(C=C5)F)CC6=CNC7=C6C=C(C=C7)F)CC(=O)O)CC8=CN=CN8)CC9=CC=C(C=C9)O,132.5,nM,original,132.5,132.5
C1C[C@H]2C(=O)N[C@@H](CSCC3=CC=CC(=C3)CSCCC(=O)N[C@H](C(=O)NCC(=O)N[C@H](C(=O)N[C@H](C(=O)N[C@H](C(=O)N[C@H](C(=O)N[C@H](C(=O)N2C1)CC4=CC=C(C=C4)O)CC5=CN=CN5)CC(=O)O)CC6=CNC7=C6C=C(C=C7)F)CC8=CC=C(C=C8)C9=CC=CC=C9)CCCCN)C(=O)N,29345,nM,original,29345.0,29345.0
C[C@H]1C(=O)N[C@H](C(=O)N[C@H](C(=O)N[C@H](C(=O)N[C@H](C(=O)N[C@H](C(=O)N2CCC[C@H]2C(=O)N[C@@H](CSCC3=CC=CC(=C3)CSCCC(=O)N[C@H](C(=O)N1)CCCCN)C(=O)N)CC4=CC=C(C=C4)O)CC5=CN=CN5)CC(=O)O)CC6=CNC7=C6C=C(C=C7)F)CC8=CNC9=C8C=C(C=C9)F,>48000,nM,original,48000.0,96000.0
C1C[C@H]2C(=O)N[C@@H](CSCC3=CC=CC(=C3)CSCCC(=O)N[C@H](C(=O)NCC(=O)N[C@H](C(=O)N[C@H](C(=O)N[C@H](C(=O)N[C@H](C(=O)N[C@H](C(=O)N2C1)CC4=CC=C(C=C4)O)CC5=CN=CN5)CC(=O)O)CC6=CNC7=C6C=C(C=C7)F)CC8=CNC9=C8C=C(C=C9)F)CCCCN)C(=O)N,110,nM,original,110.0,110.0
CN1CC(=O)N[C@H](C(=O)N[C@H](C(=O)N[C@H](C(=O)N[C@H](C(=O)N[C@H](C(=O)N2CCC[C@H]2C(=O)N[C@@H](CSCC3=CC=CC(=C3)CSCCC(=O)N[C@H](C1=O)CCCCN)C(=O)N)CC4=CC=C(C=C4)O)CC5=CN=CN5)CC(=O)O)CC6=CNC7=C6C=C(C=C7)F)CC8=CNC9=C8C=C(C=C9)F,4090,nM,original,4090.0,4090.0
CN1CC(=O)N[C@@H](CSCC2=CC=CC(=C2)CSCCC(=O)N[C@H](C(=O)NCC(=O)N[C@H](C(=O)N[C@H](C(=O)N[C@H](C(=O)N[C@H](C(=O)N[C@H](C1=O)CC3=CC=C(C=C3)O)CC4=CN=CN4)CC(=O)O)CC5=CNC6=C5C=C(C=C6)F)CC7=CNC8=C7C=C(C=C8)F)CCCCN)C(=O)N,10740,nM,original,10740.0,10740.0
C1C[C@@H]2C(=O)N[C@@H](CSCC3=CC=CC(=C3)CSCCC(=O)N[C@H](C(=O)NCC(=O)N[C@H](C(=O)N[C@H](C(=O)N[C@H](C(=O)N[C@H](C(=O)N[C@H](C(=O)N2C1)CC4=CC=C(C=C4)O)CC5=CN=CN5)CC(=O)O)CC6=CNC7=C6C=C(C=C7)F)CC8=CNC9=C8C=C(C=C9)F)CCCCN)C(=O)N,>50000,nM,original,50000.0,100000.0
C1C[C@H]2C(=O)N[C@@H](CSCC3=CC=CC(=C3)CSCCC(=O)N[C@H](C(=O)NCC(=O)N[C@H](C(=O)N[C@H](C(=O)N[C@H](C(=O)N[C@H](C(=O)N[C@@H](C(=O)N2C1)CC4=CC=C(C=C4)O)CC5=CN=CN5)CC(=O)O)CC6=CNC7=C6C=C(C=C7)F)CC8=CNC9=C8C=C(C=C9)F)CCCCN)C(=O)N,>48000,nM,original,48000.0,96000.0
C[C@@H]([C@@H]1C(=O)N[C@H](C(=O)N[C@H](C(=O)N[C@H](C(=O)N[C@H](C(=O)N[C@H](C(=O)N2CCC[C@]2(C(=O)NCCSCC3=CC=CC(=C3)CSCCC(=O)N[C@H](C(=O)N1)CCCCN)C)CC4=CC=C(C=C4)O)CC5=CN=CN5)CC(=O)O)CC6=CNC7=C6C=C(C=C7)F)CC8=CNC9=C8C=C(C=C9)F)O,26.9,nM,original,26.9,26.9
C1C[C@H]2C(=O)N[C@@H](CSCC3=CC=CC(=C3)CSCCC(=O)N[C@H](C(=O)NCC(=O)N[C@H](C(=O)N[C@@H](C(=O)N[C@H](C(=O)N[C@H](C(=O)N[C@H](C(=O)N2C1)CC4=CC=C(C=C4)O)CC5=CN=CN5)CC(=O)O)CC6=CNC7=CC=CC=C76)CC8=CNC9=C8C=C(C=C9)F)CCCCN)C(=O)N,>48000,nM,original,48000.0,96000.0
C[C@@H]1C(=O)N[C@H](C(=O)N[C@H](C(=O)N[C@H](C(=O)N[C@H](C(=O)N[C@H](C(=O)N2CCC[C@]2(C(=O)NCCSCC3=CC=CC(=C3)CSCCC(=O)N[C@H](C(=O)N1)CCC(=O)O)C)CC4=CC=C(C=C4)O)CC5=CN=CN5)CC(=O)O)CC6=CNC7=C6C=C(C=C7)F)CC8=CNC9=C8C=C(C=C9)F,202.2,nM,original,202.2,202.2
C[C@H]1C(=O)N[C@@H](CSCC2=CC=CC(=C2)CSCCC(=O)N[C@H](C(=O)NCC(=O)N[C@H](C(=O)N[C@H](C(=O)N[C@H](C(=O)N[C@H](C(=O)N[C@H](C(=O)N1)CC3=CC=C(C=C3)O)CC4=CN=CN4)CC(=O)O)CC5=CNC6=C5C=C(C=C6)F)CC7=CNC8=C7C=C(C=C8)F)CCCCN)C(=O)N,>48000,nM,original,48000.0,96000.0
C1C[C@H]2C(=O)N[C@@H](CSCC3=CC=CC(=C3)CSCCC(=O)N[C@H](C(=O)NCC(=O)NC(C(=O)N[C@H](C(=O)N[C@H](C(=O)N[C@H](C(=O)N[C@H](C(=O)N2C1)CC4=CC=C(C=C4)O)CC5=CN=CN5)CC(=O)O)CC6=CNC7=C6C=C(C=C7)F)CCC8=CC=CC=C8)CCCCN)C(=O)N,2211,nM,original,2211.0,2211.0
C1C[C@H]2C(=O)N[C@@H](CSCC3=CC=CC(=C3)CSCCC(=O)N[C@@H](C(=O)NCC(=O)N[C@H](C(=O)N[C@H](C(=O)N[C@H](C(=O)N[C@H](C(=O)N[C@H](C(=O)N2C1)CC4=CC=C(C=C4)O)CC5=CN=CN5)CC(=O)O)CC6=CNC7=C6C=C(C=C7)F)CC8=CNC9=C8C=C(C=C9)F)CCCCN)C(=O)N,16232,nM,original,16232.0,16232.0
C[C@H]1C(=O)N2CCC[C@H]2C(=O)N[C@@H](CSCC3=CC=CC(=C3)CSCCC(=O)N[C@H](C(=O)NCC(=O)N[C@H](C(=O)N[C@H](C(=O)N[C@H](C(=O)N[C@H](C(=O)N1)CC4=CN=CN4)CC(=O)O)CC5=CNC6=C5C=C(C=C6)F)CC7=CNC8=C7C=C(C=C8)F)CCCCN)C(=O)N,>48000,nM,original,48000.0,96000.0
C[C@H]1C(=O)N[C@H](C(=O)N2CCC[C@]2(C(=O)N[C@@H](CSCC3=CC=CC(=C3)CSCCC(=O)N[C@H](C(=O)NCC(=O)N[C@H](C(=O)N[C@H](C(=O)N4CCC[C@H]4C(=O)N1)CC5=CNC6=C5C=C(C=C6)F)CC7=CNC8=C7C=C(C=C8)F)CCCCN)C(=O)N)C)CC9=CC=C(C=C9)O,88.3,nM,original,88.3,88.3
C1C[C@H]2C(=O)N[C@@H](CSCC3=CC=CC(=C3)CSCCC(=O)N[C@H](C(=O)NCC(=O)N[C@H](C(=O)N[C@H](C(=O)N[C@H](C(=O)N[C@@H](C(=O)N[C@H](C(=O)N2C1)CC4=CC=C(C=C4)O)CC5=CN=CN5)CC(=O)O)CC6=CNC7=C6C=C(C=C7)F)CC8=CNC9=C8C=C(C=C9)F)CCCCN)C(=O)N,>48000,nM,original,48000.0,96000.0
C[C@H]1C(=O)N[C@H](C(=O)N[C@H](C(=O)N2CCC[C@H]2C(=O)N[C@@H](CSCC3=CC=CC(=C3)CSCCC(=O)N[C@H](C(=O)NCC(=O)N[C@H](C(=O)N[C@H](C(=O)N1)CC4=CNC5=C4C=C(C=C5)F)CC6=CNC7=C6C=C(C=C7)F)CCCCN)C(=O)N)CC8=CC=C(C=C8)O)CC9=CN=CN9,427,nM,original,427.0,427.0
C[C@@]12CCCN1C(=O)[C@@H](NC(=O)[C@@H](NC(=O)[C@@H](NC(=O)[C@@H](NC(=O)[C@@H](NC(=O)CNC(=O)[C@@H](NC(=O)CCSCC3=CC(=CC=C3)CSC[C@H](NC2=O)C(=O)N)CCCCN)CC4=CNC5=C4C=C(C=C5)F)CC6=CNC7=C6C=C(C=C7)F)CC(=O)O)CC8=CN=CN8)CC9=CC=C(C=C9)O,14,nM,original,14.0,14.0
CCC[C@@H]1C(=O)N[C@H](C(=O)N[C@H](C(=O)N[C@H](C(=O)N[C@H](C(=O)N[C@H](C(=O)N2CCC[C@]2(C(=O)NCCSCC3=CC=CC(=C3)CSCCC(=O)N[C@H](C(=O)N1)CCCCN)C)CC4=CC=C(C=C4)O)CC5=CN=CN5)CC(=O)O)CC6=CNC7=C6C=C(C=C7)F)CC8=CNC9=C8C=C(C=C9)F,43.5,nM,original,43.5,43.5
CC(=O)N[C@@H](CC1=CN=CN1)C(=O)N(C)[C@@H](CC2=CC=C(C=C2)F)C(=O)N[C@H]3CSCC4=CC(=CC=C4)CSC[C@H](NC(=O)[C@@H]5CCCN5C(=O)[C@@H](NC(=O)[C@@H](NC(=O)[C@@H](NC(=O)[C@@H](NC(=O)[C@@H](NC(=O)CNC(=O)[C@@H](NC3=O)CCCCN)CC6=CNC7=C6C=C(C=C7)F)CC8=CNC9=C8C=C(C=C9)F)CC(=O)O)CC1=CN=CN1)CC1=CC=C(C=C1)O)C(=O)N,956,nM,original,956.0,956.0
C1C[C@H]2C(=O)N[C@@H](CSCC3=CC=CC(=C3)CSCCC(=O)N[C@H](C(=O)NCC(=O)N[C@@H](C(=O)N[C@H](C(=O)N[C@H](C(=O)N[C@H](C(=O)N[C@H](C(=O)N2C1)CC4=CC=C(C=C4)O)CC5=CN=CN5)CC(=O)O)CC6=CNC7=C6C=C(C=C7)F)CC8=CNC9=CC=CC=C98)CCCCN)C(=O)N,>48000,nM,original,48000.0,96000.0
C[C@H]([C@H]1C(=O)N[C@H](C(=O)N2CCC[C@]2(C(=O)N[C@@H](CSCC3=CC=CC(=C3)CSCCC(=O)N[C@H](C(=O)NCC(=O)N[C@H](C(=O)N[C@H](C(=O)N4CCC[C@H]4C(=O)N1)CC5=CNC6=C5C=C(C=C6)F)CC7=CNC8=C7C=C(C=C8)F)CCCCN)C(=O)N)C)CC9=CC=C(C=C9)O)O,23.9,nM,original,23.9,23.9
CC(=O)N[C@H]1CSCC2=CC(=CC=C2)CSC[C@H](NC(=O)[C@@H]3CCCN3C(=O)[C@@H](NC(=O)[C@@H](NC(=O)[C@@H](NC(=O)[C@@H](NC(=O)[C@@H](NC(=O)CNC(=O)[C@@H](NC1=O)CCCCN)CC4=CNC5=C4C=C(C=C5)F)CC6=CNC7=CC=CC=C76)CC(=O)O)CC8=CN=CN8)CC9=CC=C(C=C9)O)C(=O)N,1070,nM,original,1070.0,1070.0
C[C@@H]1C(=O)N[C@H](C(=O)N[C@H](C(=O)N[C@H](C(=O)N[C@H](C(=O)N[C@H](C(=O)N2CCC[C@]2(C(=O)NCCSCC3=CC=CC(=C3)CSCCC(=O)N[C@H](C(=O)N1)CCCCO)C)CC4=CC=C(C=C4)OC)CC5=CN=CN5)CC(=O)O)CC6=CNC7=C6C=C(C=C7)F)CC8=CNC9=C8C=C(C=C9)F,78.9,nM,original,78.9,78.9
C1C[C@H]2C(=O)N[C@@H](CSCC3=CC=CC(=C3)CSCCC(=O)N[C@H](C(=O)NCC(=O)N[C@H](C(=O)N[C@H](C(=O)N[C@@H](C(=O)N[C@H](C(=O)N[C@H](C(=O)N2C1)CC4=CC=C(C=C4)O)CC5=CN=CN5)CC(=O)O)CC6=CNC7=C6C=C(C=C7)F)CC8=CNC9=C8C=C(C=C9)F)CCCCN)C(=O)N,>48000,nM,original,48000.0,96000.0
C1CN2[C@@H]1C(=O)N[C@@H](CSCC3=CC=CC(=C3)CSCCC(=O)N[C@H](C(=O)NCC(=O)N[C@H](C(=O)N[C@H](C(=O)N[C@H](C(=O)N[C@H](C(=O)N[C@H](C2=O)CC4=CC=C(C=C4)O)CC5=CN=CN5)CC(=O)O)CC6=CNC7=C6C=C(C=C7)F)CC8=CNC9=C8C=C(C=C9)F)CCCCN)C(=O)N,67.5,nM,original,67.5,67.5
C[C@H]1C(=O)N[C@@H](C(=O)N[C@H](C(=O)N[C@H](C(=O)N[C@H](C(=O)N[C@H](C(=O)N[C@H](C(=O)N2CCC[C@]2(C(=O)NCCSCC3=CC=CC(=C3)CSCCC(=O)N1)C)CC4=CC=C(C=C4)O)CC5=CN=CN5)CC(=O)O)CC6=CNC7=C6C=C(C=C7)F)CC8=CNC9=C8C=C(C=C9)F)CCCCN,48.1,nM,original,48.1,48.1
CC(C)[C@@H]1C(=O)N[C@H](C(=O)N[C@H](C(=O)N[C@H](C(=O)N[C@H](C(=O)N[C@H](C(=O)N2CCC[C@]2(C(=O)NCCSCC3=CC=CC(=C3)CSCCC(=O)N[C@H](C(=O)N1)CCCCN)C)CC4=CC=C(C=C4)O)CC5=CN=CN5)CC(=O)O)CC6=CNC7=C6C=C(C=C7)F)CC8=CNC9=C8C=C(C=C9)F,6.3,nM,original,6.3,6.3
C[C@@]12CCCN1C(=O)[C@@H](NC(=O)[C@@H](NC(=O)[C@@H](NC(=O)[C@@H](NC(=O)[C@@H](NC(=O)CNC(=O)[C@@H](NC(=O)CCSCC3=CC(=CC=C3)CSC[C@H](NC2=O)C(=O)N)CCCCNC(=O)CCOCCOCCOCCOCCN)CC4=CNC5=C4C=C(C=C5)F)CC6=CNC7=C6C=C(C=C7)F)CC(=O)O)CC8=CN=CN8)CC9=CC=C(C=C9)O,10.7,nM,original,10.7,10.7
C[C@H]1C(=O)N[C@@H](C(=O)N[C@H]2CC3=CC(=CC=C3)CNC(=O)CCC[C@@H](C(=O)N[C@H](C(=O)N[C@H](C(=O)N4CCC[C@]4(C(=O)NCCSCC5=CC=CC(=C5)CSCCC(=O)N1)C)CC6=CC=C(C=C6)OC)[C@@H](C)O)NC(=O)[C@@H](NC2=O)CC7=CNC8=C7C=C(C=C8)F)C,44.2,nM,original,44.2,44.2
C[C@@]12CCCN1C(=O)[C@@H](NC(=O)[C@@H](NC(=O)[C@@H](NC(=O)[C@@H](NC(=O)[C@@H](NC(=O)CNC(=O)[C@@H](NC(=O)CCSCC3=CC(=CC=C3)CSCCNC2=O)CCCCN)CC4=CNC5=C4C=C(C=C5)F)CC6=CNC7=C6C=C(C=C7)F)CC(=O)O)CC8=CN=CN8)CC9=CC=C(C=C9)O,4.3,nM,original,4.3,4.3
C[C@@H]1C(=O)N[C@H](C(=O)N[C@H](C(=O)N[C@H](C(=O)N[C@H](C(=O)N[C@H](C(=O)N2CCC[C@]2(C(=O)NCCSCC3=CC=CC(=C3)CSCCC(=O)N[C@H](C(=O)N1)CCCCN)C)CC4=CC=C(C=C4)OC)CC5=CN=CN5)CC(=O)O)CC6=CNC7=C6C=C(C=C7)F)CC8=CNC9=C8C=C(C=C9)F,3.9,nM,original,3.9,3.9
CCC[C@H]1C(=O)NCC(=O)N[C@H](C(=O)N[C@H](C(=O)N[C@H](C(=O)N[C@H](C(=O)N[C@H](C(=O)N2CCC[C@]2(C(=O)N[C@@H](CSCC3=CC=CC(=C3)CSCCC(=O)N1)C(=O)N)C)CC4=CC=C(C=C4)O)CC5=CN=CN5)CC(=O)O)CC6=CNC7=C6C=C(C=C7)F)CC8=CNC9=C8C=C(C=C9)F,35.2,nM,original,35.2,35.2
C[C@H]1C(=O)N[C@@H](C(=O)N[C@H]2CC3=CC(=CC=C3)CNC(=O)CCCC[C@@H](C(=O)N[C@H](C(=O)N[C@H](C(=O)N4CCC[C@]4(C(=O)NCCSCC5=CC=CC(=C5)CSCCC(=O)N1)C)CC6=CC=C(C=C6)OC)[C@@H](C)O)NC(=O)[C@@H](NC2=O)CC7=CNC8=C7C=C(C=C8)F)C,4,nM,original,4.0,4.0
C[C@H]1C(=O)N[C@@H](C(=O)N[C@H]2CC3=CC(=CC=C3)CNC(=O)CC[C@@H](C(=O)N[C@H](C(=O)N[C@H](C(=O)N4CCC[C@]4(C(=O)NCCSCC5=CC=CC(=C5)CSCCC(=O)N1)C)CC6=CC=C(C=C6)OC)[C@@H](C)OC)N(C(=O)[C@@H](NC2=O)CC7=CNC8=C7C=C(C=C8)F)C)C,10.6,nM,original,10.6,10.6
C[C@@H]1C(=O)N[C@H](C(=O)N[C@H](C(=O)N[C@H](C(=O)N[C@H](C(=O)N[C@H](C(=O)N2CCC[C@]2(C(=O)NCCSCC3=CC=CC(=C3)CSCCC(=O)N[C@H](C(=O)N1)CNC(=O)COCCOCCN)C)CC4=CC=C(C=C4)OC)CC5=CN=CN5)CC(=O)O)CC6=CNC7=C6C=C(C=C7)F)CC8=CNC9=C8C=C(C=C9)F,8.2,nM,original,8.2,8.2
C[C@@H]1C(=O)N[C@H](C(=O)N[C@H](C(=O)N[C@H](C(=O)N[C@H](C(=O)N[C@H](C(=O)N2CCC[C@]2(C(=O)NCCSCC3=CC=CC(=C3)CSCCC(=O)N[C@H](C(=O)N1)CCCCN)C)CC4=CC=C(C=C4)O)CC5=CN=CN5)CC(=O)O)CC6=CNC7=C6C=C(C=C7)F)CC8=CNC9=C8C=C(C=C9)F,4.2,nM,original,4.2,4.2
C[C@@H]1C(=O)N[C@H](C(=O)N[C@H](C(=O)N[C@H](C(=O)N[C@H](C(=O)N[C@H](C(=O)N2CCC[C@]2(C(=O)NCCSCC3=CC=CC(=C3)CSCCC(=O)N[C@H](C(=O)N1)CCCCN(C)C)C)CC4=CC=C(C=C4)OC)CC5=CN=CN5)CC(=O)O)CC6=CNC7=C6C=C(C=C7)F)CC8=CNC9=C8C=C(C=C9)F,4.2,nM,original,4.2,4.2
C[C@@H]1C(=O)N[C@H](C(=O)N[C@H](C(=O)N2CCC[C@H]2C(=O)N[C@H](C(=O)N[C@H](C(=O)N3CCC[C@]3(C(=O)N[C@@H](CSCC4=CC(=CC(=C4)CSCCC(=O)N[C@H](C(=O)N1)CCCCN)F)C(=O)N)C)CC5=CC=C(C=C5)O)[C@@H](C)O)CC6=CNC7=C6C=C(C=C7)F)CC8=CNC9=C8C=C(C=C9)F,11,nM,original,11.0,11.0
C[C@@H]1C(=O)N[C@H](C(=O)N[C@H](C(=O)N[C@H](C(=O)N[C@H](C(=O)N[C@H](C(=O)N2CCC[C@]2(C(=O)NCCSCC3=CC=CC(=C3)CSCCC(=O)N[C@H](C(=O)N1)CCCCC(=O)O)C)CC4=CC=C(C=C4)OC)CC5=CN=CN5)CC(=O)O)CC6=CNC7=C6C=C(C=C7)F)CC8=CNC9=C8C=C(C=C9)F,85.8,nM,original,85.8,85.8
C[C@H]([C@H]1C(=O)N[C@H](C(=O)N2CCC[C@]2(C(=O)N[C@@H](CSCC3=CC=CC(=C3)CSCCC(=O)N[C@H](C(=O)NCC(=O)N[C@H](C(=O)N[C@H](C(=O)N4CCC[C@H]4C(=O)N1)CC5=CNC6=C5C=C(C=C6)F)CC7=CNC8=C7C=C(C=C8)F)CCCCN)C(=O)N)C)CC9=CC=C(C=C9)O)OC,10.1,nM,original,10.1,10.1
C[C@H]1C(=O)N[C@@H](C(=O)N[C@H]2CC3=CC=C(CNC(=O)CCCC[C@@H](C(=O)N[C@H](C(=O)N[C@H](C(=O)N4CCC[C@]4(C(=O)NCCSCC5=CC=CC(=C5)CSCCC(=O)N1)C)CC6=CC=C(C=C6)OC)[C@@H](C)O)NC(=O)[C@@H](NC2=O)CC7=CNC8=C7C=C(C=C8)F)C=C3)C,174.8,nM,original,174.8,174.8
C[C@@]12CCCN1C(=O)[C@@H](NC(=O)[C@@H](NC(=O)[C@@H](NC(=O)[C@@H](NC(=O)[C@@H](NC(=O)CNC(=O)[C@@H](NC(=O)CCSCC3=CC(=CC=C3)CSC[C@H](NC2=O)C(=O)N)CCCN)CC4=CNC5=C4C=C(C=C5)F)CC6=CNC7=C6C=C(C=C7)F)CC(=O)O)CC8=CN=CN8)CC9=CC=C(C=C9)O,14.3,nM,original,14.3,14.3
C[C@@H]1C(=O)N[C@H](C(=O)N[C@H](C(=O)N2C[C@H](C[C@H]2C(=O)N[C@H](C(=O)N[C@H](C(=O)N3CCC[C@]3(C(=O)N[C@@H](CSCC4=CC=CC(=C4)CSCCC(=O)N[C@H](C(=O)N1)CCCCN)C(=O)N)C)CC5=CC=C(C=C5)O)[C@@H](C)O)F)CC6=CNC7=C6C=C(C=C7)F)CC8=CNC9=C8C=C(C=C9)F,2.1,nM,original,2.1,2.1
C[C@@H]1C(=O)N[C@H](C(=O)N[C@H](C(=O)N[C@H](C(=O)N[C@H](C(=O)N[C@H](C(=O)N2CCC[C@]2(C(=O)NCCSCC3=CC=CC(=C3)CSCCC(=O)N[C@H](C(=O)N1)CCCC[N+](C)(C)C)C)CC4=CC=C(C=C4)OC)CC5=CN=CN5)CC(=O)O)CC6=CNC7=C6C=C(C=C7)F)CC8=CNC9=C8C=C(C=C9)F,9.5,nM,original,9.5,9.5
C[C@@H]1C(=O)N[C@H](C(=O)N[C@H](C(=O)N[C@H](C(=O)N[C@H](C(=O)N[C@H](C(=O)N2CCC[C@]2(C(=O)NCCSCC3=CC(=CC(=C3)CSCCC(=O)N[C@H](C(=O)N1)CCCCN)F)C)CC4=CC=C(C=C4)O)CC5=CN=CN5)CC(=O)O)CC6=CNC7=C6C=C(C=C7)F)CC8=CNC9=C8C=C(C=C9)F,1.5,nM,original,1.5,1.5
C[C@@H]1C(=O)N[C@H](C(=O)N[C@H](C(=O)N[C@H](C(=O)N[C@H](C(=O)N[C@H](C(=O)N2CCC[C@]2(C(=O)NCCSCC3=CC=CC(=C3)CSCCC(=O)N[C@H](C(=O)N1)CCCCCC(=O)O)C)CC4=CC=C(C=C4)OC)CC5=CN=CN5)CC(=O)O)CC6=CNC7=C6C=C(C=C7)F)CC8=CNC9=C8C=C(C=C9)F,80.7,nM,original,80.7,80.7
C[C@H]1C(=O)N[C@@H](C(=O)N[C@H]2CC3=CC(=CC=C3)CNC(=O)C[C@@H](C(=O)N[C@H](C(=O)N[C@H](C(=O)N4CCC[C@]4(C(=O)NCCSCC5=CC=CC(=C5)CSCCC(=O)N1)C)CC6=CC=C(C=C6)OC)[C@@H](C)O)NC(=O)[C@@H](NC2=O)CC7=CNC8=C7C=C(C=C8)F)C,285,nM,original,285.0,285.0
C[C@H]1C(=O)N[C@@H](C(=O)N[C@H]2CC3=CC(=CC=C3)CNC(=O)CC[C@@H](C(=O)N[C@H](C(=O)N[C@H](C(=O)N4CCC[C@]4(C(=O)NCCSCC5=CC=CC(=C5)CSCCC(=O)N1)C)CC6=CC=C(C=C6)OC)[C@@H](C)O)NC(=O)[C@@H](NC2=O)CC7=CNC8=C7C=C(C=C8)F)C,1.5,nM,original,1.5,1.5
C[C@@]12CCCN1C(=O)[C@@H](NC(=O)[C@@H](NC(=O)[C@@H](NC(=O)[C@@H](NC(=O)[C@@H](NC(=O)[C@H](NC(=O)[C@@H](NC(=O)CCSCC3=CC(=CC=C3)CSCCNC2=O)CCCCN)C4CCCC4)CC5=CNC6=C5C=C(C=C6)F)CC7=CNC8=C7C=C(C=C8)F)CC(=O)O)CC9=CN=CN9)CC1=CC=C(C=C1)O,23.1,nM,original,23.1,23.1
C[C@@]12CCCN1C(=O)[C@@H](NC(=O)[C@@H](NC(=O)[C@@H](NC(=O)[C@@H](NC(=O)[C@@H](NC(=O)[C@H](NC(=O)[C@@H](NC(=O)CCSCC3=CC(=CC=C3)CSCCNC2=O)CCCCN)C(C)(C)C)CC4=CNC5=C4C=C(C=C5)F)CC6=CNC7=C6C=C(C=C7)F)CC(=O)O)CC8=CN=CN8)CC9=CC=C(C=C9)O,4.2,nM,original,4.2,4.2
C[C@@]12CCCN1C(=O)[C@@H](NC(=O)[C@@H](NC(=O)[C@@H](NC(=O)[C@@H](NC(=O)[C@@H](NC(=O)CNC(=O)[C@@H](NC(=O)CCSCC3=CC(=CC=C3)CSC[C@H](NC2=O)C(=O)N)CCCCN)CC4=CNC5=C4C=C(C=C5)F)CC6=CNC7=C6C=C(C=C7)F)CC(=O)O)CC8=CN=CN8)CC9=CC=C(C=C9)O,4,nM,original,4.0,4.0
CCC[C@@H]1C(=O)N[C@H](C(=O)N[C@H](C(=O)N[C@H](C(=O)N[C@H](C(=O)N[C@H](C(=O)N2CCC[C@]2(C(=O)NCCSCC3=CC=CC(=C3)CSCCC(=O)N[C@H](C(=O)N1)CCCCN)C)CC4=CC=C(C=C4)O)CC5=CN=CN5)CC(=O)O)CC6=CNC7=C6C=C(C=C7)F)CC8=CNC9=C8C=C(C=C9)F,2.7,nM,original,2.7,2.7
C[C@H]1C(=O)N[C@@H](C(=O)N[C@H](C(=O)N[C@H]2CC3=CN(CC4=CN(C5=CC(=CC(=C5)CSCCNC(=O)[C@@]6(CCCN6C(=O)[C@@H](NC(=O)[C@@H](NC(=O)[C@@H]7CCCN7C2=O)[C@@H](C)O)CC8=CC=C(C=C8)OC)C)CSCCC(=O)N1)N=N4)C9=C3C=C(C=C9)F)CC1=CNC2=C1C=C(C=C2)F)C,1.36,nM,original,1.36,1.36
C[C@H]([C@H]1C(=O)N[C@H](C(=O)N2CCC[C@]2(C(=O)N[C@@H](CSCC3=CC=CC(=C3)CSCCC(=O)N[C@H](C(=O)NCC(=O)N[C@H](C(=O)N[C@H](C(=O)N4CCC[C@H]4C(=O)N1)CC5=CNC6=C5C=C(C=C6)F)CC7=CNC8=C7C=C(C=C8)F)CCCCN)C(=O)N)C)CC9=CC=C(C=C9)O)O,11.7,nM,original,11.7,11.7
C[C@@]12CCCN1C(=O)[C@@H](NC(=O)[C@@H](NC(=O)[C@@H](NC(=O)[C@@H](NC(=O)[C@@H](NC(=O)CNC(=O)[C@@H](NC(=O)CCSCC3=CC(=CC=C3)CSC[C@H](NC2=O)C(=O)N)CCCCNC(=O)CCOCCOCCOCCOC)CC4=CNC5=C4C=C(C=C5)F)CC6=CNC7=C6C=C(C=C7)F)CC(=O)O)CC8=CN=CN8)CC9=CC=C(C=C9)O,9.4,nM,original,9.4,9.4
C[C@H]1C(=O)N[C@@H](C(=O)N[C@H]2CC3=CC(=CC=C3)CNC(=O)CC[C@@H](C(=O)N[C@H](C(=O)N[C@H](C(=O)N4CCC[C@]4(C(=O)NCCSCC5=CC=CC(=C5)CSCCC(=O)N1)C)CC6=CC=C(C=C6)OC)[C@@H](C)OC)N(C(=O)C(NC2=O)CC7=C8C=C(C=CC8=NC=C7)F)C)C,2.8,nM,original,2.8,2.8
C[C@@H]1C(=O)N[C@H](C(=O)N[C@H](C(=O)N[C@H](C(=O)N[C@H](C(=O)N[C@H](C(=O)N2CCC[C@]2(C(=O)NCCSCC3=CC=CC(=C3)CSCCC(=O)N[C@H](C(=O)N1)CCCCO)C)CC4=CC=C(C=C4)OC)CC5=CN=CN5)CC(=O)O)CC6=CNC7=C6C=C(C=C7)F)CC8=CNC9=C8C=C(C=C9)F,39,nM,original,39.0,39.0
