SMILES,IC50,IC50-min,IC50-max
NCCC#N,>1000,1000.0,2000.0
NC\C=C(/F)Cn1cc(-c2ccc(F)cc2)c2ccccc12,>300,300.0,600.0
CN(C)S(=O)(=O)c1cccc(c1)-c1c(C)n(C\C(F)=C\CN)c2ccccc12,>300,300.0,600.0
CN(C)S(=O)(=O)c1ccc(cc1)-c1c(C)n(C\C(F)=C\CN)c2ccccc12,>300,300.0,600.0
CN(C)S(=O)(=O)c1cccc(c1)-c1c(C)n(C\C(F)=C\CN)c2ncccc12,>300,300.0,600.0
COC(=O)c1ccc2n(C\C(F)=C\CN)c(C)c(-c3cccc(c3)S(=O)(=O)N(C)C)c2c1,>300,300.0,600.0
CN(C)C(=O)c1ccc2n(C\C(F)=C\CN)c(C)c(-c3cccc(c3)S(=O)(=O)N(C)C)c2c1,>300,300.0,600.0
COC(=O)c1ccc2c(c(C)n(C\C(F)=C\CN)c2c1)-c1cccc(c1)S(=O)(=O)N(C)C,>300,300.0,600.0
CN(C)S(=O)(=O)c1cccc(c1)-c1c(C)n(C\C(F)=C\CN)c2ccc(cc12)C(O)=O,>300,300.0,600.0
CN(C)S(=O)(=O)c1cccc(c1)-c1c(C)n(C\C(F)=C\CN)c2cc(ccc12)C(O)=O,>300,300.0,600.0
CN(C)C(=O)c1ccc2c(c(C)n(C\C(F)=C\CN)c2c1)-c1cccc(c1)S(=O)(=O)N(C)C,>300,300.0,600.0
CN(C)S(=O)(=O)c1cccc(c1)-c1c(C)n(C\C(F)=C\CN)c2cc(ccc12)C(N)=O,>300,300.0,600.0
CCOC(=O)c1ccc2n(C\C(F)=C\CN)c(C)c(-c3cccc(c3)S(=O)(=O)N(C)C)c2c1,>300,300.0,600.0
CN(C)S(=O)(=O)c1cccc(-c2c(C)n(C\C(F)=C\CN)c3ccc(cc23)C(O)=O)c1C,>300,300.0,600.0
Cc1c(-c2cccc(c2)S(C)(=O)=O)c2cc(ccc2n1C\C(F)=C\CN)C(O)=O,>300,300.0,600.0
CCOC(=O)c1ccc2n(C\C(F)=C\CN)c(C)c(-c3cccc(c3)C(=O)N(C)C)c2c1,>300,300.0,600.0
CN(C)C(=O)c1cccc(c1)-c1c(C)n(C\C(F)=C\CN)c2ccc(cc12)C(O)=O,>300,300.0,600.0
CCOC(=O)c1ccc2n(C\C(F)=C\CN)c(C)c(-c3cccc(c3)S(C)(=O)=O)c2c1,>300,300.0,600.0
CNS(=O)(=O)c1cccc(c1)-c1c(C)n(C\C(F)=C\CN)c2ccc(cc12)C(O)=O,>300,300.0,600.0
CCOC(=O)c1ccc2n(C\C(F)=C\CN)c(C)c(-c3cc(ccc3C)S(=O)(=O)N(C)C)c2c1,>300,300.0,600.0
CN(C)S(=O)(=O)c1ccc(C)c(c1)-c1c(C)n(C\C(F)=C\CN)c2ccc(cc12)C(O)=O,>300,300.0,600.0
CN(C)S(=O)(=O)c1cccc(c1)-c1c(C)n(C\C(F)=C\CN)c2cc(F)c(cc12)C(O)=O,>300,300.0,600.0
CCOC(=O)c1cc2c(c(C)n(C\C(F)=C\CN)c2cc1F)-c1cccc(c1)S(=O)(=O)N(C)C,>300,300.0,600.0
Cc1c(-c2ccc(F)cc2)c2cc(ccc2n1C\C(F)=C\CN)C(O)=O,>300,300.0,600.0
CCOC(=O)c1ccc2n(C\C(F)=C\CN)c(C)c(-c3ccc(F)cc3)c2c1,>300,300.0,600.0
CN(C)S(=O)(=O)c1cccc(c1)-c1c(C)n(C\C(F)=C\CN)c2cccnc12,>300,300.0,600.0
CN(C)S(=O)(=O)c1cccc(c1)-c1c(C)n(C\C(F)=C\CN)c2ccncc12,>300,300.0,600.0
CCOC(=O)c1ccc2n(C\C(F)=C\CN)c(C)c(-c3cccc(Cl)c3)c2c1,>300,300.0,600.0
Cc1c(-c2cccc(Cl)c2)c2cc(ccc2n1C\C(F)=C\CN)C(O)=O,>300,300.0,600.0
CN(C)S(=O)(=O)c1cccc(c1)-c1c(C)n(C\C(F)=C\CN)c2ccc(cc12)-c1nn[nH]n1,>300,300.0,600.0
CCOC(=O)c1ccc2n(C\C(F)=C\CN)c(C)c(-c3cccc(c3)C(C)(C)C)c2c1,>300,300.0,600.0
Cc1c(-c2cccc(c2)C(C)(C)C)c2cc(ccc2n1C\C(F)=C\CN)C(O)=O,>300,300.0,600.0
CN(C)S(=O)(=O)c1cccc(c1)-c1c(C)n(C\C(F)=C\CN)c2cnccc12,>300,300.0,600.0
CCOC(=O)c1cccc(c1)-c1c(C)n(C\C(F)=C\CN)c2ccc(cc12)S(=O)(=O)N(C)C,>300,300.0,600.0
CN(C)S(=O)(=O)c1ccc2n(C\C(F)=C\CN)c(C)c(-c3cccc(c3)C(O)=O)c2c1,>300,300.0,600.0
CC(C)NC(=O)c1ccc2n(C\C(F)=C\CN)c(C)c(-c3cccc(c3)S(=O)(=O)N(C)C)c2c1,>300,300.0,600.0
CC(C)N(C)C(=O)c1ccc2n(C\C(F)=C\CN)c(C)c(-c3cccc(c3)S(=O)(=O)N(C)C)c2c1,>300,300.0,600.0
CN(C)S(=O)(=O)c1cccc(c1)-c1c(C)n(C\C(F)=C\CN)c2ccc(O)cc12,>300,300.0,600.0
CN(c1cccc(c1)-c1c(C)n(C\C(F)=C\CN)c2ccc(cc12)C(O)=O)S(C)(=O)=O,>300,300.0,600.0
CN(C)C(=O)c1ccc2n(C\C(F)=C\CN)c(C)c(-c3cccc(c3)N(C)S(C)(=O)=O)c2c1,>300,300.0,600.0
CN(C)S(=O)(=O)c1cncc(c1)-c1c(C)n(C\C(F)=C\CN)c2ccc(cc12)C(O)=O,>300,300.0,600.0
CN(C)C(=O)c1ccc2n(C\C(F)=C\CN)c(C)c(-c3cncc(c3)S(=O)(=O)N(C)C)c2c1,>300,300.0,600.0
CCOC(=O)c1ccc2n(C\C(F)=C\CN)c(C)c(-c3cccc(c3)S(=O)(=O)N(C)C)c2n1,>300,300.0,600.0
CN(C)S(=O)(=O)c1cccc(c1)-c1c(C)n(C\C(F)=C\CN)c2ccc(nc12)C(O)=O,>300,300.0,600.0
CN(C)C(=O)c1ccc2n(C\C(F)=C\CN)c(C)c(-c3cccc(c3)S(=O)(=O)N(C)C)c2n1,>300,300.0,600.0
CC(C)NC(=O)c1ccc2n(C\C(F)=C\CN)c(C)c(-c3cccc(c3)S(=O)(=O)N(C)C)c2n1,>300,300.0,600.0
CNC(=O)c1ccc2n(C\C(F)=C\CN)c(C)c(-c3cccc(c3)S(=O)(=O)N(C)C)c2n1,>300,300.0,600.0
CN(C)C(=O)c1cccc2c(c(C)n(C\C(F)=C\CN)c12)-c1cccc(c1)S(=O)(=O)N(C)C,>300,300.0,600.0
CN(C)S(=O)(=O)c1cccc(c1)-c1c(C)n(C\C(F)=C\CN)c2c(cccc12)C(O)=O,>300,300.0,600.0
COc1ccc2n(C\C(F)=C\CN)c(C)c(-c3cccc(c3)S(=O)(=O)N(C)C)c2c1,>300,300.0,600.0
CN(C)C(=O)c1ccc2n(C\C(F)=C\CN)c(C)c(-c3cccc(c3)S(C)(=O)=O)c2c1,>300,300.0,600.0
CN(C)S(=O)(=O)c1cccc(c1)-c1c(C)n(C\C(F)=C\CN)c2ccc(cc12)C#N,>300,300.0,600.0
CN(C)C(=O)c1ccc2n(C\C(F)=C\CN)c(C)c(-c3cccc(c3)S(N)(=O)=O)c2c1,>300,300.0,600.0
CN(C)S(=O)(=O)c1cccc(c1)-c1c(C)n(C\C(F)=C\CN)c2ccc(cc12)-c1ncon1,>300,300.0,600.0
CN(C)C(=O)c1ccc2n(C\C(F)=C\CN)c(C)c(-c3cccc(c3)C(F)(F)F)c2c1,>300,300.0,600.0
CN(C)C(=O)c1ccc2n(C\C(F)=C\CN)c(C)c(-c3cccc(c3)S(=O)(=O)C(F)(F)F)c2c1,>300,300.0,600.0
CN(C)S(=O)(=O)c1cccc(c1)-c1c(C)n(C\C(F)=C\CN)c2ccc(cc12)S(=O)(=O)N(C)C,>300,300.0,600.0
CN(C)S(=O)(=O)c1cccc(c1)-c1c(C)n(C\C(F)=C\CN)c2ccc(cc12)C(F)F,>300,300.0,600.0
CN(C)S(=O)(=O)c1cccc(c1)-c1c(C)n(C\C(F)=C\CN)c2ccc(O)nc12,>300,300.0,600.0
COc1ccc2n(C\C(F)=C\CN)c(C)c(-c3cccc(c3)S(=O)(=O)N(C)C)c2n1,>300,300.0,600.0
CN(C)S(=O)(=O)c1cccc(c1)-c1c(C)n(C\C(F)=C\CN)c2ccc(Cl)cc12,>300,300.0,600.0
CN(C)S(=O)(=O)c1cncc(c1)-c1c(C)n(C\C(F)=C\CN)c2ccccc12,>300,300.0,600.0
CN(C)S(=O)(=O)c1cncc(c1)-c1c(C)n(C\C(F)=C\CN)c2ccc(Cl)cc12,>300,300.0,600.0
Cc1c(-c2cncc(c2)S(C)(=O)=O)c2cc(Cl)ccc2n1C\C(F)=C\CN,>300,300.0,600.0
CN(C)S(=O)(=O)c1cncc(c1)-c1cn(C\C(F)=C\CN)c2ccc(Cl)cc12,>300,300.0,600.0
CN(C)S(=O)(=O)c1cncc(c1)-c1c(C)n(C\C(F)=C\CN)c2cc(Cl)ccc12,>300,300.0,600.0
COc1ccc2n(C\C(F)=C\CN)c(C)c(-c3cccc(SC)c3)c2n1,>300,300.0,600.0
COc1ccc2n(C\C(F)=C\CN)c(C)c(-c3cccc(c3)S(C)(=O)=O)c2n1,>300,300.0,600.0
CNS(=O)(=O)c1cncc(c1)-c1c(C)n(C\C(F)=C\CN)c2ccc(Cl)cc12,>300,300.0,600.0
CN(C)S(=O)(=O)c1cncc(c1)-c1c(C)n(C\C(F)=C\CN)c2ccc(F)cc12,>300,300.0,600.0
CN(C)S(=O)(=O)c1cncc(c1)-c1c(C)n(C\C(F)=C\CN)c2cc(Cl)cnc12,>300,300.0,600.0
CN(C)S(=O)(=O)c1cncc(c1)-c1c(C)n(C\C(F)=C\CN)c2ncc(Cl)cc12,>300,300.0,600.0
CN(C)S(=O)(=O)c1cncc(c1)-c1c(C)n(C\C(F)=C\CN)c2c(Cl)cccc12,>300,300.0,600.0
CN(C)S(=O)(=O)c1cncc(c1)-c1c(C)n(C\C(F)=C\CN)c2cccc(Cl)c12,>300,300.0,600.0
Cc1c(-c2ccncc2)c2cc(Cl)ccc2n1C\C(F)=C\CN,>300,300.0,600.0
Cc1c(-c2cccnc2)c2cc(Cl)ccc2n1C\C(F)=C\CN,>300,300.0,600.0
CN(C)S(=O)(=O)c1cccc(n1)-c1c(C)n(C\C(F)=C\CN)c2ccc(Cl)cc12,>300,300.0,600.0
CN(C)S(=O)(=O)c1cncc(c1)-c1c(C)n(C\C(F)=C\CN)c2ccc(cc12)C1CC1,>300,300.0,600.0
Cc1c(-c2cncnc2)c2cc(Cl)ccc2n1C\C(F)=C\CN,>300,300.0,600.0
CN(C)S(=O)(=O)c1ccc2n(C\C(F)=C\CN)c(C)c(-c3ccncc3)c2c1,>300,300.0,600.0
CN(C)S(=O)(=O)c1ccc(C)c(c1)-c1c(C)n(C\C(F)=C\CN)c2c(F)cc(Cl)cc12,>300,300.0,600.0
Cc1c(-c2cncc(c2)S(N)(=O)=O)c2cc(Cl)ccc2n1C\C(F)=C\CN,>300,300.0,600.0
Cc1c(-c2ccncc2)c2cc(ccc2n1C\C(F)=C\CN)S(N)(=O)=O,>300,300.0,600.0
CN(C)S(=O)(=O)c1cncc(c1)-c1c(C)n(C\C(F)=C\CN)c2ccc(OC(F)(F)F)cc12,>300,300.0,600.0
CN(C)S(=O)(=O)c1ccc2n(C\C(F)=C\CN)c(C)c(-c3ccccc3)c2c1,>300,300.0,600.0
Cc1c(-c2ccccc2)c2cc(ccc2n1C\C(F)=C\CN)S(C)(=O)=O,>300,300.0,600.0
Cc1c(-c2ccncc2)c2cc(ccc2n1C\C(F)=C\CN)S(C)(=O)=O,>300,300.0,600.0
Cc1c(-c2cc(C)nc(C)c2)c2cc(ccc2n1C\C(F)=C\CN)S(C)(=O)=O,>300,300.0,600.0
CN(C)C(=O)c1ccc2n(C\C(F)=C\CN)c(C)c(-c3cc(C)nc(C)c3)c2c1,>300,300.0,600.0
Cc1c(-c2ccncc2)c2cc(ccc2n1C\C(F)=C\CN)C(=O)NC(C)(C)C,>300,300.0,600.0
Cc1c(-c2ccc3OCOc3c2)c2cc(ccc2n1C\C(F)=C\CN)S(C)(=O)=O,>300,300.0,600.0
Cc1c(-c2ccc(F)cc2)c2cc(ccc2n1C\C(F)=C\CN)S(C)(=O)=O,>300,300.0,600.0
Cc1c(-c2ccnc(C)c2)c2cc(ccc2n1C\C(F)=C\CN)S(C)(=O)=O,>300,300.0,600.0
Cc1c(-c2ccc(F)cc2)c2cc(ccc2n1C\C(F)=C\CN)S(N)(=O)=O,>300,300.0,600.0
CN(C)S(=O)(=O)c1cncc(c1)-c1c(Cl)n(C\C(F)=C\CN)c2ccccc12,>300,300.0,600.0
CN(C)S(=O)(=O)c1cccc(c1)-c1c(C)n(C\C(F)=C\CN)c2ccc(cc12)S(C)(=O)=O,>300,300.0,600.0
COc1cc(ccn1)-c1c(C)n(C\C(F)=C\CN)c2ccc(cc12)S(C)(=O)=O,>300,300.0,600.0
CN(C)S(=O)(=O)c1cccc(c1)-c1c(Cl)n(C\C(F)=C\CN)c2cccnc12,>300,300.0,600.0
CN(C)S(=O)(=O)c1cccc(c1)-c1c(Cl)n(C\C(F)=C\CN)c2ccc(cc12)S(C)(=O)=O,>300,300.0,600.0
Cc1c(-c2cc(C)nc(C)c2)c2cc(ccc2n1C\C(F)=C\CN)[N+]([O-])=O,>300,300.0,600.0
Cc1c(-c2cc(C)nc(C)c2)c2cc(NS(C)(=O)=O)ccc2n1C\C(F)=C\CN,>300,300.0,600.0
COCc1ccc2n(C\C(F)=C\CN)c(C)c(-c3cccc(c3)S(=O)(=O)N(C)C)c2n1,>300,300.0,600.0
CN(C)S(=O)(=O)c1cccc(c1)-c1c(C)n(C\C(F)=C\CN)c2ccc(NS(C)(=O)=O)cc12,>300,300.0,600.0
CN(C)c1ccc2n(C\C(F)=C\CN)c(C)c(-c3cccc(c3)S(=O)(=O)N(C)C)c2n1,>300,300.0,600.0
CC(C)S(=O)(=O)c1ccc2n(C\C(F)=C\CN)c(C)c(-c3cccc(c3)S(=O)(=O)N(C)C)c2c1,>300,300.0,600.0
CN(C)S(=O)(=O)c1cccc(c1)-c1c(C)n(C\C(F)=C\CN)c2ccc(C)nc12,>300,300.0,600.0
CN(C)S(=O)(=O)c1cccc(c1)-c1c(C)n(C\C(F)=C\CN)c2cc(F)cnc12,>300,300.0,600.0
CN(C)S(=O)(=O)c1cccc(c1)-c1c(C)n(C\C(F)=C\CN)c2ccc(F)nc12,>300,300.0,600.0
CN(C)S(=O)(=O)c1cccc(c1)-c1c(C)n(C\C(F)=C\CN)c2ccc(nc12)C(F)(F)F,>300,300.0,600.0
CN(C)S(=O)(=O)c1cccc(c1)-c1c(C)n(C\C(F)=C\CN)c2ccc(nc12)C(C)(F)F,>300,300.0,600.0
Cc1c(-c2cccc(c2)S(C)(=O)=O)c2nc(C)ccc2n1C\C(F)=C\CN,>300,300.0,600.0
CCS(=O)(=O)c1cccc(c1)-c1c(C(C)C)n(C\C(F)=C\CN)c2ccc(C)nc12,>300,300.0,600.0
CCS(=O)(=O)c1cccc(c1)-c1c(C)n(C\C(F)=C\CN)c2ccc(C)nc12,>300,300.0,600.0
Cc1c(-c2cccc(c2)S(C)(=O)=O)c2nc(CF)ccc2n1C\C(F)=C\CN,>300,300.0,600.0
Cc1c(-c2cccc(c2)S(C)(=O)=O)c2nc(ccc2n1C\C(F)=C\CN)C(C)(C)O,>300,300.0,600.0
CC(C)S(=O)(=O)c1cccc(c1)-c1c(C)n(C\C(F)=C\CN)c2ccc(nc12)C(C)(C)O,>300,300.0,600.0
CN(C)S(=O)(=O)c1ccc(Cc2c(C)n(C\C(F)=C\CN)c3ccc(cc23)C(O)=O)cc1,>300000,300000.0,600000.0
COC(=O)c1ccc2n(C\C(F)=C\CN)c(C)c(Cc3ccc(cc3)S(=O)(=O)N(C)C)c2c1,>300000,300000.0,600000.0
CN(C)C(=O)c1ccc2n(C\C(F)=C\CN)c(C)c(Cc3ccc(cc3)S(=O)(=O)N(C)C)c2c1,>300000,300000.0,600000.0
CN(C)S(=O)(=O)c1ccc(Cc2c(C)n(C\C(F)=C\CN)c3ccc(cc23)C(N)=O)cc1,>300000,300000.0,600000.0
CN(C)C(=O)c1c(Cc2ccc(cc2)S(=O)(=O)N(C)C)c2ccccc2n1C\C(F)=C\CN,>300000,300000.0,600000.0
CN(C)S(=O)(=O)c1ccc(Cc2c(C)n(C\C(F)=C\CN)c3ccc(cc23)S(=O)(=O)N(C)C)cc1,>300000,300000.0,600000.0
CN(C)S(=O)(=O)c1cccc(Cc2c(C)n(C\C(F)=C\CN)c3ccc(cc23)S(=O)(=O)N(C)C)c1,>300000,300000.0,600000.0
CN(C)S(=O)(=O)c1ccc(Cc2c(C)n(C\C(F)=C\CN)c3cccnc23)cc1,>300000,300000.0,600000.0
CN(C)S(=O)(=O)c1ccc(Cc2c(C)n(C\C(F)=C\CN)c3ccc(C)nc23)cc1,>300000,300000.0,600000.0
Cc1c(Cc2ccc(cc2)S(C)(=O)=O)c2ncccc2n1C\C(F)=C\CN,>300000,300000.0,600000.0
CN(C)S(=O)(=O)c1ccc(Cc2c(C)n(C\C(F)=C\CN)c3cc(C)cnc23)cc1,>300000,300000.0,600000.0
Cc1c(Cc2ccc(cc2)S(C)(=O)=O)c2nc(C)ccc2n1C\C(F)=C\CN,>300000,300000.0,600000.0
Cc1c(Cc2ccc(nc2)S(C)(=O)=O)c2nc(C)ccc2n1C\C(F)=C\CN,>300000,300000.0,600000.0
Cc1c(Cc2ccc(cn2)S(C)(=O)=O)c2nc(C)ccc2n1C\C(F)=C\CN,>300000,300000.0,600000.0
CN(C)S(=O)(=O)c1ccc(Cc2c(C)n(C\C(F)=C\CN)c3ccc(C)nc23)nc1,>300000,300000.0,600000.0
CN(C)S(=O)(=O)c1ccc(Cc2c(C)n(C\C(F)=C\CN)c3ccc(C)nc23)cn1,>300000,300000.0,600000.0
Cc1c(Cc2cccc(c2)S(C)(=O)=O)c2nc(C)ccc2n1C\C(F)=C\CN,>300000,300000.0,600000.0
CN(C)S(=O)(=O)c1cccc(Cc2c(C)n(C\C(F)=C\CN)c3ccc(C)nc23)c1,>300000,300000.0,600000.0
CN(C)S(=O)(=O)c1ccc(Cc2c(C)n(C\C(F)=C\CN)c3cc(C)c(O)nc23)cc1,>300000,300000.0,600000.0
Cc1c(Cc2ccc(cc2Cl)S(C)(=O)=O)c2ncccc2n1C\C(F)=C\CN,>300000,300000.0,600000.0
C\C=C(/F)Cn1c(C)c(Oc2ccc(cc2)S(=O)(=O)N(C)C)c2ccccc12,>300000,300000.0,600000.0
CN(C)S(=O)(=O)c1ccc(Cc2c(C)n(C\C(F)=C\CN)c3ccc(F)nc23)cc1,>300000,300000.0,600000.0
CN(C)S(=O)(=O)c1ccc(Cc2c(C)n(C\C(F)=C\CN)c3cc(F)cnc23)cc1,>300000,300000.0,600000.0
CC(C)(O)c1c(Cc2ccc(cc2)S(C)(=O)=O)c2ncccc2n1C\C(F)=C\CN,>300000,300000.0,600000.0
CN(C)S(=O)(=O)c1ccc(Cc2c(C)n(C\C(F)=C\CN)c3ccccc23)cc1,>300000,300000.0,600000.0
Cc1c(Cc2ccc(nc2)S(C)(=O)=O)c2nc(ccc2n1C\C(F)=C\CN)C1CC1,>300000,300000.0,600000.0
CN(C)S(=O)(=O)c1ccc(Cc2c(C)n(C\C(F)=C\CN)c3ccc(nc23)C(C)(C)O)cc1,>300000,300000.0,600000.0
CC(O)c1c(Cc2ccc(cc2)S(=O)(=O)N(C)C)c2ncccc2n1C\C(F)=C\CN,>300000,300000.0,600000.0
Cc1c(Cc2ccc(nc2)S(C)(=O)=O)c2nc(ccc2n1C\C(F)=C\CN)C(C)(F)F,>300000,300000.0,600000.0
Cc1c(Cc2ccc(nc2)S(C)(=O)=O)c2nc(ccc2n1C\C(F)=C\CN)C(F)(F)F,>300000,300000.0,600000.0
CN(C)S(=O)(=O)c1ccc(Cc2c(C)n(C\C(F)=C\CN)c3ccncc23)cc1,>300000,300000.0,600000.0
CC(C)c1c(Cc2ccc(cc2)S(C)(=O)=O)c2ncccc2n1C\C(F)=C\CN,>300000,300000.0,600000.0
Cc1c(Cc2ccc(cc2C)S(C)(=O)=O)c2ncccc2n1C\C(F)=C\CN,>300000,300000.0,600000.0
Cc1c(Cc2ccc(c(Cl)c2)S(C)(=O)=O)c2ncccc2n1C\C(F)=C\CN,>300000,300000.0,600000.0
Cc1c(Cc2ccc(cc2)S(C)(=O)=O)c2cnc(C)cc2n1C\C(F)=C\CN,>300000,300000.0,600000.0
CN(C)S(=O)(=O)c1ccc(Cc2c(C)n(C\C(F)=C\CN)c3cc(C)nnc23)cc1,>300000,300000.0,600000.0
Cc1c(Cc2ccc(cc2)S(C)(=O)=O)c2nc(C)ncc2n1C\C(F)=C\CN,>300000,300000.0,600000.0
CN(C)S(=O)(=O)c1ccc(Cc2c(C)n(C\C(F)=C\CN)c3cnc(C)nc23)cc1,>300000,300000.0,600000.0
Cc1c(CCc2ccc(cc2)S(C)(=O)=O)c2nc(C)ccc2n1C\C(F)=C\CN,>300000,300000.0,600000.0
CC(C)c1c(Cc2ccc(nc2)S(=O)(=O)C(C)C)c2ncccc2n1C\C(F)=C\CN,>300000,300000.0,600000.0
CC(C)c1c(C(O)c2ccc(nc2)S(C)(=O)=O)c2ncccc2n1C\C(F)=C\CN,>300000,300000.0,600000.0
CCS(=O)(=O)c1ccc(Cc2c(C(C)C)n(C\C(F)=C\CN)c3cccnc23)cn1,>300000,300000.0,600000.0
CC(C)c1c(Cc2ccc(nc2)S(=O)(=O)C2CC2)c2ncccc2n1C\C(F)=C\CN,>300000,300000.0,600000.0
