SMILES,Emax,target,sample_weight
CCNC(=O)[C@@H]1CSCC(=O)N[C@@H](Cc2ccccc2)C(=O)N[C@@H](C(C)C)C(=O)N2CCC[C@H]2C(=O)N[C@@H]([C@@H](C)O)C(=O)N[C@@H]([C@@H](C)O)C(=O)N[C@@H](Cc2ccc(-c3ccccc3)cc2)C(=O)N(C)[C@@H](C)C(=O)N[C@@H](Cc2ccc(-c3ccccc3)cc2)C(=O)N(C)[C@@H](C)C(=O)N[C@@H](CCC(=O)O)C(=O)N[C@@H](C)C(=O)N2CCC[C@H]2C(=O)N1,90.0,90.0,1.0
CC(C)[C@@H]1NC(=O)[C@H](Cc2ccccc2)NC(=O)CSC[C@@H](C(=O)NCC(N)=O)NC(=O)[C@@H]2CCCN2C(=O)[C@H](CCCNC(=N)N)NC(=O)[C@H](CC(=O)O)NC(=O)[C@H](C)N(C)C(=O)[C@H](Cc2ccc(-c3ccccc3)cc2)NC(=O)[C@H](C)N(C)C(=O)[C@H](Cc2ccc(-c3ccccc3)cc2)NC(=O)[C@H]([C@@H](C)O)NC(=O)[C@H]([C@@H](C)O)NC(=O)[C@H](CO)NC1=O,38.0,38.0,1.0
CC1=C(C=CC(=C1)SCC2=C(N=C(S2)C3=CC=C(C=C3)C(F)(F)F)C)OCC(=O)O,16.8,16.8,1.0
C1CN(CCC1CCOC2=C(C=CC(=C2)CC(=O)O)Cl)C3=NC4=C(S3)C=C(C=C4)Cl,15.0,15.0,1.0
C1CCN(C1)C2(CCN(CC2)C3=NC4=C(S3)N=C(C=C4)C(F)(F)F)CCOC5=C(C=CC(=C5)CC(=O)O)Cl,12.3,12.3,1.0
C1CC(=O)N(C1)C2(CCN(CC2)C3=NC4=C(S3)C=C(C=C4)C(F)(F)F)CCOC5=CC(=CC(=C5)CC(=O)O)Cl,11.4,11.4,1.0
CC(C)C1(CCN(CC1)C2=NC3=C(S2)C=C(C=C3)Cl)CCOC4=C(C=CC(=C4)CC(=O)O)Cl,16.8,16.8,1.0
C1CCN(C1)C2(CCN(CC2)C3=NC4=C(S3)C=C(C=C4)C(F)(F)F)CCOC5=CC(=CC(=C5)CC(=O)O)Cl,24.0,24.0,1.0
CC1=C(C=C(C=C1)CC(=O)O)OCCC2(CCN(CC2)C3=NC4=C(S3)C=C(C=C4)Cl)N5CCCC5,26.4,26.4,1.0
CN(C)C1(CCN(CC1)C2=NC3=C(S2)C=C(C=C3)Cl)CCOC4=CC(=CC(=C4)CC(=O)O)Cl,13.8,13.8,1.0
CC1=CC(=CC(=C1)OCCC2(CCN(CC2)C3=NC4=C(S3)C=C(C=C4)Cl)N5CCCC5)CC(=O)O,29.4,29.4,1.0
C1CCC(C1)C2(CCN(CC2)C3=NC4=C(S3)C=C(C=C4)Cl)CCOC5=CC(=CC(=C5)CC(=O)O)Cl,13.7,13.7,1.0
C1CCC(CC1)C2(CCN(CC2)C3=NC4=C(S3)C=C(C=C4)Cl)CCOC5=CC(=CC(=C5)CC(=O)O)Cl,22.8,22.8,1.0
CCC(C)C1(CCN(CC1)C2=NC3=C(S2)C=C(C=C3)Cl)CCOC4=CC(=CC(=C4)CC(=O)O)Cl,14.6,14.6,1.0
CC(C)CC1(CCN(CC1)C2=NC3=C(S2)C=C(C=C3)Cl)CCOC4=CC(=CC(=C4)CC(=O)O)Cl,21.6,21.6,1.0
C1CCN(CC1)C2(CCN(CC2)C3=NC4=C(S3)C=C(C=C4)Cl)CCOC5=CC(=CC(=C5)CC(=O)O)Cl,17.5,17.5,1.0
CCCC1(CCN(CC1)C2=NC3=C(S2)C=C(C=C3)Cl)CCOC4=C(C=CC(=C4)CC(=O)O)Cl,22.3,22.3,1.0
C1CCN(C1)C2(CCN(CC2)C3=NC4=C(S3)C=C(C=C4)Cl)CCOC5=CC(=CC(=C5)CC(=O)O)Cl,22.6,22.6,1.0
C1CCCN(CC1)C2(CCN(CC2)C3=NC4=C(S3)C=C(C=C4)Cl)CCOC5=CC(=CC(=C5)CC(=O)O)Cl,16.1,16.1,1.0
C1CCC(CC1)C2(CCN(CC2)C3=NC4=C(S3)C=C(C=C4)Cl)CCOC5=C(C=CC(=C5)CC(=O)O)Cl,17.4,17.4,1.0
CCC1(CCN(CC1)C2=NC3=C(S2)C=C(C=C3)Cl)CCOC4=C(C=CC(=C4)CC(=O)O)Cl,13.5,13.5,1.0
C1CCN(C1)C2(CCN(CC2)C3=NC4=C(S3)N=C(C=C4)C(F)(F)F)CCOC5=CC(=CC(=C5)CC(=O)O)Cl,18.9,18.9,1.0
CC1CCCN1C2(CCN(CC2)C3=NC4=C(S3)C=C(C=C4)Cl)CCOC5=CC(=CC(=C5)CC(=O)O)Cl,17.5,17.5,1.0
CCCCC1(CCN(CC1)C2=NC3=C(S2)C=C(C=C3)Cl)CCOC4=C(C=CC(=C4)CC(=O)O)Cl,18.2,18.2,1.0
C1CN(CCC1(CCOC2=CC(=CC(=C2)CC(=O)O)Cl)N3CCOCC3)C4=NC5=C(S4)C=C(C=C5)C(F)(F)F,28.4,28.4,1.0
CC(C)C[C@@H](C(=O)N[C@@H](CCSC)C(=O)N)NC(=O)CNC(=O)[C@H](CC1=CC=CC=C1)NC(=O)[C@H](CC2=CC=CC=C2)NC(=O)[C@H](CCC(=O)N)NC(=O)[C@H](CCC(=O)N)NC(=O)[C@@H]3CCCN3C(=O)[C@H](CCCCN)NC(=O)[C@@H]4CCCN4C(=O)[C@H](CCCN=C(N)N)N,29125.9,29125.9,1.0
C[C@H]([C@@H](C(=O)N[C@@H](C(C)C)C(=O)N[C@@H](CC1=CC=CC=C1)C(=O)N[C@@H]([C@@H](C)O)C(=O)N[C@@H](CO)C(=O)N[C@@H](CC2=CNC3=CC=CC=C32)C(=O)N[C@@H](CCC(=O)O)C(=O)N[C@@H](CCC(=O)O)C(=O)N[C@@H](CC4=CC=C(C=C4)O)C(=O)N[C@@H](CC(C)C)C(=O)N[C@@H](CC(=O)O)C(=O)N[C@@H](CC5=CNC6=CC=CC=C65)C(=O)N[C@@H](C(C)C)C(=O)N)NC(=O)C)O,116.7,116.7,1.0
C[C@H]([C@@H](C(=O)N[C@@H](C(C)C)C(=O)N[C@@H](CC1=CC=CC=C1)C(=O)N[C@@H]([C@@H](C)O)C(=O)N[C@@H](CO)C(=O)N[C@@H](CC2=CNC3=CC=CC=C32)C(=O)N[C@H]4CCCCNC(=O)C[C@H](NC(=O)[C@@H](NC(=O)[C@@H](NC(=O)[C@@H](NC4=O)CCC(=O)O)CC5=CC=C(C=C5)O)CC(C)C)C(=O)N[C@@H](CC6=CNC7=CC=CC=C76)C(=O)N[C@@H](C(C)C)C(=O)N)NC(=O)C)O,716.6,716.6,1.0
CC(C)C[C@H]1C(=O)N[C@@H](CC(=O)NCCCC[C@@H](C(=O)N[C@H](C(=O)N[C@H](C(=O)N1)CC2=CC=C(C=C2)O)CCC(=O)O)NC(=O)[C@H](CC3=CNC4=CC=CC=C43)NC(=O)[C@H](CO)NC(=O)[C@H](CCCCN)NC(=O)[C@H](CC5=CC=CC=C5)NC(=O)[C@H](C(C)C)NC(=O)[C@H](CC6=CN=CN6)NC(=O)C)C(=O)N[C@@H](CC7=CNC8=CC=CC=C87)C(=O)N[C@@H](C(C)C)C(=O)N[C@@H](CCCCN)C(=O)N[C@@H](CCCCN)C(=O)N[C@@H](CCCCN)C(=O)N[C@@H](CCCCN)C(=O)N[C@@H](CCCCN)C(=O)N[C@@H](CCCCN)C(=O)N,1483.2,1483.2,1.0
C[C@H]1C(=O)N[C@H](C(=O)N([C@H](C(=O)N[C@H](C(=O)N[C@H](C(=O)N2CCC[C@H]2C(=O)N[C@@H](CSCC(=O)N[C@H](C(=O)N[C@H](C(=O)N[C@H](C(=O)N[C@H](C(=O)N[C@H](C(=O)N[C@H](C(=O)N1C)CC3=CC=C(C=C3)C4=CC=CC=C4)[C@@H](C)O)[C@@H](C)O)CO)C(C)C)CC5=CC=CC=C5)C(=O)NCC(=O)N)CCCNC(=N)N)CC(=O)O)C)C)CC6=CC=C(C=C6)C7=CC=CC=C7,38.0,38.0,1.0
CCNC(=O)[C@@H]1CSCC(=O)N[C@H](C(=O)N[C@H](C(=O)N2CCC[C@H]2C(=O)N[C@H](C(=O)N[C@H](C(=O)N[C@H](C(=O)N([C@H](C(=O)N[C@H](C(=O)N([C@H](C(=O)N[C@H](C(=O)N[C@H](C(=O)N3CCC[C@H]3C(=O)N1)C)CCC(=O)O)C)C)CC4=CC=C(C=C4)C5=CC=CC=C5)C)C)CC6=CC=C(C=C6)C7=CC=CC=C7)[C@@H](C)O)[C@@H](C)O)C(C)C)CC8=CC=CC=C8,77.0,77.0,1.0
CC1=C(C=CC(=C1)SCC2=C(N=C(S2)C3=CC=C(C=C3)C(F)(F)F)C)OCC(=O)O,23.9,23.9,1.0
C1CN(CCC1CCOC2=C(C=CC(=C2)CC(=O)O)Cl)C3=NC4=C(S3)C=C(C=C4)Cl,20.0,20.0,1.0
C1CCN(C1)C2(CCN(CC2)C3=NC4=C(S3)N=C(C=C4)C(F)(F)F)CCOC5=C(C=CC(=C5)CC(=O)O)Cl,19.8,19.8,1.0
C1CC(=O)N(C1)C2(CCN(CC2)C3=NC4=C(S3)C=C(C=C4)C(F)(F)F)CCOC5=CC(=CC(=C5)CC(=O)O)Cl,22.3,22.3,1.0
CC(C)C1(CCN(CC1)C2=NC3=C(S2)C=C(C=C3)Cl)CCOC4=C(C=CC(=C4)CC(=O)O)Cl,26.2,26.2,1.0
C1CCN(C1)C2(CCN(CC2)C3=NC4=C(S3)C=C(C=C4)C(F)(F)F)CCOC5=CC(=CC(=C5)CC(=O)O)Cl,33.6,33.6,1.0
CC1=C(C=C(C=C1)CC(=O)O)OCCC2(CCN(CC2)C3=NC4=C(S3)C=C(C=C4)Cl)N5CCCC5,33.4,33.4,1.0
CN(C)C1(CCN(CC1)C2=NC3=C(S2)C=C(C=C3)Cl)CCOC4=CC(=CC(=C4)CC(=O)O)Cl,18.2,18.2,1.0
CC1=CC(=CC(=C1)OCCC2(CCN(CC2)C3=NC4=C(S3)C=C(C=C4)Cl)N5CCCC5)CC(=O)O,36.7,36.7,1.0
C1CCC(C1)C2(CCN(CC2)C3=NC4=C(S3)C=C(C=C4)Cl)CCOC5=CC(=CC(=C5)CC(=O)O)Cl,28.8,28.8,1.0
C1CCC(CC1)C2(CCN(CC2)C3=NC4=C(S3)C=C(C=C4)Cl)CCOC5=CC(=CC(=C5)CC(=O)O)Cl,29.2,29.2,1.0
CCC(C)C1(CCN(CC1)C2=NC3=C(S2)C=C(C=C3)Cl)CCOC4=CC(=CC(=C4)CC(=O)O)Cl,22.7,22.7,1.0
CC(C)CC1(CCN(CC1)C2=NC3=C(S2)C=C(C=C3)Cl)CCOC4=CC(=CC(=C4)CC(=O)O)Cl,26.9,26.9,1.0
C1CCN(CC1)C2(CCN(CC2)C3=NC4=C(S3)C=C(C=C4)Cl)CCOC5=CC(=CC(=C5)CC(=O)O)Cl,27.6,27.6,1.0
CCCC1(CCN(CC1)C2=NC3=C(S2)C=C(C=C3)Cl)CCOC4=C(C=CC(=C4)CC(=O)O)Cl,31.1,31.1,1.0
C1CCN(C1)C2(CCN(CC2)C3=NC4=C(S3)C=C(C=C4)Cl)CCOC5=CC(=CC(=C5)CC(=O)O)Cl,36.6,36.6,1.0
C1CCCN(CC1)C2(CCN(CC2)C3=NC4=C(S3)C=C(C=C4)Cl)CCOC5=CC(=CC(=C5)CC(=O)O)Cl,23.8,23.8,1.0
C1CCC(CC1)C2(CCN(CC2)C3=NC4=C(S3)C=C(C=C4)Cl)CCOC5=C(C=CC(=C5)CC(=O)O)Cl,21.5,21.5,1.0
CCC1(CCN(CC1)C2=NC3=C(S2)C=C(C=C3)Cl)CCOC4=C(C=CC(=C4)CC(=O)O)Cl,22.9,22.9,1.0
C1CCN(C1)C2(CCN(CC2)C3=NC4=C(S3)N=C(C=C4)C(F)(F)F)CCOC5=CC(=CC(=C5)CC(=O)O)Cl,28.7,28.7,1.0
CC1CCCN1C2(CCN(CC2)C3=NC4=C(S3)C=C(C=C4)Cl)CCOC5=CC(=CC(=C5)CC(=O)O)Cl,25.1,25.1,1.0
CCCCC1(CCN(CC1)C2=NC3=C(S2)C=C(C=C3)Cl)CCOC4=C(C=CC(=C4)CC(=O)O)Cl,26.7,26.7,1.0
C1CN(CCC1(CCOC2=CC(=CC(=C2)CC(=O)O)Cl)N3CCOCC3)C4=NC5=C(S4)C=C(C=C5)C(F)(F)F,42.9,42.9,1.0
C1=CC=C(C=C1)S(=O)(=O)N(CC(F)(F)F)C2=CC=C(C=C2)C(C(F)(F)F)(C(F)(F)F)O,100.0,100.0,1.0
CCCC1=C(C=CC2=C1OC(=O)C=C2C(F)(F)F)OCCCCN3C(=O)C(NC3=O)(C)C4=CC=C(C=C4)OC,2.0,2.0,1.0
CCCC1=CC(=CC(=C1OCCCCN2C(=O)C(NC2=O)(C)C3=CC=C(C=C3)OC(C)C)CCC)C(C(F)(F)F)(C(F)(F)F)O,26.0,26.0,1.0
CCCC1=C(C=CC(=C1)C(C(F)(F)F)(C(F)(F)F)O)OC2=CC=C(C=C2)CN3C(=O)C(NC3=O)(C)C4=CC=C(C=C4)OC(C)C,0.0,0.0,1.0
CCCC1=C(C=CC(=C1)C(C(F)(F)F)(C(F)(F)F)O)OC2=CC=CC(=C2)CCN3C(=O)C(NC3=O)(C)C4=CC=C(C=C4)OC(C)C,23.0,23.0,1.0
CCCC1=C(C=CC(=C1)C(C(F)(F)F)(C(F)(F)F)O)OC2=CC=C(C=C2)CCN3C(=O)C(NC3=O)(C)C4=CC=C(C=C4)OC(C)C,1.0,1.0,1.0
CCCC1=C(C=CC(=C1)C(C(F)(F)F)(C(F)(F)F)O)OC2=CC(=C(C=C2)CCN3C(=O)C(NC3=O)(C)C4=CC=C(C=C4)OC(C)C)C,53.0,53.0,1.0
CCCC1=CC(=CC(=C1OC/C=C\CN2C(=O)C(NC2=O)(C)C3=CC=C(C=C3)OC(C)C)CCC)C(C(F)(F)F)(C(F)(F)F)O,0.0,0.0,1.0
CCCC1=CC(=CC(=C1OC/C=C/CN2C(=O)C(NC2=O)(C)C3=CC=C(C=C3)OC(C)C)CCC)C(C(F)(F)F)(C(F)(F)F)O,40.0,40.0,1.0
CCCC1=CC(=CC(=C1OCC#CCN2C(=O)C(NC2=O)(C)C3=CC=C(C=C3)OC(C)C)CCC)C(C(F)(F)F)(C(F)(F)F)O,27.0,27.0,1.0
CCCC1=C(C=CC(=C1)C(C(F)(F)F)(C(F)(F)F)O)OC2=CC=CC(=C2)CN3C(=O)C(NC3=O)(C)C4=CC=C(C=C4)OC(C)C,53.0,53.0,1.0
CCCC1=C(C=CC(=C1)C(C(F)(F)F)(C(F)(F)F)O)OC2=CC(=C(C=C2)C(=O)CN3C(=O)C(NC3=O)(C)C4=CC=C(C=C4)OC(C)C)C,71.0,71.0,1.0
CCCC1=C(C=CC(=C1)C(C(F)(F)F)(C(F)(F)F)O)OC2=CC(=C(C=C2)C(=O)CN3C(=O)C(NC3=O)(C)C4=CC=C(C=C4)OC(C)C)OC,38.0,38.0,1.0
CCCC1=C(C=CC(=C1)C(C(F)(F)F)(C(F)(F)F)O)OC2=CC(=C(C=C2)C(=O)CN3C(=O)C(NC3=O)(C)C4=CC=C(C=C4)OC(C)C)O,55.0,55.0,1.0
CCCC1=C(C=CC(=C1)C(C(F)(F)F)(C(F)(F)F)O)OC2=CC(=C(C=C2)C(=O)CN3C(=O)C(NC3=O)(C)C4=NC=C(C=C4)OC(C)C)O,68.0,68.0,1.0
CCCC1=C(C=CC(=C1)C(C(F)(F)F)(C(F)(F)F)O)OC2=CC(=C(C=C2)CCN3C(=O)C(NC3=O)(C)C4=CC=C(C=C4)OC(C)C)OC,0.0,0.0,1.0
CCCC1=C(C=CC(=C1)C(C(F)(F)F)(C(F)(F)F)O)OC2=CC(=C(C=C2)CCN3C(=O)C(NC3=O)(C)C4=CC=C(C=C4)OC(C)C)O,1.0,1.0,1.0
CCCC1=C(C=CC(=C1)C(C(F)(F)F)(C(F)(F)F)O)OC2=CC=C(C=C2)C(CN3C(=O)C(NC3=O)(C)C4=CC=C(C=C4)OC(C)C)O,5.0,5.0,1.0
CCCC1=C(C=CC(=C1)C(C(F)(F)F)(C(F)(F)F)O)OC2=CC=C(C=C2)C(=O)CN3C(=O)C(NC3=O)(C)C4=CC=C(C=C4)OC(C)C,46.0,46.0,1.0
