SMILES,Emax,Emax-min,Emax-max
CCNC(=O)[C@@H]1CSCC(=O)N[C@@H](Cc2ccccc2)C(=O)N[C@@H](C(C)C)C(=O)N2CCC[C@H]2C(=O)N[C@@H]([C@@H](C)O)C(=O)N[C@@H]([C@@H](C)O)C(=O)N[C@@H](Cc2ccc(-c3ccccc3)cc2)C(=O)N(C)[C@@H](C)C(=O)N[C@@H](Cc2ccc(-c3ccccc3)cc2)C(=O)N(C)[C@@H](C)C(=O)N[C@@H](CCC(=O)O)C(=O)N[C@@H](C)C(=O)N2CCC[C@H]2C(=O)N1,90.0,90.0,90.0
CC(C)[C@@H]1NC(=O)[C@H](Cc2ccccc2)NC(=O)CSC[C@@H](C(=O)NCC(N)=O)NC(=O)[C@@H]2CCCN2C(=O)[C@H](CCCNC(=N)N)NC(=O)[C@H](CC(=O)O)NC(=O)[C@H](C)N(C)C(=O)[C@H](Cc2ccc(-c3ccccc3)cc2)NC(=O)[C@H](C)N(C)C(=O)[C@H](Cc2ccc(-c3ccccc3)cc2)NC(=O)[C@H]([C@@H](C)O)NC(=O)[C@H]([C@@H](C)O)NC(=O)[C@H](CO)NC1=O,38.0,38.0,38.0
Cc1cc(SCc2sc(-c3ccc(C(F)(F)F)cc3)nc2C)ccc1OCC(=O)O,16.8,16.8,16.8
O=C(O)Cc1ccc(Cl)c(OCCC2CCN(c3nc4ccc(Cl)cc4s3)CC2)c1,15.0,15.0,15.0
O=C(O)Cc1ccc(Cl)c(OCCC2(N3CCCC3)CCN(c3nc4ccc(C(F)(F)F)nc4s3)CC2)c1,12.3,12.3,12.3
O=C(O)Cc1cc(Cl)cc(OCCC2(N3CCCC3=O)CCN(c3nc4ccc(C(F)(F)F)cc4s3)CC2)c1,11.4,11.4,11.4
CC(C)C1(CCOc2cc(CC(=O)O)ccc2Cl)CCN(c2nc3ccc(Cl)cc3s2)CC1,16.8,16.8,16.8
O=C(O)Cc1cc(Cl)cc(OCCC2(N3CCCC3)CCN(c3nc4ccc(C(F)(F)F)cc4s3)CC2)c1,24.0,24.0,24.0
Cc1ccc(CC(=O)O)cc1OCCC1(N2CCCC2)CCN(c2nc3ccc(Cl)cc3s2)CC1,26.4,26.4,26.4
CN(C)C1(CCOc2cc(Cl)cc(CC(=O)O)c2)CCN(c2nc3ccc(Cl)cc3s2)CC1,13.8,13.8,13.8
Cc1cc(CC(=O)O)cc(OCCC2(N3CCCC3)CCN(c3nc4ccc(Cl)cc4s3)CC2)c1,29.4,29.4,29.4
O=C(O)Cc1cc(Cl)cc(OCCC2(C3CCCC3)CCN(c3nc4ccc(Cl)cc4s3)CC2)c1,13.7,13.7,13.7
O=C(O)Cc1cc(Cl)cc(OCCC2(C3CCCCC3)CCN(c3nc4ccc(Cl)cc4s3)CC2)c1,22.8,22.8,22.8
CCC(C)C1(CCOc2cc(Cl)cc(CC(=O)O)c2)CCN(c2nc3ccc(Cl)cc3s2)CC1,14.6,14.6,14.6
CC(C)CC1(CCOc2cc(Cl)cc(CC(=O)O)c2)CCN(c2nc3ccc(Cl)cc3s2)CC1,21.6,21.6,21.6
O=C(O)Cc1cc(Cl)cc(OCCC2(N3CCCCC3)CCN(c3nc4ccc(Cl)cc4s3)CC2)c1,17.5,17.5,17.5
CCCC1(CCOc2cc(CC(=O)O)ccc2Cl)CCN(c2nc3ccc(Cl)cc3s2)CC1,22.3,22.3,22.3
O=C(O)Cc1cc(Cl)cc(OCCC2(N3CCCC3)CCN(c3nc4ccc(Cl)cc4s3)CC2)c1,22.6,22.6,22.6
O=C(O)Cc1cc(Cl)cc(OCCC2(N3CCCCCC3)CCN(c3nc4ccc(Cl)cc4s3)CC2)c1,16.1,16.1,16.1
O=C(O)Cc1ccc(Cl)c(OCCC2(C3CCCCC3)CCN(c3nc4ccc(Cl)cc4s3)CC2)c1,17.4,17.4,17.4
CCC1(CCOc2cc(CC(=O)O)ccc2Cl)CCN(c2nc3ccc(Cl)cc3s2)CC1,13.5,13.5,13.5
O=C(O)Cc1cc(Cl)cc(OCCC2(N3CCCC3)CCN(c3nc4ccc(C(F)(F)F)nc4s3)CC2)c1,18.9,18.9,18.9
CC1CCCN1C1(CCOc2cc(Cl)cc(CC(=O)O)c2)CCN(c2nc3ccc(Cl)cc3s2)CC1,17.5,17.5,17.5
CCCCC1(CCOc2cc(CC(=O)O)ccc2Cl)CCN(c2nc3ccc(Cl)cc3s2)CC1,18.2,18.2,18.2
O=C(O)Cc1cc(Cl)cc(OCCC2(N3CCOCC3)CCN(c3nc4ccc(C(F)(F)F)cc4s3)CC2)c1,28.4,28.4,28.4
CSCC[C@H](NC(=O)[C@H](CC(C)C)NC(=O)CNC(=O)[C@H](Cc1ccccc1)NC(=O)[C@H](Cc1ccccc1)NC(=O)[C@H](CCC(N)=O)NC(=O)[C@H](CCC(N)=O)NC(=O)[C@@H]1CCCN1C(=O)[C@H](CCCCN)NC(=O)[C@@H]1CCCN1C(=O)[C@@H](N)CCCN=C(N)N)C(N)=O,29125.9,29125.9,29125.9
CC(=O)N[C@H](C(=O)N[C@H](C(=O)N[C@@H](Cc1ccccc1)C(=O)N[C@H](C(=O)N[C@@H](CO)C(=O)N[C@@H](Cc1c[nH]c2ccccc12)C(=O)N[C@@H](CCC(=O)O)C(=O)N[C@@H](CCC(=O)O)C(=O)N[C@@H](Cc1ccc(O)cc1)C(=O)N[C@@H](CC(C)C)C(=O)N[C@@H](CC(=O)O)C(=O)N[C@@H](Cc1c[nH]c2ccccc12)C(=O)N[C@H](C(N)=O)C(C)C)[C@@H](C)O)C(C)C)[C@@H](C)O,116.7,116.7,116.7
CC(=O)N[C@H](C(=O)N[C@H](C(=O)N[C@@H](Cc1ccccc1)C(=O)N[C@H](C(=O)N[C@@H](CO)C(=O)N[C@@H](Cc1c[nH]c2ccccc12)C(=O)N[C@H]1CCCCNC(=O)C[C@@H](C(=O)N[C@@H](Cc2c[nH]c3ccccc23)C(=O)N[C@H](C(N)=O)C(C)C)NC(=O)[C@H](CC(C)C)NC(=O)[C@H](Cc2ccc(O)cc2)NC(=O)[C@H](CCC(=O)O)NC1=O)[C@@H](C)O)C(C)C)[C@@H](C)O,716.6,716.6,716.6
CC(=O)N[C@@H](Cc1cnc[nH]1)C(=O)N[C@H](C(=O)N[C@@H](Cc1ccccc1)C(=O)N[C@@H](CCCCN)C(=O)N[C@@H](CO)C(=O)N[C@@H](Cc1c[nH]c2ccccc12)C(=O)N[C@H]1CCCCNC(=O)C[C@@H](C(=O)N[C@@H](Cc2c[nH]c3ccccc23)C(=O)N[C@H](C(=O)N[C@@H](CCCCN)C(=O)N[C@@H](CCCCN)C(=O)N[C@@H](CCCCN)C(=O)N[C@@H](CCCCN)C(=O)N[C@@H](CCCCN)C(=O)N[C@@H](CCCCN)C(N)=O)C(C)C)NC(=O)[C@H](CC(C)C)NC(=O)[C@H](Cc2ccc(O)cc2)NC(=O)[C@H](CCC(=O)O)NC1=O)C(C)C,1483.2,1483.2,1483.2
CC(C)[C@@H]1NC(=O)[C@H](Cc2ccccc2)NC(=O)CSC[C@@H](C(=O)NCC(N)=O)NC(=O)[C@@H]2CCCN2C(=O)[C@H](CCCNC(=N)N)NC(=O)[C@H](CC(=O)O)NC(=O)[C@H](C)N(C)C(=O)[C@H](Cc2ccc(-c3ccccc3)cc2)NC(=O)[C@H](C)N(C)C(=O)[C@H](Cc2ccc(-c3ccccc3)cc2)NC(=O)[C@H]([C@@H](C)O)NC(=O)[C@H]([C@@H](C)O)NC(=O)[C@H](CO)NC1=O,38.0,38.0,38.0
CCNC(=O)[C@@H]1CSCC(=O)N[C@@H](Cc2ccccc2)C(=O)N[C@@H](C(C)C)C(=O)N2CCC[C@H]2C(=O)N[C@@H]([C@@H](C)O)C(=O)N[C@@H]([C@@H](C)O)C(=O)N[C@@H](Cc2ccc(-c3ccccc3)cc2)C(=O)N(C)[C@@H](C)C(=O)N[C@@H](Cc2ccc(-c3ccccc3)cc2)C(=O)N(C)[C@@H](C)C(=O)N[C@@H](CCC(=O)O)C(=O)N[C@@H](C)C(=O)N2CCC[C@H]2C(=O)N1,77.0,77.0,77.0
Cc1cc(SCc2sc(-c3ccc(C(F)(F)F)cc3)nc2C)ccc1OCC(=O)O,23.9,23.9,23.9
O=C(O)Cc1ccc(Cl)c(OCCC2CCN(c3nc4ccc(Cl)cc4s3)CC2)c1,20.0,20.0,20.0
O=C(O)Cc1ccc(Cl)c(OCCC2(N3CCCC3)CCN(c3nc4ccc(C(F)(F)F)nc4s3)CC2)c1,19.8,19.8,19.8
O=C(O)Cc1cc(Cl)cc(OCCC2(N3CCCC3=O)CCN(c3nc4ccc(C(F)(F)F)cc4s3)CC2)c1,22.3,22.3,22.3
CC(C)C1(CCOc2cc(CC(=O)O)ccc2Cl)CCN(c2nc3ccc(Cl)cc3s2)CC1,26.2,26.2,26.2
O=C(O)Cc1cc(Cl)cc(OCCC2(N3CCCC3)CCN(c3nc4ccc(C(F)(F)F)cc4s3)CC2)c1,33.6,33.6,33.6
Cc1ccc(CC(=O)O)cc1OCCC1(N2CCCC2)CCN(c2nc3ccc(Cl)cc3s2)CC1,33.4,33.4,33.4
CN(C)C1(CCOc2cc(Cl)cc(CC(=O)O)c2)CCN(c2nc3ccc(Cl)cc3s2)CC1,18.2,18.2,18.2
Cc1cc(CC(=O)O)cc(OCCC2(N3CCCC3)CCN(c3nc4ccc(Cl)cc4s3)CC2)c1,36.7,36.7,36.7
O=C(O)Cc1cc(Cl)cc(OCCC2(C3CCCC3)CCN(c3nc4ccc(Cl)cc4s3)CC2)c1,28.8,28.8,28.8
O=C(O)Cc1cc(Cl)cc(OCCC2(C3CCCCC3)CCN(c3nc4ccc(Cl)cc4s3)CC2)c1,29.2,29.2,29.2
CCC(C)C1(CCOc2cc(Cl)cc(CC(=O)O)c2)CCN(c2nc3ccc(Cl)cc3s2)CC1,22.7,22.7,22.7
CC(C)CC1(CCOc2cc(Cl)cc(CC(=O)O)c2)CCN(c2nc3ccc(Cl)cc3s2)CC1,26.9,26.9,26.9
O=C(O)Cc1cc(Cl)cc(OCCC2(N3CCCCC3)CCN(c3nc4ccc(Cl)cc4s3)CC2)c1,27.6,27.6,27.6
CCCC1(CCOc2cc(CC(=O)O)ccc2Cl)CCN(c2nc3ccc(Cl)cc3s2)CC1,31.1,31.1,31.1
O=C(O)Cc1cc(Cl)cc(OCCC2(N3CCCC3)CCN(c3nc4ccc(Cl)cc4s3)CC2)c1,36.6,36.6,36.6
O=C(O)Cc1cc(Cl)cc(OCCC2(N3CCCCCC3)CCN(c3nc4ccc(Cl)cc4s3)CC2)c1,23.8,23.8,23.8
O=C(O)Cc1ccc(Cl)c(OCCC2(C3CCCCC3)CCN(c3nc4ccc(Cl)cc4s3)CC2)c1,21.5,21.5,21.5
CCC1(CCOc2cc(CC(=O)O)ccc2Cl)CCN(c2nc3ccc(Cl)cc3s2)CC1,22.9,22.9,22.9
O=C(O)Cc1cc(Cl)cc(OCCC2(N3CCCC3)CCN(c3nc4ccc(C(F)(F)F)nc4s3)CC2)c1,28.7,28.7,28.7
CC1CCCN1C1(CCOc2cc(Cl)cc(CC(=O)O)c2)CCN(c2nc3ccc(Cl)cc3s2)CC1,25.1,25.1,25.1
CCCCC1(CCOc2cc(CC(=O)O)ccc2Cl)CCN(c2nc3ccc(Cl)cc3s2)CC1,26.7,26.7,26.7
O=C(O)Cc1cc(Cl)cc(OCCC2(N3CCOCC3)CCN(c3nc4ccc(C(F)(F)F)cc4s3)CC2)c1,42.9,42.9,42.9
O=S(=O)(c1ccccc1)N(CC(F)(F)F)c1ccc(C(O)(C(F)(F)F)C(F)(F)F)cc1,100.0,100.0,100.0
CCCc1c(OCCCCN2C(=O)NC(C)(c3ccc(OC)cc3)C2=O)ccc2c(C(F)(F)F)cc(=O)oc12,2.0,2.0,2.0
CCCc1cc(C(O)(C(F)(F)F)C(F)(F)F)cc(CCC)c1OCCCCN1C(=O)NC(C)(c2ccc(OC(C)C)cc2)C1=O,26.0,26.0,26.0
CCCc1cc(C(O)(C(F)(F)F)C(F)(F)F)ccc1Oc1ccc(CN2C(=O)NC(C)(c3ccc(OC(C)C)cc3)C2=O)cc1,0.0,0.0,0.0
CCCc1cc(C(O)(C(F)(F)F)C(F)(F)F)ccc1Oc1cccc(CCN2C(=O)NC(C)(c3ccc(OC(C)C)cc3)C2=O)c1,23.0,23.0,23.0
CCCc1cc(C(O)(C(F)(F)F)C(F)(F)F)ccc1Oc1ccc(CCN2C(=O)NC(C)(c3ccc(OC(C)C)cc3)C2=O)cc1,1.0,1.0,1.0
CCCc1cc(C(O)(C(F)(F)F)C(F)(F)F)ccc1Oc1ccc(CCN2C(=O)NC(C)(c3ccc(OC(C)C)cc3)C2=O)c(C)c1,53.0,53.0,53.0
CCCc1cc(C(O)(C(F)(F)F)C(F)(F)F)cc(CCC)c1OC/C=C\CN1C(=O)NC(C)(c2ccc(OC(C)C)cc2)C1=O,0.0,0.0,0.0
CCCc1cc(C(O)(C(F)(F)F)C(F)(F)F)cc(CCC)c1OC/C=C/CN1C(=O)NC(C)(c2ccc(OC(C)C)cc2)C1=O,40.0,40.0,40.0
CCCc1cc(C(O)(C(F)(F)F)C(F)(F)F)cc(CCC)c1OCC#CCN1C(=O)NC(C)(c2ccc(OC(C)C)cc2)C1=O,27.0,27.0,27.0
CCCc1cc(C(O)(C(F)(F)F)C(F)(F)F)ccc1Oc1cccc(CN2C(=O)NC(C)(c3ccc(OC(C)C)cc3)C2=O)c1,53.0,53.0,53.0
CCCc1cc(C(O)(C(F)(F)F)C(F)(F)F)ccc1Oc1ccc(C(=O)CN2C(=O)NC(C)(c3ccc(OC(C)C)cc3)C2=O)c(C)c1,71.0,71.0,71.0
CCCc1cc(C(O)(C(F)(F)F)C(F)(F)F)ccc1Oc1ccc(C(=O)CN2C(=O)NC(C)(c3ccc(OC(C)C)cc3)C2=O)c(OC)c1,38.0,38.0,38.0
CCCc1cc(C(O)(C(F)(F)F)C(F)(F)F)ccc1Oc1ccc(C(=O)CN2C(=O)NC(C)(c3ccc(OC(C)C)cc3)C2=O)c(O)c1,55.0,55.0,55.0
CCCc1cc(C(O)(C(F)(F)F)C(F)(F)F)ccc1Oc1ccc(C(=O)CN2C(=O)NC(C)(c3ccc(OC(C)C)cn3)C2=O)c(O)c1,68.0,68.0,68.0
CCCc1cc(C(O)(C(F)(F)F)C(F)(F)F)ccc1Oc1ccc(CCN2C(=O)NC(C)(c3ccc(OC(C)C)cc3)C2=O)c(OC)c1,0.0,0.0,0.0
CCCc1cc(C(O)(C(F)(F)F)C(F)(F)F)ccc1Oc1ccc(CCN2C(=O)NC(C)(c3ccc(OC(C)C)cc3)C2=O)c(O)c1,1.0,1.0,1.0
CCCc1cc(C(O)(C(F)(F)F)C(F)(F)F)ccc1Oc1ccc(C(O)CN2C(=O)NC(C)(c3ccc(OC(C)C)cc3)C2=O)cc1,5.0,5.0,5.0
CCCc1cc(C(O)(C(F)(F)F)C(F)(F)F)ccc1Oc1ccc(C(=O)CN2C(=O)NC(C)(c3ccc(OC(C)C)cc3)C2=O)cc1,46.0,46.0,46.0
