average,sample_weight,SMILES,PC_1,PC_2,PC_3,PC_4,PC_5,PC_6,PC_7,PC_8,PC_9,PC_10,PC_11,PC_12,PC_13,PC_14,PC_15,PC_16,PC_17
9.327902142064282,1.0345132990659367,CN(C)c1ccc2nc3c(C(=O)O)cc(=O)c(O)c-3oc2c1,-32.66785753925593,6.549589521350323,-0.9677282436953017,31.45128554791787,1.525428078680689,9.251798980617847,9.91903537800325,-0.7940379506513358,2.757223154125025,-5.157062931763327,2.339299461693218,-2.2129466703454788,2.818235181014076,-0.08584923862670249,4.767420568916791,-17.700695497029436,0.12186487063199537
3.721246399047171,1.0345132990659367,CC1=CCC(C(=O)N=C2CC=C(S(=O)(=O)O)c3cc(S(=O)(=O)O)cc(S(=O)(=O)O)c32)=CC1=NC(=O)C1=CC=C/C(=N\C(=O)/N=C2\C=CC=C(C(=O)N=C3CC(C(=O)N=C4CC=C(S(=O)(=O)O)c5cc(S(=O)(=O)O)cc(S(=O)(=O)O)c54)=CC=C3C)C2)C1,-13.769226600075141,-8.56852699679542,13.992028714258518,-3.0207359639276614,-19.0445838581259,26.881048402351684,-15.562070215799874,-3.7101388268784463,-2.672619874138878,16.60287313450658,6.477442771539661,1.4064597150984068,-4.363358992334033,0.978462105439605,0.29707104233535897,-1.329150319826836,-1.5735310285924509
5.15676722190199,1.0345132990659367,O=C(O)Cc1cccc(OCCCN(Cc2cccc(C(F)(F)F)c2Cl)CC(c2ccccc2)c2ccccc2)c1,-26.22913269298454,1.0659574128163305,5.040194273880566,11.533857048088327,5.886814183910742,-13.350546267455375,-35.15470998690427,-0.6567995640058409,7.356981211745306,-8.980988131598087,3.240465901862754,-6.726554327912373,0.9932039478997984,-0.9618491771760364,-1.0232128634008166,0.6957447766082833,-0.9316967058078027
5.489454989793388,1.0345132990659367,C/C=C(\C)[C@H](O)[C@H](C)/C=C(C)/C=C/C/C(C)=C/Cc1[nH]c(OC)c(OC)c(=O)c1C,-33.24336565715524,21.499428500802516,-5.884216650055351,-4.272985261494525,-2.522952887599484,-6.821469023739517,-0.2833413623743491,1.8384865910530455,-6.583207826884086,7.787822639653156,-12.163079572982184,3.4557156336334045,0.488564154626237,-0.380307304111797,0.6889294354099578,-3.760867165506044,-0.5563488105810934
-0.5430742350335329,1.0345132990659367,C/C=C(\C)[C@H](O[C@@H]1O[C@H](CO)[C@@H](O)[C@H](O)[C@H]1O)[C@H](C)/C=C(C)/C=C/C/C(C)=C/Cc1[nH]c(OC)c(OC)c(=O)c1C,-26.114523254047352,27.85510388561437,-1.163690088615495,-13.93459292306588,-2.5716778203567636,0.82120717499579,3.3320820011528087,-1.2593726472662943,3.0514942046790257,-4.269417472389105,4.5583299979479595,-2.4730094101987024,0.22111565217621326,0.2635036501150943,0.9878035469164573,0.537985555812043,-0.7691656891082916
-0.1376705372367546,1.0345132990659367,COc1[nH]c(C/C=C(\C)C/C=C/C(C)=C/[C@@H](C)[C@@H](O[C@@H]2O[C@H](CO)[C@@H](O)[C@H](O)[C@H]2O)/C(C)=C/CO)c(C)c(=O)c1OC,-24.0465134847529,25.967229888353312,-0.14671789260497412,-14.731750953434087,-2.1108087440769046,2.450325608416768,3.929649864067883,-1.4864084236173014,4.544803996225516,-6.3877065945280815,7.4798811312006395,-2.729347153512249,0.004767167300580819,0.5614608521671165,0.9364825652826627,0.8363553042917254,-0.32506178996403096
0.4260845595784488,1.0345132990659367,C/C=C(\C)[C@H](O[C@@H]1O[C@H](CO[C@H]2O[C@H](CO)[C@@H](O)[C@H](O)[C@H]2O)[C@@H](O)[C@H](O)[C@H]1O)[C@H](C)/C=C(C)/C=C/C/C(C)=C/Cc1[nH]c(OC)c(OC)c(=O)c1C,-18.208926611735897,26.10791507803915,2.848195413305858,-17.54184983309058,-1.0805947404675593,4.678756406204571,4.372894784687187,-0.877561291219649,4.685967131365887,-7.10059166029933,7.664647186814176,-2.6121261478857782,-0.4472695058677113,-1.1586650438491684,0.07242188771759984,1.7754266745325542,0.1289661340757653
5.141462802430361,1.0345132990659367,C/C=C(\C)C(=O)[C@H](C)/C=C(C)/C=C/C/C(C)=C/Cc1[nH]c(OC)c(OC)c(=O)c1C,-34.110412450240425,19.429856430653857,-6.20125127156855,0.03442070388796411,-2.932482099556779,-8.760298952500985,-4.336107457752794,2.3805190681354107,-8.725820081081997,11.37969785650379,-16.84858306826326,5.611815184763253,-1.0388512128773932,-0.36708687167449966,-1.5911859325812252,-0.044298399445008844,0.7714233854580951
5.013228265733755,1.0345132990659367,CC(=O)N[C@H](C(=O)N[C@H](C(=O)N[C@@H](Cc1ccccc1)C(=O)N[C@H](C(=O)N[C@@H](CO)C(=O)N[C@@H](Cc1c[nH]c2ccccc12)C(=O)N[C@@H](CCC(=O)O)C(=O)N[C@@H](CCC(=O)O)C(=O)N[C@@H](Cc1ccc(O)cc1)C(=O)N[C@@H](CC(C)C)C(=O)N[C@@H](CC(=O)O)C(=O)N[C@@H](Cc1c[nH]c2ccccc12)C(=O)N[C@H](C(N)=O)C(C)C)[C@@H](C)O)C(C)C)[C@@H](C)O,9.98739684002156,-0.29299975180574056,-7.3873211882672996,-0.4120443922529764,6.3912361944663365,-0.583585554630486,0.12412472439609243,-12.95938074478253,-1.3337032946774392,2.7551948788291116,1.983931515509054,0.09099564679116773,-0.6141841311676908,0.13319673874632065,-3.03261697406985,-1.0378154826734707,2.149644678909309
5.154901959985743,1.0345132990659367,CC(=O)N[C@H](C(=O)N[C@H](C(=O)N[C@@H](Cc1ccccc1)C(=O)N[C@H](C(=O)N[C@@H](CO)C(=O)N[C@@H](Cc1c[nH]c2ccccc12)C(=O)N[C@@H](C)C(=O)N[C@@H](CCC(=O)O)C(=O)N[C@@H](Cc1ccc(O)cc1)C(=O)N[C@@H](CC(C)C)C(=O)N[C@@H](CC(=O)O)C(=O)N[C@@H](Cc1c[nH]c2ccccc12)C(=O)N[C@H](C(N)=O)C(C)C)[C@@H](C)O)C(C)C)[C@@H](C)O,9.577754193862807,0.1260262697622611,-7.382183991864367,-0.2756560332363511,6.901765183655751,-0.44156148549949664,0.06453759230867451,-13.323298344283712,-2.400301176518693,2.8220568357948004,1.963957801433138,-0.06563270689524343,-0.4735527200731938,0.39746018094384394,-3.0917504698631038,-1.298255972127329,1.9526419873289471
6.120904120499928,1.0345132990659367,CC(=O)N[C@@H](Cc1cnc[nH]1)C(=O)N[C@H](C(=O)N[C@@H](Cc1ccccc1)C(=O)N[C@@H](CC(N)=O)C(=O)N[C@@H](CO)C(=O)N[C@@H](Cc1c[nH]c2ccccc12)C(=O)N[C@H]1CCCCNC(=O)C[C@@H](C(=O)N[C@@H](Cc2c[nH]c3ccccc23)C(=O)N[C@H](C(=O)NC(CCCCN)C(=O)NC(CCCCN)C(=O)NC(CCCCN)C(N)=O)C(C)C)NC(=O)[C@H](CC(C)C)NC(=O)[C@H](Cc2ccc(O)cc2)NC(=O)[C@H](CCC(=O)O)NC1=O)C(C)C,16.903754947570732,1.357416281848007,-4.757054523075462,0.3862787854091891,-2.4552581098819135,3.115569182948205,-0.558142072941259,13.480576304000975,3.423993670038762,-1.3212739963159084,-1.387065927114375,-1.3631373558052258,-3.286123507955196,-1.9229309703950181,-3.1704457168481004,-0.9713580729020774,0.33252319973998834
5.4089353929735005,1.0345132990659367,CC(=O)N[C@H](C(=O)N[C@H](C(=O)N[C@@H](Cc1ccccc1)C(=O)N[C@H](C(=O)N[C@@H](CO)C(=O)N[C@@H](Cc1c[nH]c2ccccc12)C(=O)N[C@H]1CCCCNC(=O)C[C@@H](C(=O)N[C@@H](Cc2c[nH]c3ccccc23)C(=O)N[C@H](C(N)=O)C(C)C)NC(=O)[C@H](CC(C)C)NC(=O)[C@H](Cc2ccc(O)cc2)NC(=O)[C@H](CCC(=O)O)NC1=O)[C@@H](C)O)C(C)C)[C@@H](C)O,12.374736504055466,1.7750938504120075,-4.583863034645526,-1.7471707258964875,8.736212419126854,4.747659081454508,-0.8521737225877312,2.6385001797461647,-6.367852914503172,-1.2241242470220537,1.443110620421751,-3.0926722396329693,-2.929451656469844,-1.0825580532961196,-9.027738569106987,-2.8229632025932374,2.812238621682981
5.795880017344075,1.0345132990659367,CC(=O)N[C@H](C(=O)N[C@H](C(=O)N[C@@H](Cc1ccccc1)C(=O)N[C@H](C(=O)N[C@@H](CO)C(=O)N[C@@H](Cc1c[nH]c2ccccc12)C(=O)N[C@@H](CCC(=O)O)C(=O)N[C@@H](CCC(=O)O)C(=O)N[C@@H](Cc1ccc(O)cc1)C(=O)N[C@@H](CC(C)C)C(=O)N[C@@H](CC(=O)O)C(=O)N[C@@H](Cc1c[nH]c2ccccc12)C(=O)N[C@H](C(=O)N[C@@H](CCCCN)C(=O)N[C@@H](CCCCN)C(=O)N[C@@H](CCCCN)C(N)=O)C(C)C)[C@@H](C)O)C(C)C)[C@@H](C)O,13.813357469769066,0.037677768192145016,-6.965719018778829,0.43463407540309845,3.240215748473201,-0.9842604282631211,-0.6643282297850606,-7.733866047941565,-3.680651419617024,0.5985935429394023,1.9085837207441452,0.8538819009460361,-2.3086436917853925,-2.7679239015902937,5.636959074557436,1.0227127217692527,-2.8188183831796074
6.578396073130168,1.0345132990659367,CC(=O)N[C@@H](Cc1cnc[nH]1)C(=O)N[C@H](C(=O)N[C@@H](Cc1ccccc1)C(=O)N[C@@H](CC(N)=O)C(=O)N[C@@H](CO)C(=O)N[C@@H](Cc1c[nH]c2ccccc12)C(=O)N[C@@H](CCC(=O)O)C(=O)N[C@@H](CCC(=O)O)C(=O)N[C@@H](Cc1ccc(O)cc1)C(=O)N[C@@H](CC(C)C)C(=O)N[C@@H](CC(=O)O)C(=O)N[C@@H](Cc1c[nH]c2ccccc12)C(=O)N[C@H](C(=O)N[C@@H](CCCN)C(=O)N[C@@H](CCCCN)C(=O)N[C@@H](CCCCN)C(=O)N[C@@H](CCCCN)C(=O)N[C@@H](CCCCN)C(=O)N[C@@H](CCCCN)C(N)=O)C(C)C)C(C)C,16.238451963962508,-0.44175909884975817,-6.525459938308707,1.9877437755363199,-6.181846717596406,-2.6899747883813263,0.7182342176859543,1.2950427535755307,7.180556653593529,1.291539660965542,-1.1989788297848203,1.6746761026437476,-1.4272472072557887,-1.8174572926706862,6.577775175892532,1.9303635781799284,-2.156245828542628
7.721246399047171,1.0345132990659367,CC(=O)N[C@@H](Cc1cnc[nH]1)C(=O)N[C@H](C(=O)N[C@@H](Cc1ccccc1)C(=O)N[C@@H](CC(N)=O)C(=O)N[C@@H](CO)C(=O)N[C@@H](Cc1c[nH]c2ccccc12)C(=O)N[C@H]1CCCCNC(=O)C[C@@H](C(=O)N[C@@H](Cc2c[nH]c3ccccc23)C(=O)N[C@H](C(=O)N[C@@H](CCCCN)C(=O)N[C@@H](CCCCN)C(=O)N[C@@H](CCCCN)C(=O)N[C@@H](CCCCN)C(=O)N[C@@H](CCCCN)C(=O)N[C@@H](CCCCN)C(N)=O)C(C)C)NC(=O)[C@H](CC(C)C)NC(=O)[C@H](Cc2ccc(O)cc2)NC(=O)[C@H](CCC(=O)O)NC1=O)C(C)C,16.1954724578241,0.3811465070267522,-4.979385386719825,0.9393339572082179,-3.8988945099242938,1.0404338854295305,-0.5055652205577015,11.700211891284514,2.694399488358429,-0.6753742257428663,-2.0376701970486533,-2.843711017760309,-0.3967906980639638,-0.9875342862189018,1.3384694098624723,0.4418928049823242,0.1330680705513849
5.958607314841775,1.0345132990659367,CC(=O)N[C@@H](Cc1cnc[nH]1)C(=O)N[C@H](C(=O)N[C@@H](Cc1ccccc1)C(=O)N[C@@H](CC(N)=O)C(=O)N[C@@H](CO)C(=O)N[C@@H](Cc1c[nH]c2ccccc12)C(=O)N[C@@H](CCC(=O)O)C(=O)N[C@@H](CCC(=O)O)C(=O)N[C@@H](Cc1ccc(O)cc1)C(=O)N[C@@H](CC(C)C)C(=O)N[C@@H](CC(=O)O)C(=O)N[C@@H](Cc1c[nH]c2ccccc12)C(=O)N[C@H](C(=O)NC(CCCCN)C(=O)NC(CCCCN)C(=O)NC(CCCCN)C(N)=O)C(C)C)C(C)C,15.099902038241767,-0.36859828160624813,-7.207443108942617,1.7884129383072729,-5.473435768023286,-2.1867346152119906,0.6363682751140454,-0.5435754683790662,8.260070151365552,1.6047988761139793,-1.0229099593333641,2.2236780858706764,-2.2520250188433244,-1.6672931325957394,3.0216024983305942,1.0229791280125768,-0.9907810862989315
5.958607314841775,1.0345132990659367,CC(=O)N[C@@H](Cc1cnc[nH]1)C(=O)N[C@H](C(=O)N[C@@H](Cc1ccccc1)C(=O)N[C@@H](CCCN)C(=O)N[C@@H](CO)C(=O)N[C@@H](Cc1c[nH]c2ccccc12)C(=O)N[C@@H](CCC(=O)O)C(=O)N[C@@H](CCC(=O)O)C(=O)N[C@@H](Cc1ccc(O)cc1)C(=O)N[C@@H](CC(C)C)C(=O)N[C@@H](CC(=O)O)C(=O)N[C@@H](Cc1c[nH]c2ccccc12)C(=O)N[C@H](C(N)=O)C(C)C)C(C)C,13.034678259579175,-0.5929516505513531,-7.996405792153406,1.6347702293595563,-3.151104104741038,-2.019892800973489,0.5310098181929632,-4.827578454839105,10.502523373190167,3.1773708776249254,-0.9564610359195495,2.6880970072687256,-0.4020587390978846,0.3454376606841926,-1.317314158799083,0.1425976157953867,0.8450330740165358
5.920818753952375,1.0345132990659367,CC(=O)N[C@@H](Cc1cnc[nH]1)C(=O)N[C@H](C(=O)N[C@@H](Cc1ccccc1)C(=O)N[C@@H](CCCCN)C(=O)N[C@@H](CO)C(=O)N[C@@H](Cc1c[nH]c2ccccc12)C(=O)N[C@@H](CCC(=O)O)C(=O)N[C@@H](CCC(=O)O)C(=O)N[C@@H](Cc1ccc(O)cc1)C(=O)N[C@@H](CC(C)C)C(=O)N[C@@H](CC(=O)O)C(=O)N[C@@H](Cc1c[nH]c2ccccc12)C(=O)N[C@H](C(N)=O)C(C)C)C(C)C,13.689945616400044,-0.24583703186154596,-7.872921427097648,1.7303094576249731,-3.5733186690830667,-1.817538474379755,0.39772953312544385,-3.5545296579585948,9.41149008359092,2.601245115387879,-0.8856489731906946,2.752165100398185,-0.7549338797469878,0.07889883629390475,-0.24994694847478224,0.3741108965306052,0.566481321509045
6.0,1.0345132990659367,CC(=O)N[C@H](C(=O)N[C@H](C(=O)N[C@@H](Cc1ccccc1)C(=O)N[C@H](C(=O)N[C@@H](CO)C(=O)N[C@@H](Cc1c[nH]c2ccccc12)C(=O)N[C@H]1CCCCNC(=O)C[C@@H](C(=O)N[C@@H](Cc2c[nH]c3ccccc23)C(=O)N[C@H](C(=O)N[C@@H](CCCCN)C(=O)N[C@@H](CCCCN)C(=O)N[C@@H](CCCCN)C(N)=O)C(C)C)NC(=O)[C@H](CC(C)C)NC(=O)[C@H](Cc2ccc(O)cc2)NC(=O)[C@H](CCC(=O)O)NC1=O)[C@@H](C)O)C(C)C)[C@@H](C)O,15.61173751539405,1.7851661237480803,-4.280647806327025,-0.8903068040922759,6.010843687340173,4.374294419484847,-1.5960386600650158,6.930823550322113,-8.173887846089293,-2.344839386633388,1.3643766965544244,-2.684317977066533,-4.052519166596487,-3.4796502312152064,-1.53519639145404,-1.2573251832238135,-1.4258943848878705
5.4089353929735005,1.0345132990659367,CC(=O)N[C@@H](Cc1cnc[nH]1)C(=O)N[C@H](C(=O)N[C@@H](Cc1ccccc1)C(=O)N[C@@H](CC(N)=O)C(=O)N[C@@H](CO)C(=O)N[C@@H](Cc1c[nH]c2ccccc12)C(=O)N[C@@H](CCC(=O)O)C(=O)N[C@@H](CCC(=O)O)C(=O)N[C@@H](Cc1ccc(O)cc1)C(=O)N[C@@H](CC(C)C)C(=O)N[C@@H](CC(=O)O)C(=O)N[C@@H](Cc1c[nH]c2ccccc12)C(=O)N[C@H](C(N)=O)C(C)C)C(C)C,12.067677613469717,-0.9359948231686899,-7.460356986553087,1.4221568742771782,-3.458596352792532,-1.750366591827549,1.1672121885564664,-4.947905489718851,10.599185099326842,3.5295919842882397,-1.1221042209037118,1.7820599306143772,-0.9363980677461987,0.6359854737235036,-4.391695223699433,-0.7873349174720701,2.91106356032655
5.187086643357144,1.0345132990659367,CC(=O)N[C@H](C(=O)N[C@H](C(=O)N[C@@H](Cc1ccccc1)C(=O)N[C@H](C(=O)N[C@@H](CO)C(=O)N[C@@H](Cc1c[nH]c2ccccc12)C(=O)N[C@@]1(C)CCC/C=C\CCC[C@@](C)(C(=O)N[C@@H](Cc2c[nH]c3ccccc23)C(=O)N[C@H](C(N)=O)C(C)C)NC(=O)[C@H](CC(C)C)NC(=O)[C@H](Cc2ccc(O)cc2)NC(=O)[C@H](CCC(=O)O)NC1=O)[C@@H](C)O)C(C)C)[C@@H](C)O,10.31537610815686,2.112155801581497,-3.2343309807430347,-2.0881705904365364,7.823114279574625,5.669941847006843,-2.3121809596753096,-1.443342543958682,-7.488234991658883,1.0049252954982744,1.4531696688533453,-1.6061882588706669,13.241407171078162,12.21741066857793,-3.7709614883034437,0.391138313585364,2.9699325036191615
6.876148359032914,1.0345132990659367,CC(=O)N[C@H](C(=O)N[C@H](C(=O)N[C@@H](Cc1ccccc1)C(=O)N[C@H](C(=O)N[C@@H](CO)C(=O)N[C@@H](Cc1c[nH]c2ccccc12)C(=O)N[C@H]1CCCCNC(=O)C[C@@H](C(=O)N[C@@H](Cc2c[nH]c3ccccc23)C(=O)N[C@H](C(=O)N[C@@H](CCCCN)C(=O)N[C@@H](CCCCN)C(=O)N[C@@H](C)C(=O)N[C@@H](CCCCN)C(=O)N[C@@H](CCCCN)C(=O)N[C@H](CCCCN)C(N)=O)C(C)C)NC(=O)[C@H](CC(C)C)NC(=O)[C@H](Cc2ccc(O)cc2)NC(=O)[C@H](CCC(=O)O)NC1=O)[C@@H](C)O)C(C)C)[C@@H](C)O,16.682348953779172,1.737420135912103,-3.6090438386509742,-0.7234718857379451,5.357211955696701,3.9603670935688045,-1.9555260499372824,7.132255025226734,-9.67577427365174,-2.317985285545966,1.471888189065396,-3.424429411208369,-3.5022704659924146,-3.4604292996706834,0.6965270160516845,-0.884188358629788,-2.2142208017084752
8.154901959985743,1.0345132990659367,CC(=O)N[C@@H](Cc1cnc[nH]1)C(=O)N[C@H](C(=O)N[C@@H](Cc1ccccc1)C(=O)N[C@@H](CCCNC(=N)N)C(=O)N[C@@H](CO)C(=O)N[C@@H](Cc1c[nH]c2ccccc12)C(=O)N[C@@]1(C)CCC/C=C\CCC[C@@](C)(C(=O)N[C@@H](Cc2c[nH]c3ccccc23)C(=O)N[C@H](C(=O)N[C@@H](CCCCN)C(=O)N[C@@H](CCCCN)C(=O)N[C@@H](CCCCN)C(=O)N[C@@H](CCCCN)C(=O)N[C@@H](CCCCN)C(=O)N[C@@H](CCCCN)C(N)=O)C(C)C)NC(=O)[C@H](CC(C)C)NC(=O)[C@H](Cc2ccc(O)cc2)NC(=O)[C@H](CCC(=O)O)NC1=O)C(C)C,14.89684060449644,0.8036901513470447,-0.44387099449620854,0.5664231949550226,-5.223309546557256,1.9330457893553137,-1.3397207622638778,8.396903116721282,0.47393605681171325,0.3592296984430372,-1.6162308329143484,0.09213870641899977,16.25687097339583,12.422994075488727,4.25885069898601,2.824667911504221,-4.395090277230976
7.139661993429006,1.0345132990659367,CC(=O)N[C@H](C(=O)N[C@H](C(=O)N[C@@H](Cc1ccccc1)C(=O)N[C@H](C(=O)N[C@@H](CO)C(=O)N[C@@H](Cc1c[nH]c2ccccc12)C(=O)N[C@@H](CCC(=O)O)C(=O)N[C@@H](CCC(=O)O)C(=O)N[C@@H](Cc1ccc(O)cc1)C(=O)N[C@@H](CC(C)C)C(=O)NC(C)C(=O)N[C@@H](Cc1c[nH]c2ccccc12)C(=O)N[C@H](C(=O)N[C@@H](CCCCN)C(=O)N[C@@H](CCCCN)C(=O)N[C@@H](CCCCN)C(=O)N[C@@H](CCCCN)C(=O)N[C@@H](CCCCN)C(=O)N[C@@H](CCCCN)C(N)=O)C(C)C)[C@@H](C)O)C(C)C)[C@@H](C)O,14.614945037511978,-0.042819362468572174,-5.969455464775117,0.18331501834230157,3.780845752977061,-0.9019336931328374,-1.8797869018647606,-4.600573361404003,-6.801705755476389,0.03738475352485867,1.818827263027793,-0.5457499597568767,-0.16031215669086482,-1.5463674052581151,9.197150758088151,1.6006382417157274,-4.138363166656416
7.602059991327962,1.0345132990659367,CC(=O)N[C@H](C(=O)N[C@H](C(=O)N[C@@H](Cc1ccccc1)C(=O)N[C@H](C(=O)N[C@@H](CO)C(=O)N[C@@H](Cc1c[nH]c2ccccc12)C(=O)N[C@H]1CCCCNC(=O)C[C@@H](C(=O)N[C@@H](Cc2c[nH]c3ccccc23)C(=O)N[C@H](C(=O)N[C@@H](CCCCN)C(=O)N[C@@H](CCCCN)C(=O)N[C@@H](CCCCN)C(=O)N[C@@H](CCCCN)C(=O)N[C@@H](CCCCN)C(=O)N[C@@H](CCCCN)C(N)=O)C(C)C)NC(=O)[C@H](CC(C)C)NC(=O)[C@H](Cc2ccc(O)cc2)NC(=O)[C@H](CCC(=O)O)NC1=O)[C@@H](C)O)C(C)C)[C@@H](C)O,15.393651296750376,0.7910680907662354,-4.485015622970147,-0.04696842520835926,3.909823506488419,2.41367526239281,-1.7155433216453795,5.512914345049836,-8.225803228358831,-1.5995250266195695,0.583826637354391,-3.664981343518961,-1.2571680907220257,-2.5380216969877067,3.0121593301477647,-0.0658072996247742,-1.4964734900919727
6.062983892535186,1.0345132990659367,CC(=O)N[C@@H](Cc1cnc[nH]1)C(=O)N[C@H](C(=O)N[C@@H](Cc1ccccc1)C(=O)N[C@@H](CCCNC(=N)N)C(=O)N[C@@H](CO)C(=O)N[C@@H](Cc1c[nH]c2ccccc12)C(=O)N[C@@H](CCC(=O)O)C(=O)N[C@@H](CCC(=O)O)C(=O)N[C@@H](Cc1ccc(O)cc1)C(=O)N[C@@H](CC(C)C)C(=O)N[C@@H](CC(=O)O)C(=O)N[C@@H](Cc1c[nH]c2ccccc12)C(=O)N[C@H](C(N)=O)C(C)C)C(C)C,13.403400627340721,-1.0398886958898022,-4.339584572667602,2.207458612534391,-4.336612497869074,-2.716406717300069,1.4549135911647342,-4.6832708489405475,9.650820099504392,2.137656020077778,-1.0435379013025259,4.67192747859786,1.9837978354968295,2.5000095966036633,-2.8525397844980107,-0.45370113023408215,-2.8950919918652698
5.275724130399211,1.0345132990659367,CC(=O)N[C@@H](Cc1cnc[nH]1)C(=O)N[C@H](C(=O)N[C@@H](Cc1ccccc1)C(=O)N[C@@H](CC(N)=O)C(=O)N[C@@H](CO)C(=O)N[C@@H](Cc1c[nH]c2ccccc12)C(=O)N[C@H]1CCCCNC(=O)C[C@@H](C(=O)N[C@@H](Cc2c[nH]c3ccccc23)C(=O)N[C@H](C(N)=O)C(C)C)NC(=O)[C@H](CC(C)C)NC(=O)[C@H](Cc2ccc(O)cc2)NC(=O)[C@H](CCC(=O)O)NC1=O)C(C)C,14.382206295541799,1.3506594119222588,-4.961568278834581,-0.09960556450467965,-0.7566603370353956,3.5940609442216704,-0.218198443904613,10.07248559724185,5.49076596391545,-0.2682286313353374,-1.236907239871527,-1.2300012675201237,-2.8762978605501224,-0.04485283169857033,-10.554799866673708,-2.7034405690451337,3.898168359854044
8.221848749616356,1.0345132990659367,CC(=O)N[C@@H](Cc1cnc[nH]1)C(=O)N[C@H](C(=O)N[C@@H](Cc1ccccc1)C(=O)N[C@@H](CCCCN)C(=O)N[C@@H](CO)C(=O)N[C@@H](Cc1c[nH]c2ccccc12)C(=O)N[C@H]1CCCCNC(=O)C[C@@H](C(=O)N[C@@H](Cc2c[nH]c3ccccc23)C(=O)N[C@H](C(=O)N[C@@H](CCCCN)C(=O)N[C@@H](CCCCN)C(=O)N[C@@H](CCCCN)C(=O)N[C@@H](CCCCN)C(=O)N[C@@H](CCCCN)C(=O)N[C@@H](CCCCN)C(N)=O)C(C)C)NC(=O)[C@H](CC(C)C)NC(=O)[C@H](Cc2ccc(O)cc2)NC(=O)[C@H](CCC(=O)O)NC1=O)C(C)C,16.04820833761407,0.2592724515584245,-5.290123589529546,0.8844602625287338,-3.303283421280449,1.5705603281413527,-0.8868753104180873,12.080623485658174,2.0957959287401846,-0.6624879913370798,-2.1380017810098817,-2.9287246653045362,0.5383774819677398,-0.5513660567702399,2.3009274959042822,0.701063486160585,-0.7203001962880439
5.065501548756432,1.0345132990659367,CC(=O)N[C@H](C(=O)N[C@H](C(=O)N[C@@H](Cc1ccccc1)C(=O)N[C@H](C(=O)N[C@@H](CO)C(=O)N[C@@H](Cc1c[nH]c2ccccc12)C(=O)N[C@@H](CCC(=O)O)C(=O)N[C@@H](CCC(=O)O)C(=O)N[C@@H](Cc1ccc(O)cc1)C(=O)N[C@@H](CC(C)C)C(=O)N[C@@H](C)C(=O)N[C@@H](Cc1c[nH]c2ccccc12)C(=O)N[C@H](C(N)=O)C(C)C)[C@@H](C)O)C(C)C)[C@@H](C)O,9.135596918167927,-0.38952502542196404,-6.820310257744462,-0.7698792137488588,7.853163165202679,-0.11762208831250207,-1.05128623291827,-11.996502615266959,-3.390945472310571,2.2839531310045937,2.075171546012996,-0.649995597626845,0.5615297090554333,1.6932239371709863,-2.7214304330268395,-1.2358352104619927,2.008022068053677
6.372634143407268,1.0345132990659367,CC(=O)N[C@H](C(=O)N[C@H](C(=O)N[C@@H](Cc1ccccc1)C(=O)N[C@H](C(=O)N[C@@H](CO)C(=O)N[C@@H](Cc1c[nH]c2ccccc12)C(=O)N[C@@H](CCC(=O)O)C(=O)N[C@@H](CCC(=O)O)C(=O)N[C@@H](Cc1ccc(O)cc1)C(=O)N[C@@H](CC(C)C)C(=O)N[C@@H](CC(=O)O)C(=O)N[C@@H](Cc1c[nH]c2ccccc12)C(=O)N[C@H](C(=O)N[C@@H](CCCCN)C(=O)N[C@@H](CCCCN)C(=O)N[C@@H](CCCCN)C(=O)N[C@@H](CCCCN)C(=O)N[C@@H](CCCCN)C(=O)N[C@@H](CCCCN)C(N)=O)C(C)C)[C@@H](C)O)C(C)C)[C@@H](C)O,15.123421303036306,0.043104098876444785,-6.413021931548746,0.5859779623727831,2.4372263704592836,-1.3486631154291835,-0.7564466997428221,-5.554489979111964,-4.776757981779157,0.4180423055852578,1.6638934153093365,0.08620205715662062,-1.4431052549815857,-2.780710872881604,9.038931406411429,1.9070382202517435,-3.8829391773673523
6.154901959985743,1.0345132990659367,CC[C@H](C)[C@H](NC(=O)[C@H](CCCCNC(=N)N)NC(=O)[C@@H](NC(=O)[C@H](CC(C)C)NC(=O)[C@H](CC(N)=O)NC(=O)[C@H](Cc1c[nH]c2ccccc12)NC(=O)CNC(=O)[C@@H]1CCCN1C(=O)[C@H](Cc1ccccc1)NC(=O)[C@H](CO)NC(=O)[C@H](CCC(=O)O)NC(=O)[C@@H](N)CCSC)C(C)C)C(=O)NCC(=O)N[C@@H](CC(C)C)C(=O)N[C@@H](CC(C)C)C(=O)N[C@@H](CCCNC(=N)N)C(=O)O,12.210583099862047,1.742484132513435,16.079621870928833,3.045460023825374,-5.125642803618706,-4.9756617403180785,2.7174707141499286,-1.8982319998393375,-4.825568543069335,-9.261851280942373,1.2949114045939665,13.459358080113725,-1.3338072310560012,0.8802589413001309,-10.26018859578015,-1.5217394908236666,-13.997296657728704
9.522878745280336,1.0345132990659367,CC(C)[C@@H]1NC(=O)[C@H](Cc2ccccc2)NC(=O)CSC[C@@H](C(=O)NCC(N)=O)NC(=O)[C@@H]2CCCN2C(=O)[C@H](CCCNC(=N)N)NC(=O)[C@H](CC(=O)O)NC(=O)[C@H](C)N(C)C(=O)[C@H](Cc2ccc(-c3ccccc3)cc2)NC(=O)[C@H](C)N(C)C(=O)[C@H](Cc2ccc(-c3ccccc3)cc2)NC(=O)[C@H]([C@@H](C)O)NC(=O)[C@H]([C@@H](C)O)NC(=O)[C@H](CO)NC1=O,6.544342911767584,2.7706564457449456,25.909210197901142,-1.4428305835047683,18.365178061775147,3.958653685049027,2.706324238105912,1.3789615083201487,8.972033402410492,3.6970801584366417,-6.215531705251129,7.199393542970678,-1.806331570395617,-1.813481324910436,2.532307186382764,-0.14516291466989606,-4.394027772245312
7.823908740944319,1.0345132990659367,CC[C@H](C)[C@H](NC(=O)[C@H](CCCCN)NC(=O)[C@H](CC(C)C)NC(=O)[C@H](CC(=O)O)NC(=O)[C@H](CC(N)=O)NC(=O)[C@H](CS)NC(=O)[C@@H](NC(=O)[C@H](Cc1c[nH]cn1)NC(=O)[C@H](CO)NC(=O)[C@H](CS)NC(=O)CNC(=O)CNC(=O)[C@H](CC(N)=O)NC(=O)[C@H](Cc1c[nH]c2ccccc12)NC(=O)[C@H](Cc1ccc(O)cc1)NC(=O)[C@@H]1CCCN1C(=O)[C@H](CCC(=O)O)NC(=O)[C@H](Cc1c[nH]c2ccccc12)NC(=O)[C@@H]1CCCN1C(=O)[C@H](Cc1ccc(O)cc1)NC(=O)[C@H](CCCCN)NC(=O)[C@H](CO)NC(=O)[C@H](CO)NC(=O)[C@H](CC(C)C)NC(=O)[C@H](CS)NC(=O)[C@H](CCC(=O)O)NC(=O)[C@H](CC(N)=O)NC(=O)[C@@H](NC(=O)CN)[C@@H](C)O)C(C)C)C(=O)NCC(=O)N[C@@H](Cc1ccc(O)cc1)C(=O)N[C@@H](CCC(=O)O)C(=O)N[C@@H](CS)C(=O)N[C@@H](CC(C)C)C(=O)O,16.095055736391252,1.149296859147952,15.477191673706155,2.9805093631724393,-10.638369382699976,-9.069837387004014,4.631842198700175,-1.554856405279518,-1.659477269099167,2.2008702104113045,-0.7949472170891794,-11.010540587201314,-1.8550540754472402,0.29970693430991524,1.1715586973372927,0.9573208296560263,9.516417823646917
8.259637310505756,1.0345132990659367,CC[C@H](C)[C@H](NC(=O)[C@H](CCC(N)=O)NC(=O)[C@H](CC(C)C)NC(=O)[C@H](CC(N)=O)NC(=O)[C@H](Cc1c[nH]c2ccccc12)NC(=O)[C@@H]1CCCN1C(=O)[C@H](CC(C)C)NC(=O)[C@H](CCCNC(=N)N)NC(=O)[C@H](CS)NC(=O)CNC(=O)[C@H](CO)NC(=O)CNC(=O)[C@@H](NC(=O)[C@H](Cc1c[nH]c2ccccc12)NC(=O)[C@H](CC(=O)O)NC(=O)[C@H](CC(C)C)NC(=O)[C@H](Cc1ccc(O)cc1)NC(=O)[C@H](CCC(=O)O)NC(=O)[C@H](CCC(=O)O)NC(=O)[C@H](Cc1c[nH]c2ccccc12)NC(=O)[C@H](CO)NC(=O)[C@@H](NC(=O)[C@H](Cc1ccccc1)NC(=O)[C@@H](NC(=O)[C@@H](N)[C@@H](C)O)C(C)C)[C@@H](C)O)C(C)C)C(=O)NCC(=O)N[C@@H](CC(C)C)C(=O)N1CCC[C@H]1C(=O)N[C@@H](CS)C(=O)O,15.513731247614626,1.0801268968431998,17.347901227226117,2.6356533761892598,-6.3417481635555015,-8.283963269133551,3.640298982337662,-5.293773795534239,-7.581885395195819,-0.3105366388025902,0.6362491793951469,-6.40506200749856,-0.3374142054901327,1.5844380984339654,-4.247011292908147,-0.4144045972355764,-0.459681698474142
8.214670164989233,1.0345132990659367,CCNC(=O)[C@@H]1CSCC(=O)N[C@@H](Cc2ccccc2)C(=O)N[C@@H](C(C)C)C(=O)N2CCC[C@H]2C(=O)N[C@@H]([C@@H](C)O)C(=O)N[C@@H]([C@@H](C)O)C(=O)N[C@@H](Cc2ccc(-c3ccccc3)cc2)C(=O)N(C)[C@@H](C)C(=O)N[C@@H](Cc2ccc(-c3ccccc3)cc2)C(=O)N(C)[C@@H](C)C(=O)N[C@@H](CCC(=O)O)C(=O)N[C@@H](C)C(=O)N2CCC[C@H]2C(=O)N1,3.8129415137317144,2.772844358643428,22.679710321364958,-1.8947467943692726,23.150346736466997,5.371270093053088,1.1772695171701246,2.774814799320813,6.577473749239517,5.8166194289670825,-5.511322826959575,0.41148547956950005,0.6970924013891296,-0.11130712176124116,3.5352547430297205,2.7280159868227565,5.562796743240738
6.4089353929735005,1.0345132990659367,CC[C@H](C)[C@H](NC(=O)[C@H](CCCCN=C(N)N)NC(=O)[C@H](CCCCN)NC(=O)[C@H](CC(C)C)NC(=O)[C@H](CC(N)=O)NC(=O)[C@H](Cc1c[nH]c2ccccc12)NC(=O)C1(N)CCC(c2ccccc2)CC1)C(=O)NCC(=O)N[C@@H](CC(C)C)C(=O)N[C@@H](CC(C)C)C(=O)N[C@@H](CCCN=C(N)N)C(=O)O,7.858039684578036,0.45043456278803984,5.926408761588599,2.99446310200381,-8.260635324112748,1.0753499587782045,-4.504252666029718,1.1382811330748004,-7.451614516814867,-14.031171229222181,2.1518822041839125,22.700862047608226,0.8120681811395477,-1.6536963074110262,4.549080937866246,1.5389004351875726,14.026610939823176
6.0,1.0345132990659367,CC[C@H](C)[C@H](NC(=O)[C@H](CCCCN)NC(=O)[C@H](CC(C)C)NC(=O)[C@H](CC(=O)O)NC(=O)[C@H](CC(N)=O)NC(=O)[C@H](CS)NC(=O)[C@@H](NC(=O)[C@H](Cc1c[nH]cn1)NC(=O)[C@H](CO)NC(=O)[C@H](CS)NC(=O)CNC(=O)CNC(=O)[C@H](CC(N)=O)NC(=O)[C@H](CC(N)=O)NC(=O)[C@H](CC(=O)O)NC(=O)[C@H](CC(C)C)NC(=O)[C@H](CS)NC(=O)[C@H](CCC(=O)O)NC(=O)[C@H](CC(N)=O)NC(=O)[C@@H](NC(=O)CN)[C@@H](C)O)C(C)C)C(=O)NCC(=O)N[C@@H](Cc1ccc(O)cc1)C(=O)N[C@@H](CCC(=O)O)C(=O)N[C@@H](CS)C(=O)N[C@@H](CC(C)C)C(=O)N[C@@H](CS)C(=O)N1CCC[C@H]1C(=O)N[C@@H](CC(=O)O)C(=O)NCC(=O)N[C@@H](Cc1ccccc1)C(=O)N[C@@H](CCC(N)=O)C(=O)N[C@@H](CC(C)C)C(=O)N[C@H](C(=O)N[C@@H](C)C(=O)N[C@@H](CCC(N)=O)C(=O)N[C@@H](CCCNC(=N)N)C(=O)N[C@@H](CCCNC(=N)N)C(=O)N[C@@H](CS)C(=O)N[C@@H](CCC(=O)O)C(=O)O)C(C)C,13.562064218850672,1.4416781486395656,21.00235131574712,3.5825395972059653,-12.380765337221275,-13.2174313430263,6.3841067401143095,-1.6273907248225346,-3.2371577146790433,2.221666700480564,0.7890648494678566,-8.947783596411567,0.03330805815713615,-0.3293641756794705,2.213839390152523,-1.388777231672906,0.31511238122145135
6.327902142064282,1.0345132990659367,CN(C)c1ccc2[nH]c3c(C(=O)O)cc(=O)c(=O)c=3oc2c1,-34.26311135207147,4.7055318772750825,-3.1160769918163185,29.113076961222696,0.4233280892509439,7.506709623562416,9.641612896192349,-0.20718699029828908,-1.9712493464273184,0.5342030443539256,2.4366095294410886,-1.9351738009282582,0.4879047233735763,-3.4289151466899717,-4.6901797385320165,19.290412453225827,-0.5207490802891069
7.576754126063192,1.0345132990659367,O=C(Nc1cccc(C(=O)Nc2ccc(S(=O)(=O)O)c3cc(S(=O)(=O)O)cc(S(=O)(=O)O)c23)c1)Nc1cccc(C(=O)Nc2ccc(S(=O)(=O)O)c3cc(S(=O)(=O)O)cc(S(=O)(=O)O)c23)c1,-21.69752371965506,-25.59455393269707,-1.0662914783939281,-7.667019531723058,-1.5152938919912362,3.755638685753836,2.602633119692894,-2.5038686971390165,-0.13470480575163102,-7.815367561092071,-6.636414647945448,-2.7885323599507186,-3.952123360393867,3.631352384847477,0.9171088266923726,0.7711597430335464,0.09831729445236029
8.809668301829708,1.0345132990659367,O=C(Nc1cccc(C(=O)Nc2cc(C(=O)Nc3ccc(S(=O)(=O)O)c4cc(S(=O)(=O)O)cc(S(=O)(=O)O)c34)ccc2F)c1)Nc1cccc(C(=O)Nc2cc(C(=O)Nc3ccc(S(=O)(=O)O)c4cc(S(=O)(=O)O)cc(S(=O)(=O)O)c34)ccc2F)c1,-15.696781754348612,-24.75896219874405,1.3801913835706758,-9.674646167933306,-3.408170196349302,5.361509127330742,1.2611755302251408,-5.311334087233404,1.6040626373638665,-8.741834725625834,-10.001453205055627,-4.6398342725518855,9.530030134450223,-8.739703058683796,-1.5247777381116268,-0.2279065636728204,-0.47786687431946284
8.33161408331,1.0345132990659367,O=C(Nc1cc(C(=O)Nc2ccc(S(=O)(=O)O)cc2S(=O)(=O)O)cc(C(=O)Nc2ccc(S(=O)(=O)O)cc2S(=O)(=O)O)c1)Nc1cc(C(=O)Nc2ccc(S(=O)(=O)O)cc2S(=O)(=O)O)cc(C(=O)Nc2ccc(S(=O)(=O)O)cc2S(=O)(=O)O)c1,-23.244109713004214,-22.950869720780386,-0.3160260974297684,-7.418876131853988,2.615062872113019,-9.096640428541953,4.360843890237138,6.936383214431641,-0.305873697006479,10.442137886247078,15.753274427773876,4.432374645158823,8.033225182354096,-8.146161859558893,-0.22330378319724076,-2.0674006231711917,1.1110488280702804
8.162411561764488,1.0345132990659367,O=C(Nc1cc(C(=O)Nc2ccc(S(=O)(=O)O)cc2)cc(C(=O)Nc2ccc(S(=O)(=O)O)cc2)c1)Nc1cc(C(=O)Nc2ccc(S(=O)(=O)O)cc2)cc(C(=O)Nc2ccc(S(=O)(=O)O)cc2)c1,-30.662025132240956,-20.881887839764236,-2.4463936438029408,-2.5135845370677465,5.463726119405818,-14.1618256686695,4.093667130460995,8.976676834404744,-1.2598060417014076,7.314254997042139,11.013995010918748,4.538052367079186,-1.9920234716973202,2.428693105075947,-0.8870331816882066,-0.5242817461700504,-0.45329301506182806
6.849485002168009,0.2579640700823647,O=C(Nc1cccc(C(=O)Nc2cc(S(=O)(=O)O)cc3ccc(S(=O)(=O)O)cc23)c1)Nc1cccc(C(=O)Nc2cc(S(=O)(=O)O)cc3ccc(S(=O)(=O)O)cc23)c1,-27.057199467326694,-22.90424106740166,-2.332924548641039,-2.5691028022011673,2.589381659235117,-1.6040877229075912,3.871490308407215,1.4321662103415669,0.09750452875811386,-5.130981820783761,-0.9799006256126557,-0.729810584224029,-13.62843207161998,16.93107336738083,3.5487805171879576,1.108705738155632,0.12175679934024125
9.070581074285707,1.0345132990659367,O=C(Nc1ccc(C(=O)Nc2ccc(C(=O)Nc3ccc(S(=O)(=O)O)c4cc(S(=O)(=O)O)cc(S(=O)(=O)O)c34)cc2)cc1)Nc1ccc(C(=O)Nc2ccc(C(=O)Nc3ccc(S(=O)(=O)O)c4cc(S(=O)(=O)O)cc(S(=O)(=O)O)c34)cc2)cc1,-19.176909886448406,-27.138615464372176,-1.0766005121606534,-8.386545748591974,-2.7148787797826737,3.368426576520898,2.3957670429189672,-2.74735064753856,-0.7064771178574395,-5.017460195081099,-9.770040363566217,-2.821075993113994,3.126250056043661,-6.160083945921228,-1.1340830584432333,0.043479532397334486,-0.76019473926287
