PUBCHEM_RESULT_TAG,PUBCHEM_SID,PUBCHEM_CID,PUBCHEM_EXT_DATASOURCE_SMILES,PUBCHEM_ACTIVITY_OUTCOME,PUBCHEM_ACTIVITY_SCORE,PUBCHEM_ACTIVITY_URL,PUBCHEM_ASSAYDATA_COMMENT,Standard Type,Activity Comment,AID,PubChem Standard Value,Standard Relation,Standard Value,Standard Units,Data Validity Comment,HTS raw data_run 1,HTS raw data_run 2,Mean % Inhibition,HTS % Inhibition_run 1,HTS % Inhibition_run 2,Mean max signal_run 1,Mean max signal_run 2,Mean min signal_run 1,Mean min signal_run 2,Assay plate Z-factor_run 1,Assay plate Z-factor_run 2,HTS Assay Date_run 1,HTS Assay Date_run 2,Qualifier,IC50_Mean,Qualifier_IC50_Run1,Qualifier_IC50_Run2,Qualifier_IC50_Run3,DR_IC50uM_Run1,DR_IC50uM_Run2,DR_IC50uM_Run3,DR_IC50_Hillslope_Run1,DR_IC50_Hillslope_Run2,DR_IC50_Hillslope_Run3,DR_Plate Mean Max Signal_Run1,DR_Plate Mean Max Signal_Run2,DR_Plate Mean Max Signal_Run3,DR_Plate Mean Min Signal_Run1,DR_Plate Mean Min Signal_Run2,DR_Plate Mean Min Signal_Run3,DR_plate Z'-factor_Run1,DR_plate Z'-factor_Run2,DR_plate Z'-factor_Run3,DR_Run date_run1,DR_Run date_run2,DR_Run date_run3,ACTIVE_CONCENTRATION_QUALIFIER,ACTIVE_CONCENTRATION_(uM),INHIBITION_(%),FOLD_INDUCTION_x10_AT_GIVEN_CONCENTRATION,FOLD_INDUCTION_AT_GIVEN_CONCENTRATION,ACTIVITY_CONCENTRATION_QUALIFIER,FOLD_INDUCTION,Fold induction X10 at given concentration,RELATIVE_ACTIVITY_AT_0.5h,RELATIVE_ACTIVITY_AT_1h,RELATIVE_ACTIVITY_AT_2.5h,RELATIVE_ACTIVITY_AT_5h,RELATIVE_ACTIVITY_AT_8h,RELATIVE_ACTIVITY_AT_24h,RELATIVE_ACTIVITY_AT_28h,Fold induction x100 at given concentration,RELATIVE_ACTIVITY_AT_ 0.5h,RELATIVE_ACTIVITY_AT_ 1h,RELATIVE_ACTIVITY_AT_ 2.5h,RELATIVE_ACTIVITY_AT_ 5h,RELATIVE_ACTIVITY_AT_ 8h,RELATIVE_ACTIVITY_AT_ 24h,Fold induction x10 at given concentration,Phenotype replicate 1,Phenotype replicate 2,Predicted Target Gene,IC50 Qualifier,IC50,Target Accession(s),Ligand,Target,Standard Text Value,target_receptor,Tax_ID,Organism,SMILES,MolecularFormula,MolecularWeight,PUBCHEM_ACTIVITY_SCORE_Operator,PUBCHEM_ACTIVITY_SCORE_Numeric,IC50_Mean_Operator,IC50_Mean_Numeric,Qualifier_IC50_Run1_Operator,Qualifier_IC50_Run1_Numeric,Qualifier_IC50_Run2_Operator,Qualifier_IC50_Run2_Numeric,Qualifier_IC50_Run3_Operator,Qualifier_IC50_Run3_Numeric,DR_IC50uM_Run1_Operator,DR_IC50uM_Run1_Numeric,DR_IC50uM_Run2_Operator,DR_IC50uM_Run2_Numeric,DR_IC50uM_Run3_Operator,DR_IC50uM_Run3_Numeric,DR_IC50_Hillslope_Run1_Operator,DR_IC50_Hillslope_Run1_Numeric,DR_IC50_Hillslope_Run2_Operator,DR_IC50_Hillslope_Run2_Numeric,DR_IC50_Hillslope_Run3_Operator,DR_IC50_Hillslope_Run3_Numeric,IC50 Qualifier_Operator,IC50 Qualifier_Numeric,IC50_Operator,IC50_Numeric,ACTIVE_CONCENTRATION_QUALIFIER_Operator,ACTIVE_CONCENTRATION_QUALIFIER_Numeric,ACTIVE_CONCENTRATION_(uM)_Operator,ACTIVE_CONCENTRATION_(uM)_Numeric,FOLD_INDUCTION_x10_AT_GIVEN_CONCENTRATION_Operator,FOLD_INDUCTION_x10_AT_GIVEN_CONCENTRATION_Numeric,FOLD_INDUCTION_AT_GIVEN_CONCENTRATION_Operator,FOLD_INDUCTION_AT_GIVEN_CONCENTRATION_Numeric,ACTIVITY_CONCENTRATION_QUALIFIER_Operator,ACTIVITY_CONCENTRATION_QUALIFIER_Numeric,Fold induction X10 at given concentration_Operator,Fold induction X10 at given concentration_Numeric,Fold induction x100 at given concentration_Operator,Fold induction x100 at given concentration_Numeric,Fold induction x10 at given concentration_Operator,Fold induction x10 at given concentration_Numeric
1,242578962,73355036,CC1=CCC(=CC1=NC(=O)C2=CC=C/C(=N\C(=O)/N=C\3/CC(=CC=C3)C(=O)N=C4CC(=CC=C4C)C(=O)N=C5CC=C(C6=C5C(=CC(=C6)S(=O)(=O)O)S(=O)(=O)O)S(=O)(=O)O)/C2)C(=O)N=C7CC=C(C8=C7C(=CC(=C8)S(=O)(=O)O)S(=O)(=O)O)S(=O)(=O)O,Unspecified,,,,Kd,,1585499,190,=,190000,nM,Outside typical range,,,,,,,,,,,,,,,,,,,,,,,,,,,,,,,,,,,,,,,,,,,,,,,,,,,,,,,,,,,,,,,,,,,,,Low-density lipoprotein receptor,9606.0,Homo sapiens,,C51H40N6O23S6,1297.3,,,,,,,,,,,,,,,,,,,,,,,,,,,,,,,,,,,,,,,,,,
RESULT_DESCR,,,,,,,,"Standardized activity type (i.e. Ki, IC50, Kd, or EC50)",,1919130,"PubChem standardized value transformed from the value of Ki, IC50, Kd, or EC50. The unit is always micromolar.","Qualifier (e.g. >, <, =) for PubChem Standard Value",,,,,,,,,,,,,,,,,,,,,,,,,,,,,,,,,,,,,,,,,,,,,,,,,,,,,,,,,,,,,,,,,,"Qualifier (e.g. >, <, =) for IC50",,Protein accession(s) of target,BindingDB Ligand,BindingDB Target,,Low-density lipoprotein receptor,9606.0,Homo sapiens,,,,,,,,,,,,,,,,,,,,,,,,,,,50.0,,,,,,,,,,,,,,,,,,
1,103249137,447905,C1=CC=C(C=C1)C(CN(CCCOC2=CC=CC(=C2)CC(=O)O)CC3=C(C(=CC=C3)C(F)(F)F)Cl)C4=CC=CC=C4,Active,,,,Kd,,1812739,6.97,=,6970,nM,,,,,,,,,,,,,,,,,,,,,,,,,,,,,,,,,,,,,,,,,,,,,,,,,,,,,,,,,,,,,,,,,,,,,,Low-density lipoprotein receptor,9606.0,Homo sapiens,,C33H31ClF3NO3,582.0,,,,,,,,,,,,,,,,,,,,,,,,,,,,,,,,,,,,,,,,,,
2,103575556,6437838,C/C=C(\C)/[C@@H]([C@H](C)/C=C(\C)/C=C/C/C(=C/CC1=C(C(=O)C(=C(N1)OC)OC)C)/C)O,Active,,,,Kd,,1812739,3.24,=,3240,nM,,,,,,,,,,,,,,,,,,,,,,,,,,,,,,,,,,,,,,,,,,,,,,,,,,,,,,,,,,,,,,,,,,,,,,Low-density lipoprotein receptor,9606.0,Homo sapiens,,C25H37NO4,415.6,,,,,,,,,,,,,,,,,,,,,,,,,,,,,,,,,,,,,,,,,,
3,381872833,44608046,C/C=C(\C)/[C@@H]([C@H](C)/C=C(\C)/C=C/C/C(=C/CC1=C(C(=O)C(=C(N1)OC)OC)C)/C)O[C@H]2[C@@H]([C@H]([C@@H]([C@H](O2)CO)O)O)O,Unspecified,,,,Kd,,1812739,3.492e+06,=,3.492e+09,nM,Outside typical range,,,,,,,,,,,,,,,,,,,,,,,,,,,,,,,,,,,,,,,,,,,,,,,,,,,,,,,,,,,,,,,,,,,,,Low-density lipoprotein receptor,9606.0,Homo sapiens,,C31H47NO9,577.7,,,,,,,,,,,,,,,,,,,,,,,,,,,,,,,,,,,,,,,,,,
4,440140419,101428705,CC1=C(NC(=C(C1=O)OC)OC)C/C=C(\C)/C/C=C/C(=C/[C@@H](C)[C@H](/C(=C/CO)/C)O[C@H]2[C@@H]([C@H]([C@@H]([C@H](O2)CO)O)O)O)/C,Unspecified,,,,Kd,,1812739,1.373e+06,=,1.373e+09,nM,Outside typical range,,,,,,,,,,,,,,,,,,,,,,,,,,,,,,,,,,,,,,,,,,,,,,,,,,,,,,,,,,,,,,,,,,,,,Low-density lipoprotein receptor,9606.0,Homo sapiens,,C31H47NO10,593.7,,,,,,,,,,,,,,,,,,,,,,,,,,,,,,,,,,,,,,,,,,
5,440194294,155555391,C/C=C(\C)/[C@@H]([C@H](C)/C=C(\C)/C=C/C/C(=C/CC1=C(C(=O)C(=C(N1)OC)OC)C)/C)O[C@H]2[C@@H]([C@H]([C@@H]([C@H](O2)CO[C@@H]3[C@@H]([C@H]([C@@H]([C@H](O3)CO)O)O)O)O)O)O,Unspecified,,,,Kd,,1812739,374900,=,3.749e+08,nM,Outside typical range,,,,,,,,,,,,,,,,,,,,,,,,,,,,,,,,,,,,,,,,,,,,,,,,,,,,,,,,,,,,,,,,,,,,,Low-density lipoprotein receptor,9606.0,Homo sapiens,,C37H57NO14,739.8,,,,,,,,,,,,,,,,,,,,,,,,,,,,,,,,,,,,,,,,,,
6,440209220,16086823,C/C=C(\C)/C(=O)[C@H](C)/C=C(\C)/C=C/C/C(=C/CC1=C(C(=O)C(=C(N1)OC)OC)C)/C,Active,,,,Kd,,1812739,7.22,=,7220,nM,,,,,,,,,,,,,,,,,,,,,,,,,,,,,,,,,,,,,,,,,,,,,,,,,,,,,,,,,,,,,,,,,,,,,,Low-density lipoprotein receptor,9606.0,Homo sapiens,,C25H35NO4,413.5,,,,,,,,,,,,,,,,,,,,,,,,,,,,,,,,,,,,,,,,,,
1,404678889,124221781,C[C@H]([C@@H](C(=O)N[C@@H](C(C)C)C(=O)N[C@@H](CC1=CC=CC=C1)C(=O)N[C@@H]([C@@H](C)O)C(=O)N[C@@H](CO)C(=O)N[C@@H](CC2=CNC3=CC=CC=C32)C(=O)N[C@@H](CCC(=O)O)C(=O)N[C@@H](CCC(=O)O)C(=O)N[C@@H](CC4=CC=C(C=C4)O)C(=O)N[C@@H](CC(C)C)C(=O)N[C@@H](CC(=O)O)C(=O)N[C@@H](CC5=CNC6=CC=CC=C65)C(=O)N[C@@H](C(C)C)C(=O)N)NC(=O)C)O,Active,,,,Kd,,1817665,9.7,=,9700,nM,,,,,,,,,,,,,,,,,,,,,,,,,,,,,,,,,,,,,,,,,,,,,,,,,,,,,,,,,,,,,,,,,,,,,,Low-density lipoprotein receptor,9606.0,Homo sapiens,,C83H110N16O24,1715.9,,,,,,,,,,,,,,,,,,,,,,,,,,,,,,,,,,,,,,,,,,
2,475977945,166625336,C[C@H]([C@@H](C(=O)N[C@@H](C(C)C)C(=O)N[C@@H](CC1=CC=CC=C1)C(=O)N[C@@H]([C@@H](C)O)C(=O)N[C@@H](CO)C(=O)N[C@@H](CC2=CNC3=CC=CC=C32)C(=O)N[C@@H](C)C(=O)N[C@@H](CCC(=O)O)C(=O)N[C@@H](CC4=CC=C(C=C4)O)C(=O)N[C@@H](CC(C)C)C(=O)N[C@@H](CC(=O)O)C(=O)N[C@@H](CC5=CNC6=CC=CC=C65)C(=O)N[C@@H](C(C)C)C(=O)N)NC(=O)C)O,Active,,,,Kd,,1817665,7,=,7000,nM,,,,,,,,,,,,,,,,,,,,,,,,,,,,,,,,,,,,,,,,,,,,,,,,,,,,,,,,,,,,,,,,,,,,,,Low-density lipoprotein receptor,9606.0,Homo sapiens,,C81H108N16O22,1657.8,,,,,,,,,,,,,,,,,,,,,,,,,,,,,,,,,,,,,,,,,,
4,475983709,166628138,CC(C)C[C@H]1C(=O)N[C@@H](CC(=O)NCCCC[C@@H](C(=O)N[C@H](C(=O)N[C@H](C(=O)N1)CC2=CC=C(C=C2)O)CCC(=O)O)NC(=O)[C@H](CC3=CNC4=CC=CC=C43)NC(=O)[C@H](CO)NC(=O)[C@H](CC(=O)N)NC(=O)[C@H](CC5=CC=CC=C5)NC(=O)[C@H](C(C)C)NC(=O)[C@H](CC6=CN=CN6)NC(=O)C)C(=O)N[C@@H](CC7=CNC8=CC=CC=C87)C(=O)N[C@@H](C(C)C)C(=O)NC(CCCCN)C(=O)NC(CCCCN)C(=O)NC(CCCCN)C(=O)N,Active,,,,Kd,,1817665,0.757,=,757,nM,,,,,,,,,,,,,,,,,,,,,,,,,,,,,,,,,,,,,,,,,,,,,,,,,,,,,,,,,,,,,,,,,,,,,,Low-density lipoprotein receptor,9606.0,Homo sapiens,,C104H148N26O23,2130.4,,,,,,,,,,,,,,,,,,,,,,,,,,,,,,,,,,,,,,,,,,
5,475983842,166628203,C[C@H]([C@@H](C(=O)N[C@@H](C(C)C)C(=O)N[C@@H](CC1=CC=CC=C1)C(=O)N[C@@H]([C@@H](C)O)C(=O)N[C@@H](CO)C(=O)N[C@@H](CC2=CNC3=CC=CC=C32)C(=O)N[C@H]4CCCCNC(=O)C[C@H](NC(=O)[C@@H](NC(=O)[C@@H](NC(=O)[C@@H](NC4=O)CCC(=O)O)CC5=CC=C(C=C5)O)CC(C)C)C(=O)N[C@@H](CC6=CNC7=CC=CC=C76)C(=O)N[C@@H](C(C)C)C(=O)N)NC(=O)C)O,Active,,,,Kd,,1817665,3.9,=,3900,nM,,,,,,,,,,,,,,,,,,,,,,,,,,,,,,,,,,,,,,,,,,,,,,,,,,,,,,,,,,,,,,,,,,,,,,Low-density lipoprotein receptor,9606.0,Homo sapiens,,C84H113N17O21,1696.9,,,,,,,,,,,,,,,,,,,,,,,,,,,,,,,,,,,,,,,,,,
6,475983973,166628269,C[C@H]([C@@H](C(=O)N[C@@H](C(C)C)C(=O)N[C@@H](CC1=CC=CC=C1)C(=O)N[C@@H]([C@@H](C)O)C(=O)N[C@@H](CO)C(=O)N[C@@H](CC2=CNC3=CC=CC=C32)C(=O)N[C@@H](CCC(=O)O)C(=O)N[C@@H](CCC(=O)O)C(=O)N[C@@H](CC4=CC=C(C=C4)O)C(=O)N[C@@H](CC(C)C)C(=O)N[C@@H](CC(=O)O)C(=O)N[C@@H](CC5=CNC6=CC=CC=C65)C(=O)N[C@@H](C(C)C)C(=O)N[C@@H](CCCCN)C(=O)N[C@@H](CCCCN)C(=O)N[C@@H](CCCCN)C(=O)N)NC(=O)C)O,Active,,,,Kd,,1817665,1.6,=,1600,nM,,,,,,,,,,,,,,,,,,,,,,,,,,,,,,,,,,,,,,,,,,,,,,,,,,,,,,,,,,,,,,,,,,,,,,Low-density lipoprotein receptor,9606.0,Homo sapiens,,C101H146N22O27,2100.4,,,,,,,,,,,,,,,,,,,,,,,,,,,,,,,,,,,,,,,,,,
7,475984152,166628361,CC(C)C[C@@H](C(=O)N[C@@H](CC(=O)O)C(=O)N[C@@H](CC1=CNC2=CC=CC=C21)C(=O)N[C@@H](C(C)C)C(=O)N[C@@H](CCCN)C(=O)N[C@@H](CCCCN)C(=O)N[C@@H](CCCCN)C(=O)N[C@@H](CCCCN)C(=O)N[C@@H](CCCCN)C(=O)N[C@@H](CCCCN)C(=O)N)NC(=O)[C@H](CC3=CC=C(C=C3)O)NC(=O)[C@H](CCC(=O)O)NC(=O)[C@H](CCC(=O)O)NC(=O)[C@H](CC4=CNC5=CC=CC=C54)NC(=O)[C@H](CO)NC(=O)[C@H](CC(=O)N)NC(=O)[C@H](CC6=CC=CC=C6)NC(=O)[C@H](C(C)C)NC(=O)[C@H](CC7=CN=CN7)NC(=O)C,Active,,,,Kd,,1817665,0.264,=,264,nM,,,,,,,,,,,,,,,,,,,,,,,,,,,,,,,,,,,,,,,,,,,,,,,,,,,,,,,,,,,,,,,,,,,,,,Low-density lipoprotein receptor,9606.0,Homo sapiens,,C120H179N31O29,2519.9,,,,,,,,,,,,,,,,,,,,,,,,,,,,,,,,,,,,,,,,,,
8,475984989,166628797,CC(C)C[C@H]1C(=O)N[C@@H](CC(=O)NCCCC[C@@H](C(=O)N[C@H](C(=O)N[C@H](C(=O)N1)CC2=CC=C(C=C2)O)CCC(=O)O)NC(=O)[C@H](CC3=CNC4=CC=CC=C43)NC(=O)[C@H](CO)NC(=O)[C@H](CC(=O)N)NC(=O)[C@H](CC5=CC=CC=C5)NC(=O)[C@H](C(C)C)NC(=O)[C@H](CC6=CN=CN6)NC(=O)C)C(=O)N[C@@H](CC7=CNC8=CC=CC=C87)C(=O)N[C@@H](C(C)C)C(=O)N[C@@H](CCCCN)C(=O)N[C@@H](CCCCN)C(=O)N[C@@H](CCCCN)C(=O)N[C@@H](CCCCN)C(=O)N[C@@H](CCCCN)C(=O)N[C@@H](CCCCN)C(=O)N,Active,,,,Kd,,1817665,0.019,=,19,nM,,,,,,,,,,,,,,,,,,,,,,,,,,,,,,,,,,,,,,,,,,,,,,,,,,,,,,,,,,,,,,,,,,,,,,Low-density lipoprotein receptor,9606.0,Homo sapiens,,C122H184N32O26,2515.0,,,,,,,,,,,,,,,,,,,,,,,,,,,,,,,,,,,,,,,,,,
9,475985835,166629232,CC(C)C[C@@H](C(=O)N[C@@H](CC(=O)O)C(=O)N[C@@H](CC1=CNC2=CC=CC=C21)C(=O)N[C@@H](C(C)C)C(=O)NC(CCCCN)C(=O)NC(CCCCN)C(=O)NC(CCCCN)C(=O)N)NC(=O)[C@H](CC3=CC=C(C=C3)O)NC(=O)[C@H](CCC(=O)O)NC(=O)[C@H](CCC(=O)O)NC(=O)[C@H](CC4=CNC5=CC=CC=C54)NC(=O)[C@H](CO)NC(=O)[C@H](CC(=O)N)NC(=O)[C@H](CC6=CC=CC=C6)NC(=O)[C@H](C(C)C)NC(=O)[C@H](CC7=CN=CN7)NC(=O)C,Active,,,,Kd,,1817665,1.1,=,1100,nM,,,,,,,,,,,,,,,,,,,,,,,,,,,,,,,,,,,,,,,,,,,,,,,,,,,,,,,,,,,,,,,,,,,,,,Low-density lipoprotein receptor,9606.0,Homo sapiens,,C103H145N25O26,2149.4,,,,,,,,,,,,,,,,,,,,,,,,,,,,,,,,,,,,,,,,,,
10,475986131,166629375,CC(C)C[C@@H](C(=O)N[C@@H](CC(=O)O)C(=O)N[C@@H](CC1=CNC2=CC=CC=C21)C(=O)N[C@@H](C(C)C)C(=O)N)NC(=O)[C@H](CC3=CC=C(C=C3)O)NC(=O)[C@H](CCC(=O)O)NC(=O)[C@H](CCC(=O)O)NC(=O)[C@H](CC4=CNC5=CC=CC=C54)NC(=O)[C@H](CO)NC(=O)[C@H](CCCN)NC(=O)[C@H](CC6=CC=CC=C6)NC(=O)[C@H](C(C)C)NC(=O)[C@H](CC7=CN=CN7)NC(=O)C,Active,,,,Kd,,1817665,1.1,=,1100,nM,,,,,,,,,,,,,,,,,,,,,,,,,,,,,,,,,,,,,,,,,,,,,,,,,,,,,,,,,,,,,,,,,,,,,,Low-density lipoprotein receptor,9606.0,Homo sapiens,,C86H113N19O22,1764.9,,,,,,,,,,,,,,,,,,,,,,,,,,,,,,,,,,,,,,,,,,
11,475986869,166629739,CC(C)C[C@@H](C(=O)N[C@@H](CC(=O)O)C(=O)N[C@@H](CC1=CNC2=CC=CC=C21)C(=O)N[C@@H](C(C)C)C(=O)N)NC(=O)[C@H](CC3=CC=C(C=C3)O)NC(=O)[C@H](CCC(=O)O)NC(=O)[C@H](CCC(=O)O)NC(=O)[C@H](CC4=CNC5=CC=CC=C54)NC(=O)[C@H](CO)NC(=O)[C@H](CCCCN)NC(=O)[C@H](CC6=CC=CC=C6)NC(=O)[C@H](C(C)C)NC(=O)[C@H](CC7=CN=CN7)NC(=O)C,Active,,,,Kd,,1817665,1.2,=,1200,nM,,,,,,,,,,,,,,,,,,,,,,,,,,,,,,,,,,,,,,,,,,,,,,,,,,,,,,,,,,,,,,,,,,,,,,Low-density lipoprotein receptor,9606.0,Homo sapiens,,C87H115N19O22,1779.0,,,,,,,,,,,,,,,,,,,,,,,,,,,,,,,,,,,,,,,,,,
12,475988503,166630524,C[C@H]([C@@H](C(=O)N[C@@H](C(C)C)C(=O)N[C@@H](CC1=CC=CC=C1)C(=O)N[C@@H]([C@@H](C)O)C(=O)N[C@@H](CO)C(=O)N[C@@H](CC2=CNC3=CC=CC=C32)C(=O)N[C@H]4CCCCNC(=O)C[C@H](NC(=O)[C@@H](NC(=O)[C@@H](NC(=O)[C@@H](NC4=O)CCC(=O)O)CC5=CC=C(C=C5)O)CC(C)C)C(=O)N[C@@H](CC6=CNC7=CC=CC=C76)C(=O)N[C@@H](C(C)C)C(=O)N[C@@H](CCCCN)C(=O)N[C@@H](CCCCN)C(=O)N[C@@H](CCCCN)C(=O)N)NC(=O)C)O,Active,,,,Kd,,1817665,1,=,1000,nM,,,,,,,,,,,,,,,,,,,,,,,,,,,,,,,,,,,,,,,,,,,,,,,,,,,,,,,,,,,,,,,,,,,,,,Low-density lipoprotein receptor,9606.0,Homo sapiens,,C102H149N23O24,2081.4,,,,,,,,,,,,,,,,,,,,,,,,,,,,,,,,,,,,,,,,,,
13,475989683,166631136,CC(C)C[C@@H](C(=O)N[C@@H](CC(=O)O)C(=O)N[C@@H](CC1=CNC2=CC=CC=C21)C(=O)N[C@@H](C(C)C)C(=O)N)NC(=O)[C@H](CC3=CC=C(C=C3)O)NC(=O)[C@H](CCC(=O)O)NC(=O)[C@H](CCC(=O)O)NC(=O)[C@H](CC4=CNC5=CC=CC=C54)NC(=O)[C@H](CO)NC(=O)[C@H](CC(=O)N)NC(=O)[C@H](CC6=CC=CC=C6)NC(=O)[C@H](C(C)C)NC(=O)[C@H](CC7=CN=CN7)NC(=O)C,Active,,,,Kd,,1817665,3.9,=,3900,nM,,,,,,,,,,,,,,,,,,,,,,,,,,,,,,,,,,,,,,,,,,,,,,,,,,,,,,,,,,,,,,,,,,,,,,Low-density lipoprotein receptor,9606.0,Homo sapiens,,C85H109N19O23,1764.9,,,,,,,,,,,,,,,,,,,,,,,,,,,,,,,,,,,,,,,,,,
14,475990168,166631381,C[C@H]([C@@H](C(=O)N[C@@H](C(C)C)C(=O)N[C@@H](CC1=CC=CC=C1)C(=O)N[C@@H]([C@@H](C)O)C(=O)N[C@@H](CO)C(=O)N[C@@H](CC2=CNC3=CC=CC=C32)C(=O)N[C@]4(CCC/C=C\CCC[C@@](NC(=O)[C@@H](NC(=O)[C@@H](NC(=O)[C@@H](NC4=O)CCC(=O)O)CC5=CC=C(C=C5)O)CC(C)C)(C)C(=O)N[C@@H](CC6=CNC7=CC=CC=C76)C(=O)N[C@@H](C(C)C)C(=O)N)C)NC(=O)C)O,Active,,,,Kd,,1817665,6.5,=,6500,nM,,,,,,,,,,,,,,,,,,,,,,,,,,,,,,,,,,,,,,,,,,,,,,,,,,,,,,,,,,,,,,,,,,,,,,Low-density lipoprotein receptor,9606.0,Homo sapiens,,C88H120N16O20,1722.0,,,,,,,,,,,,,,,,,,,,,,,,,,,,,,,,,,,,,,,,,,
16,475990980,166631774,C[C@H]([C@@H](C(=O)N[C@@H](C(C)C)C(=O)N[C@@H](CC1=CC=CC=C1)C(=O)N[C@@H]([C@@H](C)O)C(=O)N[C@@H](CO)C(=O)N[C@@H](CC2=CNC3=CC=CC=C32)C(=O)N[C@H]4CCCCNC(=O)C[C@H](NC(=O)[C@@H](NC(=O)[C@@H](NC(=O)[C@@H](NC4=O)CCC(=O)O)CC5=CC=C(C=C5)O)CC(C)C)C(=O)N[C@@H](CC6=CNC7=CC=CC=C76)C(=O)N[C@@H](C(C)C)C(=O)N[C@@H](CCCCN)C(=O)N[C@@H](CCCCN)C(=O)N[C@@H](C)C(=O)N[C@@H](CCCCN)C(=O)N[C@@H](CCCCN)C(=O)N[C@H](CCCCN)C(=O)N)NC(=O)C)O,Active,,,,Kd,,1817665,0.133,=,133,nM,,,,,,,,,,,,,,,,,,,,,,,,,,,,,,,,,,,,,,,,,,,,,,,,,,,,,,,,,,,,,,,,,,,,,,Low-density lipoprotein receptor,9606.0,Homo sapiens,,C117H178N28O27,2408.8,,,,,,,,,,,,,,,,,,,,,,,,,,,,,,,,,,,,,,,,,,
17,475992350,166632448,CC(C)C[C@H]1C(=O)N[C@](CCC/C=C\CCC[C@](C(=O)N[C@H](C(=O)N[C@H](C(=O)N1)CC2=CC=C(C=C2)O)CCC(=O)O)(C)NC(=O)[C@H](CC3=CNC4=CC=CC=C43)NC(=O)[C@H](CO)NC(=O)[C@H](CCCNC(=N)N)NC(=O)[C@H](CC5=CC=CC=C5)NC(=O)[C@H](C(C)C)NC(=O)[C@H](CC6=CN=CN6)NC(=O)C)(C)C(=O)N[C@@H](CC7=CNC8=CC=CC=C87)C(=O)N[C@@H](C(C)C)C(=O)N[C@@H](CCCCN)C(=O)N[C@@H](CCCCN)C(=O)N[C@@H](CCCCN)C(=O)N[C@@H](CCCCN)C(=O)N[C@@H](CCCCN)C(=O)N[C@@H](CCCCN)C(=O)N,Active,,,,Kd,,1817665,0.007,=,7,nM,,,,,,,,,,,,,,,,,,,,,,,,,,,,,,,,,,,,,,,,,,,,,,,,,,,,,,,,,,,,,,,,,,,,,,Low-density lipoprotein receptor,9606.0,Homo sapiens,,C128H197N33O24,2582.1,,,,,,,,,,,,,,,,,,,,,,,,,,,,,,,,,,,,,,,,,,
18,475992570,166632559,C[C@H]([C@@H](C(=O)N[C@@H](C(C)C)C(=O)N[C@@H](CC1=CC=CC=C1)C(=O)N[C@@H]([C@@H](C)O)C(=O)N[C@@H](CO)C(=O)N[C@@H](CC2=CNC3=CC=CC=C32)C(=O)N[C@@H](CCC(=O)O)C(=O)N[C@@H](CCC(=O)O)C(=O)N[C@@H](CC4=CC=C(C=C4)O)C(=O)N[C@@H](CC(C)C)C(=O)NC(C)C(=O)N[C@@H](CC5=CNC6=CC=CC=C65)C(=O)N[C@@H](C(C)C)C(=O)N[C@@H](CCCCN)C(=O)N[C@@H](CCCCN)C(=O)N[C@@H](CCCCN)C(=O)N[C@@H](CCCCN)C(=O)N[C@@H](CCCCN)C(=O)N[C@@H](CCCCN)C(=O)N)NC(=O)C)O,Active,,,,Kd,,1817665,0.0725,=,72.5,nM,,,,,,,,,,,,,,,,,,,,,,,,,,,,,,,,,,,,,,,,,,,,,,,,,,,,,,,,,,,,,,,,,,,,,,Low-density lipoprotein receptor,9606.0,Homo sapiens,,C118H182N28O28,2440.9,,,,,,,,,,,,,,,,,,,,,,,,,,,,,,,,,,,,,,,,,,
19,475992751,166632643,C[C@H]([C@@H](C(=O)N[C@@H](C(C)C)C(=O)N[C@@H](CC1=CC=CC=C1)C(=O)N[C@@H]([C@@H](C)O)C(=O)N[C@@H](CO)C(=O)N[C@@H](CC2=CNC3=CC=CC=C32)C(=O)N[C@H]4CCCCNC(=O)C[C@H](NC(=O)[C@@H](NC(=O)[C@@H](NC(=O)[C@@H](NC4=O)CCC(=O)O)CC5=CC=C(C=C5)O)CC(C)C)C(=O)N[C@@H](CC6=CNC7=CC=CC=C76)C(=O)N[C@@H](C(C)C)C(=O)N[C@@H](CCCCN)C(=O)N[C@@H](CCCCN)C(=O)N[C@@H](CCCCN)C(=O)N[C@@H](CCCCN)C(=O)N[C@@H](CCCCN)C(=O)N[C@@H](CCCCN)C(=O)N)NC(=O)C)O,Active,,,,Kd,,1817665,0.025,=,25,nM,,,,,,,,,,,,,,,,,,,,,,,,,,,,,,,,,,,,,,,,,,,,,,,,,,,,,,,,,,,,,,,,,,,,,,Low-density lipoprotein receptor,9606.0,Homo sapiens,,C120H185N29O27,2465.9,,,,,,,,,,,,,,,,,,,,,,,,,,,,,,,,,,,,,,,,,,
20,475995186,166633842,CC(C)C[C@@H](C(=O)N[C@@H](CC(=O)O)C(=O)N[C@@H](CC1=CNC2=CC=CC=C21)C(=O)N[C@@H](C(C)C)C(=O)N)NC(=O)[C@H](CC3=CC=C(C=C3)O)NC(=O)[C@H](CCC(=O)O)NC(=O)[C@H](CCC(=O)O)NC(=O)[C@H](CC4=CNC5=CC=CC=C54)NC(=O)[C@H](CO)NC(=O)[C@H](CCCNC(=N)N)NC(=O)[C@H](CC6=CC=CC=C6)NC(=O)[C@H](C(C)C)NC(=O)[C@H](CC7=CN=CN7)NC(=O)C,Active,,,,Kd,,1817665,0.865,=,865,nM,,,,,,,,,,,,,,,,,,,,,,,,,,,,,,,,,,,,,,,,,,,,,,,,,,,,,,,,,,,,,,,,,,,,,,Low-density lipoprotein receptor,9606.0,Homo sapiens,,C87H115N21O22,1807.0,,,,,,,,,,,,,,,,,,,,,,,,,,,,,,,,,,,,,,,,,,
21,475995494,166633999,CC(C)C[C@H]1C(=O)N[C@@H](CC(=O)NCCCC[C@@H](C(=O)N[C@H](C(=O)N[C@H](C(=O)N1)CC2=CC=C(C=C2)O)CCC(=O)O)NC(=O)[C@H](CC3=CNC4=CC=CC=C43)NC(=O)[C@H](CO)NC(=O)[C@H](CC(=O)N)NC(=O)[C@H](CC5=CC=CC=C5)NC(=O)[C@H](C(C)C)NC(=O)[C@H](CC6=CN=CN6)NC(=O)C)C(=O)N[C@@H](CC7=CNC8=CC=CC=C87)C(=O)N[C@@H](C(C)C)C(=O)N,Active,,,,Kd,,1817665,5.3,=,5300,nM,,,,,,,,,,,,,,,,,,,,,,,,,,,,,,,,,,,,,,,,,,,,,,,,,,,,,,,,,,,,,,,,,,,,,,Low-density lipoprotein receptor,9606.0,Homo sapiens,,C86H112N20O20,1745.9,,,,,,,,,,,,,,,,,,,,,,,,,,,,,,,,,,,,,,,,,,
22,475998785,166635650,CC(C)C[C@H]1C(=O)N[C@@H](CC(=O)NCCCC[C@@H](C(=O)N[C@H](C(=O)N[C@H](C(=O)N1)CC2=CC=C(C=C2)O)CCC(=O)O)NC(=O)[C@H](CC3=CNC4=CC=CC=C43)NC(=O)[C@H](CO)NC(=O)[C@H](CCCCN)NC(=O)[C@H](CC5=CC=CC=C5)NC(=O)[C@H](C(C)C)NC(=O)[C@H](CC6=CN=CN6)NC(=O)C)C(=O)N[C@@H](CC7=CNC8=CC=CC=C87)C(=O)N[C@@H](C(C)C)C(=O)N[C@@H](CCCCN)C(=O)N[C@@H](CCCCN)C(=O)N[C@@H](CCCCN)C(=O)N[C@@H](CCCCN)C(=O)N[C@@H](CCCCN)C(=O)N[C@@H](CCCCN)C(=O)N,Active,,,,Kd,,1817665,0.006,=,6,nM,,,,,,,,,,,,,,,,,,,,,,,,,,,,,,,,,,,,,,,,,,,,,,,,,,,,,,,,,,,,,,,,,,,,,,Low-density lipoprotein receptor,9606.0,Homo sapiens,,C124H190N32O25,2529.0,,,,,,,,,,,,,,,,,,,,,,,,,,,,,,,,,,,,,,,,,,
23,475999234,166635870,C[C@H]([C@@H](C(=O)N[C@@H](C(C)C)C(=O)N[C@@H](CC1=CC=CC=C1)C(=O)N[C@@H]([C@@H](C)O)C(=O)N[C@@H](CO)C(=O)N[C@@H](CC2=CNC3=CC=CC=C32)C(=O)N[C@@H](CCC(=O)O)C(=O)N[C@@H](CCC(=O)O)C(=O)N[C@@H](CC4=CC=C(C=C4)O)C(=O)N[C@@H](CC(C)C)C(=O)N[C@@H](C)C(=O)N[C@@H](CC5=CNC6=CC=CC=C65)C(=O)N[C@@H](C(C)C)C(=O)N)NC(=O)C)O,Active,,,,Kd,,1817665,8.6,=,8600,nM,,,,,,,,,,,,,,,,,,,,,,,,,,,,,,,,,,,,,,,,,,,,,,,,,,,,,,,,,,,,,,,,,,,,,,Low-density lipoprotein receptor,9606.0,Homo sapiens,,C82H110N16O22,1671.8,,,,,,,,,,,,,,,,,,,,,,,,,,,,,,,,,,,,,,,,,,
24,476000066,166636273,C[C@H]([C@@H](C(=O)N[C@@H](C(C)C)C(=O)N[C@@H](CC1=CC=CC=C1)C(=O)N[C@@H]([C@@H](C)O)C(=O)N[C@@H](CO)C(=O)N[C@@H](CC2=CNC3=CC=CC=C32)C(=O)N[C@@H](CCC(=O)O)C(=O)N[C@@H](CCC(=O)O)C(=O)N[C@@H](CC4=CC=C(C=C4)O)C(=O)N[C@@H](CC(C)C)C(=O)N[C@@H](CC(=O)O)C(=O)N[C@@H](CC5=CNC6=CC=CC=C65)C(=O)N[C@@H](C(C)C)C(=O)N[C@@H](CCCCN)C(=O)N[C@@H](CCCCN)C(=O)N[C@@H](CCCCN)C(=O)N[C@@H](CCCCN)C(=O)N[C@@H](CCCCN)C(=O)N[C@@H](CCCCN)C(=O)N)NC(=O)C)O,Active,,,,Kd,,1817665,0.424,=,424,nM,,,,,,,,,,,,,,,,,,,,,,,,,,,,,,,,,,,,,,,,,,,,,,,,,,,,,,,,,,,,,,,,,,,,,,Low-density lipoprotein receptor,9606.0,Homo sapiens,,C119H182N28O30,2484.9,,,,,,,,,,,,,,,,,,,,,,,,,,,,,,,,,,,,,,,,,,
1,404678889,124221781,C[C@H]([C@@H](C(=O)N[C@@H](C(C)C)C(=O)N[C@@H](CC1=CC=CC=C1)C(=O)N[C@@H]([C@@H](C)O)C(=O)N[C@@H](CO)C(=O)N[C@@H](CC2=CNC3=CC=CC=C32)C(=O)N[C@@H](CCC(=O)O)C(=O)N[C@@H](CCC(=O)O)C(=O)N[C@@H](CC4=CC=C(C=C4)O)C(=O)N[C@@H](CC(C)C)C(=O)N[C@@H](CC(=O)O)C(=O)N[C@@H](CC5=CNC6=CC=CC=C65)C(=O)N[C@@H](C(C)C)C(=O)N)NC(=O)C)O,Active,,,,Kd,,1933138,0.7,=,700,nM,,,,,,,,,,,,,,,,,,,,,,,,,,,,,,,,,,,,,,,,,,,,,,,,,,,,,,,,,,,,,,,,,,,,,,Low-density lipoprotein receptor,9606.0,Homo sapiens,,C83H110N16O24,1715.9,,,,,,,,,,,,,,,,,,,,,,,,,,,,,,,,,,,,,,,,,,
2,404681980,145969980,CC[C@H](C)[C@@H](C(=O)NCC(=O)N[C@@H](CC(C)C)C(=O)N[C@@H](CC(C)C)C(=O)N[C@@H](CCCNC(=N)N)C(=O)O)NC(=O)[C@H](CCCCNC(=N)N)NC(=O)[C@H](C(C)C)NC(=O)[C@H](CC(C)C)NC(=O)[C@H](CC(=O)N)NC(=O)[C@H](CC1=CNC2=CC=CC=C21)NC(=O)CNC(=O)[C@@H]3CCCN3C(=O)[C@H](CC4=CC=CC=C4)NC(=O)[C@H](CO)NC(=O)[C@H](CCC(=O)O)NC(=O)[C@H](CCSC)N,Active,,,,Kd,,1933138,0.7,=,700,nM,,,,,,,,,,,,,,,,,,,,,,,,,,,,,,,,,,,,,,,,,,,,,,,,,,,,,,,,,,,,,,,,,,,,,,Low-density lipoprotein receptor,9606.0,Homo sapiens,,C88H140N24O21S,1902.3,,,,,,,,,,,,,,,,,,,,,,,,,,,,,,,,,,,,,,,,,,
3,494396599,171343517,C[C@H]1C(=O)N[C@H](C(=O)N([C@H](C(=O)N[C@H](C(=O)N[C@H](C(=O)N2CCC[C@H]2C(=O)N[C@@H](CSCC(=O)N[C@H](C(=O)N[C@H](C(=O)N[C@H](C(=O)N[C@H](C(=O)N[C@H](C(=O)N[C@H](C(=O)N1C)CC3=CC=C(C=C3)C4=CC=CC=C4)[C@@H](C)O)[C@@H](C)O)CO)C(C)C)CC5=CC=CC=C5)C(=O)NCC(=O)N)CCCNC(=N)N)CC(=O)O)C)C)CC6=CC=C(C=C6)C7=CC=CC=C7,Active,,,,Kd,,1933138,0.0003,=,0.3,nM,,,,,,,,,,,,,,,,,,,,,,,,,,,,,,,,,,,,,,,,,,,,,,,,,,,,,,,,,,,,,,,,,,,,,,Low-density lipoprotein receptor,9606.0,Homo sapiens,,C85H112N18O20S,1738.0,,,,,,,,,,,,,,,,,,,,,,,,,,,,,,,,,,,,,,,,,,
4,494402304,171347090,CC[C@H](C)[C@@H](C(=O)NCC(=O)N[C@@H](CC1=CC=C(C=C1)O)C(=O)N[C@@H](CCC(=O)O)C(=O)N[C@@H](CS)C(=O)N[C@@H](CC(C)C)C(=O)O)NC(=O)[C@H](CCCCN)NC(=O)[C@H](CC(C)C)NC(=O)[C@H](CC(=O)O)NC(=O)[C@H](CC(=O)N)NC(=O)[C@H](CS)NC(=O)[C@H](C(C)C)NC(=O)[C@H](CC2=CNC=N2)NC(=O)[C@H](CO)NC(=O)[C@H](CS)NC(=O)CNC(=O)CNC(=O)[C@H](CC(=O)N)NC(=O)[C@H](CC3=CNC4=CC=CC=C43)NC(=O)[C@H](CC5=CC=C(C=C5)O)NC(=O)[C@@H]6CCCN6C(=O)[C@H](CCC(=O)O)NC(=O)[C@H](CC7=CNC8=CC=CC=C87)NC(=O)[C@@H]9CCCN9C(=O)[C@H](CC1=CC=C(C=C1)O)NC(=O)[C@H](CCCCN)NC(=O)[C@H](CO)NC(=O)[C@H](CO)NC(=O)[C@H](CC(C)C)NC(=O)[C@H](CS)NC(=O)[C@H](CCC(=O)O)NC(=O)[C@H](CC(=O)N)NC(=O)[C@H]([C@@H](C)O)NC(=O)CN,Active,,,,Kd,,1933138,0.015,=,15,nM,,,,,,,,,,,,,,,,,,,,,,,,,,,,,,,,,,,,,,,,,,,,,,,,,,,,,,,,,,,,,,,,,,,,,,Low-density lipoprotein receptor,9606.0,Homo sapiens,,C170H245N43O53S4,3867.0,,,,,,,,,,,,,,,,,,,,,,,,,,,,,,,,,,,,,,,,,,
5,494413071,171353412,CC[C@H](C)[C@@H](C(=O)NCC(=O)N[C@@H](CC(C)C)C(=O)N1CCC[C@H]1C(=O)N[C@@H](CS)C(=O)O)NC(=O)[C@H](CCC(=O)N)NC(=O)[C@H](CC(C)C)NC(=O)[C@H](CC(=O)N)NC(=O)[C@H](CC2=CNC3=CC=CC=C32)NC(=O)[C@@H]4CCCN4C(=O)[C@H](CC(C)C)NC(=O)[C@H](CCCNC(=N)N)NC(=O)[C@H](CS)NC(=O)CNC(=O)[C@H](CO)NC(=O)CNC(=O)[C@H](C(C)C)NC(=O)[C@H](CC5=CNC6=CC=CC=C65)NC(=O)[C@H](CC(=O)O)NC(=O)[C@H](CC(C)C)NC(=O)[C@H](CC7=CC=C(C=C7)O)NC(=O)[C@H](CCC(=O)O)NC(=O)[C@H](CCC(=O)O)NC(=O)[C@H](CC8=CNC9=CC=CC=C98)NC(=O)[C@H](CO)NC(=O)[C@H]([C@@H](C)O)NC(=O)[C@H](CC1=CC=CC=C1)NC(=O)[C@H](C(C)C)NC(=O)[C@H]([C@@H](C)O)N,Active,,,,Kd,,1933138,0.0055,=,5.5,nM,,,,,,,,,,,,,,,,,,,,,,,,,,,,,,,,,,,,,,,,,,,,,,,,,,,,,,,,,,,,,,,,,,,,,,Low-density lipoprotein receptor,9606.0,Homo sapiens,,C156H225N37O43S2,3370.8,,,,,,,,,,,,,,,,,,,,,,,,,,,,,,,,,,,,,,,,,,
6,494420245,166954102,CCNC(=O)[C@@H]1CSCC(=O)N[C@H](C(=O)N[C@H](C(=O)N2CCC[C@H]2C(=O)N[C@H](C(=O)N[C@H](C(=O)N[C@H](C(=O)N([C@H](C(=O)N[C@H](C(=O)N([C@H](C(=O)N[C@H](C(=O)N[C@H](C(=O)N3CCC[C@H]3C(=O)N1)C)CCC(=O)O)C)C)CC4=CC=C(C=C4)C5=CC=CC=C5)C)C)CC6=CC=C(C=C6)C7=CC=CC=C7)[C@@H](C)O)[C@@H](C)O)C(C)C)CC8=CC=CC=C8,Active,,,,Kd,,1933138,0.0061,=,6.1,nM,,,,,,,,,,,,,,,,,,,,,,,,,,,,,,,,,,,,,,,,,,,,,,,,,,,,,,,,,,,,,,,,,,,,,,Low-density lipoprotein receptor,9606.0,Homo sapiens,,C85H110N14O18S,1647.9,,,,,,,,,,,,,,,,,,,,,,,,,,,,,,,,,,,,,,,,,,
7,494420270,171357382,CC[C@H](C)[C@@H](C(=O)NCC(=O)N[C@@H](CC(C)C)C(=O)N[C@@H](CC(C)C)C(=O)N[C@@H](CCCN=C(N)N)C(=O)O)NC(=O)[C@H](CCCCN=C(N)N)NC(=O)[C@H](CCCCN)NC(=O)[C@H](CC(C)C)NC(=O)[C@H](CC(=O)N)NC(=O)[C@H](CC1=CNC2=CC=CC=C21)NC(=O)C3(CCC(CC3)C4=CC=CC=C4)N,Active,,,,Kd,,1933138,0.39,=,390,nM,,,,,,,,,,,,,,,,,,,,,,,,,,,,,,,,,,,,,,,,,,,,,,,,,,,,,,,,,,,,,,,,,,,,,,Low-density lipoprotein receptor,9606.0,Homo sapiens,,C73H118N20O13,1483.8,,,,,,,,,,,,,,,,,,,,,,,,,,,,,,,,,,,,,,,,,,
8,494423601,171358270,CC[C@H](C)[C@@H](C(=O)NCC(=O)N[C@@H](CC1=CC=C(C=C1)O)C(=O)N[C@@H](CCC(=O)O)C(=O)N[C@@H](CS)C(=O)N[C@@H](CC(C)C)C(=O)N[C@@H](CS)C(=O)N2CCC[C@H]2C(=O)N[C@@H](CC(=O)O)C(=O)NCC(=O)N[C@@H](CC3=CC=CC=C3)C(=O)N[C@@H](CCC(=O)N)C(=O)N[C@@H](CC(C)C)C(=O)N[C@@H](C(C)C)C(=O)N[C@@H](C)C(=O)N[C@@H](CCC(=O)N)C(=O)N[C@@H](CCCNC(=N)N)C(=O)N[C@@H](CCCNC(=N)N)C(=O)N[C@@H](CS)C(=O)N[C@@H](CCC(=O)O)C(=O)O)NC(=O)[C@H](CCCCN)NC(=O)[C@H](CC(C)C)NC(=O)[C@H](CC(=O)O)NC(=O)[C@H](CC(=O)N)NC(=O)[C@H](CS)NC(=O)[C@H](C(C)C)NC(=O)[C@H](CC4=CNC=N4)NC(=O)[C@H](CO)NC(=O)[C@H](CS)NC(=O)CNC(=O)CNC(=O)[C@H](CC(=O)N)NC(=O)[C@H](CC(=O)N)NC(=O)[C@H](CC(=O)O)NC(=O)[C@H](CC(C)C)NC(=O)[C@H](CS)NC(=O)[C@H](CCC(=O)O)NC(=O)[C@H](CC(=O)N)NC(=O)[C@H]([C@@H](C)O)NC(=O)CN,Active,,,,Kd,,1933138,1,=,1000,nM,,,,,,,,,,,,,,,,,,,,,,,,,,,,,,,,,,,,,,,,,,,,,,,,,,,,,,,,,,,,,,,,,,,,,,Low-density lipoprotein receptor,9606.0,Homo sapiens,,C178H281N55O62S6,4376.0,,,,,,,,,,,,,,,,,,,,,,,,,,,,,,,,,,,,,,,,,,
1,103762193,73802,CN(C)C1=CC2=C(C=C1)NC3=C(O2)C(=O)C(=O)C=C3C(=O)O,Active,,,,Kd,,1894739,0.47,=,470,nM,,,,,,,,,,,,,,,,,,,,,,,,,,,,,,,,,,,,,,,,,,,,,,,,,,,,,,,,,,,,,,,,,,,,,,Low-density lipoprotein receptor,9606.0,Homo sapiens,,C15H12N2O5,300.27,,,,,,,,,,,,,,,,,,,,,,,,,,,,,,,,,,,,,,,,,,
1,242112710,4466,C1=CC(=CC(=C1)NC(=O)NC2=CC=CC(=C2)C(=O)NC3=C4C(=CC(=CC4=C(C=C3)S(=O)(=O)O)S(=O)(=O)O)S(=O)(=O)O)C(=O)NC5=C6C(=CC(=CC6=C(C=C5)S(=O)(=O)O)S(=O)(=O)O)S(=O)(=O)O,Active,,,,Kd,,1975750,0.0265,=,26.5,nM,,,,,,,,,,,,,,,,,,,,,,,,,,,,,,,,,,,,,,,,,,,,,,,,,,,,,,,,,,,,,,,,,,,,,,Low-density lipoprotein receptor,9606.0,Homo sapiens,,C35H26N4O21S6,1031.0,,,,,,,,,,,,,,,,,,,,,,,,,,,,,,,,,,,,,,,,,,
2,242113920,11636757,C1=CC(=CC(=C1)NC(=O)NC2=CC=CC(=C2)C(=O)NC3=C(C=CC(=C3)C(=O)NC4=C5C(=CC(=CC5=C(C=C4)S(=O)(=O)O)S(=O)(=O)O)S(=O)(=O)O)F)C(=O)NC6=C(C=CC(=C6)C(=O)NC7=C8C(=CC(=CC8=C(C=C7)S(=O)(=O)O)S(=O)(=O)O)S(=O)(=O)O)F,Active,,,,Kd,,1975750,0.00155,=,1.55,nM,,,,,,,,,,,,,,,,,,,,,,,,,,,,,,,,,,,,,,,,,,,,,,,,,,,,,,,,,,,,,,,,,,,,,,Low-density lipoprotein receptor,9606.0,Homo sapiens,,C49H34F2N6O23S6,1305.2,,,,,,,,,,,,,,,,,,,,,,,,,,,,,,,,,,,,,,,,,,
3,242405995,4470,C1=CC(=C(C=C1S(=O)(=O)O)S(=O)(=O)O)NC(=O)C2=CC(=CC(=C2)NC(=O)NC3=CC(=CC(=C3)C(=O)NC4=C(C=C(C=C4)S(=O)(=O)O)S(=O)(=O)O)C(=O)NC5=C(C=C(C=C5)S(=O)(=O)O)S(=O)(=O)O)C(=O)NC6=C(C=C(C=C6)S(=O)(=O)O)S(=O)(=O)O,Active,,,,Kd,,1975750,0.00466,=,4.66,nM,,,,,,,,,,,,,,,,,,,,,,,,,,,,,,,,,,,,,,,,,,,,,,,,,,,,,,,,,,,,,,,,,,,,,,Low-density lipoprotein receptor,9606.0,Homo sapiens,,C41H32N6O29S8,1329.3,,,,,,,,,,,,,,,,,,,,,,,,,,,,,,,,,,,,,,,,,,
4,242578962,73355036,CC1=CCC(=CC1=NC(=O)C2=CC=C/C(=N\C(=O)/N=C\3/CC(=CC=C3)C(=O)N=C4CC(=CC=C4C)C(=O)N=C5CC=C(C6=C5C(=CC(=C6)S(=O)(=O)O)S(=O)(=O)O)S(=O)(=O)O)/C2)C(=O)N=C7CC=C(C8=C7C(=CC(=C8)S(=O)(=O)O)S(=O)(=O)O)S(=O)(=O)O,Active,,,,Kd,,1975750,0.0019,=,1.9,nM,,,,,,,,,,,,,,,,,,,,,,,,,,,,,,,,,,,,,,,,,,,,,,,,,,,,,,,,,,,,,,,,,,,,,,Low-density lipoprotein receptor,9606.0,Homo sapiens,,C51H40N6O23S6,1297.3,,,,,,,,,,,,,,,,,,,,,,,,,,,,,,,,,,,,,,,,,,
5,404648823,451427,C1=CC(=CC=C1NC(=O)C2=CC(=CC(=C2)NC(=O)NC3=CC(=CC(=C3)C(=O)NC4=CC=C(C=C4)S(=O)(=O)O)C(=O)NC5=CC=C(C=C5)S(=O)(=O)O)C(=O)NC6=CC=C(C=C6)S(=O)(=O)O)S(=O)(=O)O,Active,,,,Kd,,1975750,0.00688,=,6.88,nM,,,,,,,,,,,,,,,,,,,,,,,,,,,,,,,,,,,,,,,,,,,,,,,,,,,,,,,,,,,,,,,,,,,,,,Low-density lipoprotein receptor,9606.0,Homo sapiens,,C41H32N6O17S4,1009.0,,,,,,,,,,,,,,,,,,,,,,,,,,,,,,,,,,,,,,,,,,
6,504816816,172454972,CC1=C(C=C(C=C1)C(=O)NC2=C(C=C(C=C2)P(=O)(O)[O-])P(=O)(O)[O-])NC(=O)C3=CC(=CC=C3)NC(=O)NC4=CC=CC(=C4)C(=O)NC5=C(C=CC(=C5)C(=O)NC6=C(C=C(C=C6)P(=O)(O)[O-])P(=O)(O)[O-])C.[Na+].[Na+].[Na+].[Na+],Unspecified,,,,Kd,,1975750,0.1,>,100,nM,,,,,,,,,,,,,,,,,,,,,,,,,,,,,,,,,,,,,,,,,,,,,,,,,,,,,,,,,,,,,,,,,,,,,,Low-density lipoprotein receptor,9606.0,Homo sapiens,,C43H36N6Na4O17P4,1124.6,,,,,,,,,,,,,,,,,,,,,,,,,,,,,,,,,,,,,,,,,,
7,504818073,172455839,C1=CC(=CC(=C1)NC(=O)NC2=CC=CC(=C2)C(=O)NC3=C4C=C(C=CC4=CC(=C3)S(=O)(=O)O)S(=O)(=O)O)C(=O)NC5=C6C=C(C=CC6=CC(=C5)S(=O)(=O)O)S(=O)(=O)O,Unspecified,,,,Kd,,1975750,0.1,>,100,nM,,,,,,,,,,,,,,,,,,,,,,,,,,,,,,,,,,,,,,,,,,,,,,,,,,,,,,,,,,,,,,,,,,,,,,Low-density lipoprotein receptor,9606.0,Homo sapiens,,C35H26N4O15S4,870.9,,,,,,,,,,,,,,,,,,,,,,,,,,,,,,,,,,,,,,,,,,
8,504821938,4468,C1=CC(=CC=C1C(=O)NC2=C3C(=CC(=CC3=C(C=C2)S(=O)(=O)O)S(=O)(=O)O)S(=O)(=O)O)NC(=O)C4=CC=C(C=C4)NC(=O)NC5=CC=C(C=C5)C(=O)NC6=CC=C(C=C6)C(=O)NC7=C8C(=CC(=CC8=C(C=C7)S(=O)(=O)O)S(=O)(=O)O)S(=O)(=O)O,Active,,,,Kd,,1975750,0.00085,=,0.85,nM,,,,,,,,,,,,,,,,,,,,,,,,,,,,,,,,,,,,,,,,,,,,,,,,,,,,,,,,,,,,,,,,,,,,,,Low-density lipoprotein receptor,9606.0,Homo sapiens,,C49H36N6O23S6,1269.2,,,,,,,,,,,,,,,,,,,,,,,,,,,,,,,,,,,,,,,,,,
