true,L1_Ridge,L1_Lasso,L1_ElasticNet,L1_Huber,L1_BayesianRidge,L1_RF_Meta,L1_ET_Meta,L1_GBR_Meta,L1_XGB_Meta,L1_LGBM_Meta,L1_CAT_Meta,L1_NN_Meta,L2_Ridge,L2_Lasso,L2_ElasticNet,L2_Huber,L2_BayesianRidge,L2_RF_Meta,L2_ET_Meta,L2_GBR_Meta,L2_XGB_Meta,L2_LGBM_Meta,L2_CAT_Meta,L2_NN_Meta,linear_BayR,linear_ENet,linear_Huber,linear_Lasso,linear_Ridge,linear_SGD,nn_MLP_Deep,nn_MLP_Large,nn_MLP_Medium,nn_MLP_Small,nn_MLP_Tanh,nn_MLP_Wide,pls_PLS,tree_Adaboost,tree_CAT,tree_ET,tree_GBR,tree_LGBM,tree_RF,tree_XGB,Simple_Average,Optimized_Weighted
9.327902142064282,5.660186290740967,5.809006690979004,5.934551239013672,5.68926327667403,5.665249347686768,5.147401306182142,5.306596293102651,5.212948876965949,4.914454460144043,6.363688936403819,5.038686569628706,3.0804038047790527,5.854681968688965,5.695616245269775,5.748700141906738,5.5683195058427986,5.8697190284729,5.330917609372544,5.511562711410343,5.375812812990543,5.572425842285156,6.363688936403819,5.466770454497807,4.7118425369262695,5.9077706,4.9129133,-1.7855711,5.080697,5.250731,5.547043,5.7067866,6.068002,5.7780147,5.504648,5.7772264,6.5269513,5.6497483,5.504351,4.8109097,4.245087,5.5669594,6.0735908,5.0375433,5.709421,5.1436415,5.6996338321091615
3.721246399047171,6.155611991882324,5.925647735595703,5.799640655517578,5.509399874993545,6.22767972946167,6.360524577963407,6.830064264956417,6.0044940648966065,6.24903678894043,6.079361599258014,7.165077251068045,2.8724377155303955,5.311811447143555,5.241079330444336,5.257292747497559,5.457268343727906,5.738643646240234,5.973364855416254,6.2236826230753755,5.907000276914321,5.968096733093262,6.079361599258014,5.962112077065551,2.2444992065429688,8.392069,7.391567,3.8834932,7.2313137,7.6313467,2.4659672,7.100638,7.3040004,6.843322,6.6281834,6.8587284,7.8976436,5.3220468,6.361069,5.9227867,5.140228,7.8824496,6.2348948,4.9907017,6.4594316,6.397094,6.344647390593023
5.15676722190199,4.83577823638916,5.302807331085205,4.81392765045166,3.475177856041233,4.795846939086914,5.766481309187553,6.927893760029928,5.304716382345939,5.44239616394043,6.079361599258014,6.151148893564211,2.738469123840332,5.129146575927734,5.272568702697754,5.128964424133301,5.388007261609212,5.286300182342529,5.6629956420997996,5.854932844256191,5.66043300721775,5.241767883300781,6.079361599258014,5.254230044679757,4.473365306854248,5.112761,4.31526,-1.1888161,4.171756,5.098075,1.6845123,5.7875257,6.23551,6.712491,6.686289,6.7299795,6.902895,1.5838755,5.696372,6.2085137,5.4258103,5.7967844,6.2348948,4.514335,5.4247518,4.956679,5.158471959212748
5.489454989793388,5.312547206878662,5.022393226623535,5.290841102600098,5.382102169727238,5.130545139312744,2.7051725811251126,4.292456527880104,3.007520471573229,5.148265838623047,6.211574216825621,3.850824574526455,6.908109664916992,5.392324924468994,5.5225629806518555,5.466066360473633,4.981703012939816,5.126460552215576,5.983659997579139,5.237153186523349,5.317626956072812,5.851946830749512,6.211574216825621,5.834898667897741,6.1627044677734375,1.1112871,1.2844629,-4.9771504,0.96332884,1.7164664,-1.6458129,2.0252986,0.89470285,3.8722947,4.751423,3.8385189,0.61243916,1.337119,0.42608455,1.4711651,1.1847156,4.282773,6.2348948,1.0939616,5.528973,1.8003473,5.088111870187659
-0.5430742350335329,-0.01873922348022461,0.7430963516235352,0.18720769882202148,-1.42961116748355,-0.0060176849365234375,1.8093089148331296,0.25650129869411337,1.074550773427601,0.6189620494842529,6.293979107056345,1.3490121824453922,-0.22469767928123474,0.1584768295288086,0.24015283584594727,0.2217879295349121,-0.18324023398688905,0.07987213134765625,1.7069545399892179,0.3597502789563334,0.19155378833646816,1.5124958753585815,6.293979107056345,0.3558437559963368,0.547001838684082,1.5217633,2.3205996,2.1288826,2.6594884,2.5377884,-0.3564767,3.6483757,5.0809803,2.9626694,1.9831778,2.9617374,1.209256,3.4724865,0.42608455,2.865481,1.3975198,0.9223454,6.3804593,2.8681073,0.48656738,2.3738647,0.6550940807404451
-0.1376705372367546,0.6090712547302246,1.0252461433410645,0.7591829299926758,-0.2800132765982353,0.5182957649230957,1.7616819112292166,-0.21661914183066217,0.5620457273175551,0.324613481760025,6.363688936403819,0.38714008626010443,-0.2445772886276245,0.12462711334228516,-0.1797785758972168,-0.029211044311523438,-0.05502182239013287,0.17506027221679688,1.3386989962088864,-0.1325675919937909,0.012695512874695168,0.4101196229457855,6.363688936403819,-0.1800813824615224,3.6394951343536377,1.4752412,2.3059058,2.523222,2.5798008,2.6550646,-0.2767047,3.3122652,5.1440644,3.1641395,1.9784955,3.13643,1.2652243,3.3196323,0.42608455,2.9720063,0.9263219,0.46689457,6.3804593,2.8211105,0.49092984,2.3533294,0.6507662253107405
0.4260845595784488,0.2665133476257324,-0.4171462059020996,-0.1672959327697754,2.3781725818142174,-0.09494686126708984,0.7765404463408494,-0.15178521853109195,0.051570508909990855,0.1937510371208191,6.211574216825621,0.8227393768380056,2.6065073013305664,-1.4443154335021973,-1.5068535804748535,-1.31254243850708,-0.5692394059113957,-0.9793057441711426,0.5717052449574928,-0.04639616114051826,0.4220553783605013,0.5920813083648682,6.211574216825621,1.2851393050895759,0.8550118207931519,-1.6698704,0.46865368,-2.8999825,0.7041874,0.7249117,0.35063538,0.10027327,0.0659633,-0.34488532,-0.13744888,-0.34126002,0.75751853,1.5451113,-0.13767053,0.9457917,-0.33086243,-0.14293078,6.0735908,0.76373035,-0.26040962,0.31175232,-0.14262166163218015
5.141462802430361,4.835112571716309,4.860231399536133,4.658167362213135,5.021265378951268,4.834734916687012,4.310548834891402,5.416454454062281,5.477313835016485,5.349783897399902,6.088249978505903,5.1988330099120095,6.671771049499512,5.0915374755859375,5.077573776245117,5.108270645141602,5.028597971605896,5.149229526519775,5.3701968221277445,5.632834932932727,5.529569722086725,5.391783237457275,6.088249978505903,5.385770556046428,3.7588300704956055,2.1226416,2.0385742,-7.7428055,1.3497543,2.417144,-0.7457574,2.5274062,1.3085,4.410061,5.002352,4.384431,0.8386415,0.8805506,0.42608455,2.1135607,1.8312519,4.9022775,6.2348948,1.8304837,5.6068807,2.0868464,5.14141465557337
5.013228265733755,4.161478042602539,4.73097038269043,4.377596855163574,4.064490235522258,4.163846015930176,5.289644509377274,4.992024280905501,5.2280223399199075,0.8272628784179688,6.293979107056345,5.304651448973796,3.9850306510925293,5.075080871582031,5.298320770263672,5.248082160949707,5.226022655226008,4.938568115234375,6.092774839112242,5.642003876468158,5.3668919840172915,3.0319747924804688,6.293979107056345,4.328525381638797,5.986392021179199,6.4663424,6.161885,-16.71119,6.312754,6.4762006,-7.8136187,3.162558,3.7600863,4.2284737,3.9424524,4.2371497,4.840771,5.937276,5.833281,6.082994,6.1730967,5.6333947,6.272571,5.8578367,5.089932,3.5972126,5.013228341447489
5.154901959985743,4.7377119064331055,5.079135417938232,4.875356197357178,5.060861490869357,4.735283851623535,5.217104356477468,5.0721476695701835,5.188038196528285,5.143179416656494,6.363688936403819,5.201670825113034,4.559399604797363,5.319688320159912,5.237471580505371,5.290328025817871,5.004349851387518,5.325531005859375,5.286850476485689,5.517512875595646,5.303246587184516,5.234251022338867,6.363688936403819,5.27995533198762,6.983304500579834,6.0329566,6.2883873,-15.693069,6.5806675,6.5495667,-7.206316,3.5523486,4.498484,4.941655,4.3698206,4.9512944,5.418609,5.885287,5.767738,6.1096196,5.8266478,5.636077,6.272571,5.648324,5.2193623,3.8325012,5.132901870252647
6.120904120499928,7.2527174949646,7.360657215118408,7.356190204620361,7.809926056951333,7.256415843963623,6.613093355684367,6.994191918912754,6.322393856839951,5.464053630828857,6.079361599258014,6.665543598865426,4.411995887756348,7.128161907196045,7.141634464263916,7.091617107391357,7.129981399752615,7.074349403381348,6.866107549447165,7.072121423600448,6.782953393547397,6.4058027267456055,6.079361599258014,6.831266934990945,3.4355125427246094,6.0041914,6.5970106,1.3273644,6.6406727,6.389423,4.3203697,7.094716,6.4709244,6.5710087,6.0833626,6.5700035,6.618462,6.6713977,6.8912797,6.8430643,6.435576,5.9841228,6.3804593,6.6281905,6.7785645,6.165008,6.747212487312382
5.4089353929735005,5.768478870391846,5.723639011383057,5.8313798904418945,5.47975418158325,5.773372173309326,5.658243127030107,5.3540652536172395,5.8971228293596605,5.77976655960083,6.363688936403819,5.14439788194208,3.9306788444519043,5.961707592010498,5.819942951202393,5.864476680755615,5.865224912259388,5.953495025634766,5.704273666923662,5.511562711410343,5.598153120550579,5.596285343170166,6.363688936403819,5.699581013779638,4.28433895111084,5.9681077,5.8732414,6.072131,6.0884123,5.9495993,4.918536,5.6908917,5.721652,5.730331,5.073824,5.738869,5.8927193,6.2461286,5.776978,5.82576,6.003756,5.655129,6.088844,5.9453626,5.6019063,5.793109,5.636725776916277
5.795880017344075,5.269720554351807,5.321417808532715,5.123654365539551,4.993918985440562,5.2705254554748535,5.725874950241611,5.563388678971062,5.59381542625551,5.734866619110107,6.293979107056345,5.639552569773067,6.016747951507568,5.320080757141113,5.315066337585449,5.349052429199219,5.36522266679844,5.451169490814209,5.4229947754882515,5.6068570583649295,5.3576289271878075,5.3980793952941895,6.293979107056345,5.560601025237854,5.12225341796875,6.9500666,6.7628713,-14.080275,6.61719,7.012854,-5.9543324,4.773321,5.6493835,5.965291,5.7981644,5.968518,5.935037,6.269078,6.4006877,6.27079,6.5817966,5.9148884,6.272571,6.3147473,5.4975405,4.5460095,5.435860927838573
6.578396073130168,7.211092948913574,7.460458755493164,7.238043308258057,6.834288426585652,7.295130252838135,7.521489326424146,7.732398419910489,7.6324880364501215,8.018512725830078,6.211574216825621,7.44075196006889,7.106698989868164,7.362866401672363,7.330811500549316,7.326781272888184,7.424373050440342,7.380259990692139,7.437652666529305,7.7797830051100085,7.7628995379034835,7.434450626373291,6.211574216825621,7.602147536377887,7.653562545776367,8.968982,8.692134,-7.512973,8.319076,8.351816,-0.984599,5.9348154,7.708131,6.4503055,6.517847,6.4526777,7.2318883,6.749396,7.5834374,7.412835,7.715062,7.653704,6.272571,7.657149,7.616528,6.239539,7.468119373511263
7.721246399047171,7.29091215133667,7.375126838684082,7.344840049743652,6.201401490562707,7.28856897354126,7.569058917265738,7.669558980959899,8.032466971717353,7.743485450744629,6.088249978505903,7.457277111954396,3.9933037757873535,7.097498893737793,7.043783664703369,7.048116683959961,7.243562836524205,7.14390230178833,7.987334650667367,8.011710873605704,7.746604722990333,7.342569351196289,6.088249978505903,7.6953429259786255,6.028135299682617,6.5486913,6.844059,2.3018668,6.9353194,6.708038,4.638313,7.294212,6.872205,6.667763,6.143648,6.6645617,7.0937314,6.584238,7.016875,7.11749,6.8950033,6.31746,6.3804593,7.007387,7.0542164,6.454277,6.9983408197503945
5.958607314841775,6.2605814933776855,6.233715057373047,6.158815860748291,6.225258267596549,6.267307281494141,6.093548033520159,6.002828099688263,5.919222270419208,5.88724422454834,6.211574216825621,6.136368578717226,5.85703182220459,6.1149163246154785,6.100688457489014,6.115201473236084,5.825049301056914,6.200998306274414,6.03519184479576,5.718893856544383,6.0890959025437255,6.2329325675964355,6.211574216825621,5.888440010717339,7.436276435852051,6.901539,7.3755836,-11.201301,7.2453184,7.1688476,-3.8035493,5.553592,6.0232577,6.2488,5.7282686,6.2519627,6.6389947,6.37044,6.848826,6.546127,6.8555365,6.053796,6.272571,6.7672253,6.157778,5.1001806,6.074583412371147
5.958607314841775,5.443461894989014,5.835723400115967,5.592498779296875,5.262095697387162,5.423395156860352,5.673754977877901,5.761676075198149,5.912959772457192,5.312932968139648,6.363688936403819,5.97126539001993,5.502102851867676,5.9536027908325195,5.920599937438965,5.936838150024414,5.730113693774444,5.945858478546143,5.578589680405024,5.529724742720627,5.50656368609667,5.3729071617126465,6.363688936403819,5.486840097301512,5.675724983215332,7.216937,7.246564,-16.08196,7.008209,7.3774405,-6.7098913,4.3664126,6.021741,5.7019024,4.905385,5.7127905,5.909439,6.0261693,6.1051173,6.1513968,6.398496,5.636747,6.272571,6.118269,5.686622,4.353518,5.578111694658806
5.920818753952375,5.755426406860352,5.740468978881836,5.638377666473389,5.82651297390485,5.760052680969238,5.742150126899032,5.828083327327739,5.706695602550391,5.83267879486084,6.211574216825621,5.800898726803604,5.4104719161987305,5.691019535064697,5.6855788230896,5.7113261222839355,5.39661018066368,5.827769756317139,6.116211713271101,5.68039520410711,5.8130715606808785,5.871906280517578,6.211574216825621,5.740127378544753,7.00482702255249,6.809161,7.0763497,-14.906406,6.8217516,7.1784744,-6.0091705,4.8449745,5.990584,5.8832192,4.769933,5.8881073,5.947936,6.244791,6.0599365,6.1152472,6.405401,5.6383414,6.272571,6.1063433,5.686622,4.441209,5.5980559510014585
6.0,6.602010726928711,6.395339012145996,6.66353702545166,6.934047827907234,6.603971004486084,6.354223998845996,6.40259738122213,5.7394844127255835,5.8758416175842285,6.088249978505903,6.072828314239713,2.5340757369995117,6.771261215209961,6.721681118011475,6.735344886779785,6.594113728309943,6.668495178222656,6.110561821463202,5.889268393020871,5.551529119290278,5.656404972076416,6.088249978505903,5.85284514721716,5.339090824127197,7.0527654,6.5721483,6.1119127,6.6793356,6.82043,5.10325,6.7466497,6.4296665,6.1623893,6.3190193,6.1582084,6.726654,7.201641,5.9280863,6.3023443,6.1548057,6.3912663,6.088844,6.33525,6.1664386,6.3725553,6.211627859798157
5.4089353929735005,5.403753757476807,5.468632221221924,5.27827787399292,5.521718236027569,5.40407133102417,5.65132785175332,5.722168784481883,5.437914616384181,5.6048078536987305,6.211574216825621,5.382731573504926,6.244749069213867,5.4850077629089355,5.461214065551758,5.486636161804199,5.533682140538998,5.615826606750488,5.661970145283922,5.662271934726865,5.572735288277469,5.437809944152832,6.211574216825621,5.628482498242176,5.813986778259277,6.8239384,7.0628824,-13.742495,7.0863776,6.917816,-5.497075,4.348047,5.3069468,5.686055,4.5988493,5.692851,5.9586053,6.187703,6.5690017,6.227159,6.5178237,5.8541255,6.272571,6.435355,5.5740366,4.494029,5.509087176988583
5.187086643357144,6.447066307067871,6.0294013023376465,6.413273334503174,6.8137913366576335,6.452373027801514,6.196714639109914,6.1959741731452285,5.987127656125676,5.68472146987915,6.088249978505903,7.166720077775958,1.5666252374649048,6.401642322540283,6.33961296081543,6.363311767578125,6.37262741507946,6.393621444702148,5.805269957051337,5.686404992488473,5.525054972447819,5.733469486236572,6.088249978505903,5.753452886609393,6.244879722595215,5.6390724,5.7190404,2.719062,5.6784177,6.371357,4.0769777,6.6203895,6.4630995,5.938111,6.224981,5.9406347,6.557293,6.2999296,5.6830893,5.974458,6.832447,5.3968673,6.088844,5.8332605,5.527999,5.7792664,5.561516662151639
6.876148359032914,7.155029773712158,7.14919900894165,7.24948263168335,6.943012255422486,7.121711730957031,7.2210822213490795,7.4821945329197765,7.528186331759228,7.348045825958252,6.079361599258014,7.591256812498747,5.413453578948975,7.522327423095703,7.514625549316406,7.472514629364014,7.898363634338312,7.355297565460205,7.65543445428792,7.834040997387271,7.457803505761746,7.483520030975342,6.079361599258014,7.695993252899746,4.9425225257873535,7.780017,7.2638445,7.7399654,7.3365602,7.427823,6.550392,7.0648036,6.6599617,6.28571,6.6101685,6.280121,6.947111,7.0194163,6.4233384,7.1603575,7.3984113,6.989709,6.088844,7.033092,6.9612994,6.9510474,6.9486744500112625
8.154901959985743,7.01440954208374,7.162843227386475,7.088233470916748,6.024346937312785,7.010972023010254,7.640392277856738,7.602706535758923,7.93629231642978,7.303153991699219,6.088249978505903,7.805046113745737,3.921668529510498,6.9806742668151855,6.913602828979492,6.913703918457031,7.20138462332248,7.004478454589844,7.7707858886435455,7.924343684348987,7.285793702395399,7.5522847175598145,6.088249978505903,7.716569278486748,5.530097961425781,7.4418902,6.69563,6.111234,6.8628387,6.9201684,5.594439,7.485951,6.1637874,6.610292,6.0970984,6.6066475,6.818354,6.775422,7.0542583,7.067478,7.0895348,6.648488,6.3804593,7.051459,7.0776157,6.7276525,7.042483190437517
7.139661993429006,7.216800689697266,7.267763137817383,7.17671537399292,6.870341876101467,7.2159199714660645,7.096798554358094,6.516801600600332,7.771451547228821,6.274068832397461,6.079361599258014,6.7758329366501195,6.209836483001709,6.903875827789307,6.665737628936768,6.816475868225098,6.959703128128617,6.942999839782715,6.788924975779132,7.157555830277947,6.562798439250387,6.0669331550598145,6.079361599258014,7.168260464145838,4.264688014984131,8.744302,7.99904,-8.196236,7.5022264,8.13384,-1.8741978,5.6324325,7.6462593,6.430991,6.6128483,6.4328165,7.0187798,6.7412534,7.034334,6.838598,6.88444,6.4502954,6.272571,6.920774,6.8619685,5.8043666,6.76126279604513
7.602059991327962,6.683825492858887,6.805460453033447,6.832835674285889,6.1295317152001445,6.688631057739258,7.362745042177562,7.114898888474939,6.9538125515675056,7.027547359466553,6.293979107056345,7.175881239689542,5.9567179679870605,7.240874290466309,7.34371280670166,7.269388198852539,7.008201292321732,7.073220729827881,6.9672453986006975,7.020581758066977,7.3456699066644005,7.778554439544678,6.293979107056345,6.94415727214175,3.686814546585083,7.94638,7.35328,7.682279,7.4001465,7.5641313,6.423591,7.220868,6.874423,6.2844276,6.6838436,6.2784786,6.983429,7.028278,6.7654843,7.3333244,7.444389,7.0059175,6.088844,7.061252,6.891547,7.0157156,6.891843821781135
6.062983892535186,6.824305534362793,7.057669639587402,6.772408962249756,6.5332105594245835,6.8248395919799805,6.198509074004629,6.30907408280251,6.250739627805105,5.728707790374756,6.293979107056345,6.339189302402919,6.385360240936279,6.3187150955200195,6.239331245422363,6.299169540405273,6.205344259660299,6.499920845031738,6.045499475629296,5.89802190729113,6.046445303539755,6.228001594543457,6.293979107056345,6.167731753682011,3.55303692817688,7.652382,8.162404,-13.107536,7.96751,8.055421,-4.2997394,5.313597,8.102707,6.2682905,5.8944616,6.271021,6.6387405,6.359472,7.034334,6.465877,6.7541647,6.235387,6.272571,6.8422546,6.7159514,5.2799635,6.578877579461348
5.275724130399211,6.9052734375,6.715234756469727,6.933779239654541,7.600902902803433,6.942778587341309,5.7754744288407505,5.703096032922001,5.9845826400378295,5.728239059448242,6.363688936403819,5.182249757810021,4.66546630859375,6.604619026184082,6.475551605224609,6.44956636428833,6.5694783432103385,6.625677108764648,6.006300510635075,5.969266547805604,6.1657171131493875,6.313383102416992,6.363688936403819,5.804031403755523,2.835374593734741,5.1242504,5.71622,1.5395842,5.832308,5.566066,3.7753544,6.742896,5.812083,6.178823,5.8545446,6.186948,6.0723786,5.975089,6.712348,6.5426025,5.94031,5.772237,6.3804593,6.478362,6.3372607,5.7270064,6.295080848613959
8.221848749616356,6.977778434753418,7.168329238891602,7.126734256744385,7.198515413916675,7.040318012237549,7.799469034478198,7.9515821703491465,7.786708672680636,8.058698654174805,6.211574216825621,8.164278262800881,5.285870552062988,7.3932647705078125,7.424935340881348,7.418163299560547,7.3269099055191536,7.367488861083984,7.864232559350149,7.813709322919763,7.8058098147602335,7.803395748138428,6.211574216825621,7.56036954393302,7.310924530029297,7.134889,7.104875,3.730502,7.1517544,7.006036,5.37768,7.2492332,7.079036,6.6567316,6.101001,6.6535816,7.3949614,6.625027,7.0542583,7.231195,7.325273,7.0992985,6.3804593,7.17053,7.1743746,6.735035,7.118846124840399
5.065501548756432,5.5793914794921875,5.5772600173950195,5.478086471557617,5.571677010181559,5.581680774688721,5.598717798928779,5.466588025519812,5.34625341862657,5.063452243804932,6.088249978505903,5.316431095077382,2.8782272338867188,5.379082679748535,5.245710372924805,5.330995559692383,5.04784043547758,5.484321117401123,5.266673319997435,5.746229034703939,4.923322047784366,5.156564712524414,6.088249978505903,5.4762295155818705,4.050573348999023,6.2477126,6.1193733,-13.900028,6.2643113,6.4995074,-6.0933456,3.7071679,4.550512,5.073921,4.675291,5.0803895,5.5063295,5.922314,6.440606,6.1937833,6.5104656,5.869749,6.272571,6.3601685,5.7222705,4.151153,5.61828181043999
6.372634143407268,6.573676586151123,6.769740581512451,6.584670543670654,6.675695903606295,6.5685906410217285,6.578277096754371,6.82555407974737,6.484882581335136,6.367332458496094,6.363688936403819,6.705743227749577,6.406360149383545,6.710677623748779,6.632185459136963,6.681926250457764,6.44380679558336,6.736939430236816,6.037254506055025,6.40050718021235,6.42491403668995,5.96378231048584,6.363688936403819,6.23516764722661,4.868744373321533,8.898017,8.01846,-10.610961,7.536577,8.080681,-3.3515701,5.420823,7.556912,6.3908134,6.4858313,6.392912,6.7997756,6.716033,7.2286534,7.0985847,7.3971024,6.9187965,6.272571,7.1070676,6.813044,5.6585054,6.7030936932404925
6.154901959985743,6.655449390411377,6.472691059112549,6.627882957458496,7.273288542501486,6.687735557556152,5.966405949108122,6.071195471497404,6.0691623308219995,6.005160808563232,6.363688936403819,5.635576323594568,2.770382881164551,6.140737533569336,5.969346523284912,5.990983009338379,5.876240176986388,6.230790615081787,6.043706859915015,5.764323716018595,5.979786913184212,6.050131320953369,6.363688936403819,5.721021111677965,2.7012996673583984,7.03586,5.9700623,1.7940418,5.9245467,6.8212414,5.563301,6.324117,6.1886363,6.4478645,6.176685,6.4452324,6.543488,6.6478825,6.4670143,6.260864,6.342328,6.439333,6.3804593,6.4264336,6.414034,6.1306715,6.419743703767571
9.522878745280336,8.219847679138184,7.965488433837891,8.617138862609863,7.534888152737617,8.027349472045898,7.462044459976285,7.1594310184938195,7.632797720938317,7.878460884094238,6.211574216825621,7.02826540638176,10.574254035949707,9.54497241973877,9.628137588500977,9.5216703414917,9.485508415136437,8.61194133758545,7.882059319437694,7.89062319909131,7.929726427015853,8.25041389465332,6.211574216825621,7.966667885043135,9.032636642456055,5.6989107,7.6338687,4.197571,7.476969,7.031061,5.7606297,7.7626123,8.110777,6.0784144,6.7518463,6.0766287,6.605161,9.14819,7.324621,6.042441,5.3785195,5.4369216,6.0735908,5.5678563,7.1466737,6.5651636,7.2551982512603574
7.823908740944319,8.094010353088379,7.888468265533447,7.930810928344727,7.764663565028125,8.124780654907227,7.51614127593366,7.974892982040081,6.872778313549861,7.389564037322998,6.079361599258014,7.674026821810279,8.253785133361816,7.441153526306152,7.451213836669922,7.389481544494629,7.819744522108164,7.528621196746826,7.795861928847196,7.870550396602427,7.797362478047123,7.821889877319336,6.079361599258014,8.064762742830329,7.791075229644775,8.672881,7.7553415,11.892104,7.8680296,7.7797556,6.9362497,7.4251647,7.198243,6.816157,6.705291,6.831558,7.8039584,7.0080595,7.9011097,6.8698754,7.3359637,8.051141,6.2348948,7.2020025,7.9556637,7.612172,7.886285083165827
8.259637310505756,7.291021347045898,7.109557151794434,7.205539703369141,6.681262790894727,7.325375556945801,7.317774949179238,7.353931627614452,7.369166530717305,7.305130481719971,6.079361599258014,6.596194608061296,4.771327972412109,6.978652477264404,6.966015338897705,6.939639091491699,7.258867021887231,7.041473388671875,7.517247616891097,7.877691713182709,7.0892709127478195,6.994864463806152,6.079361599258014,7.227796599198972,4.684513568878174,5.427132,6.570198,5.111858,6.400027,6.2916346,6.0795364,6.8109818,7.387332,6.0893607,6.6885815,6.0876045,7.009474,7.210586,8.116356,6.7991686,6.6326528,8.370378,6.0735908,7.240442,7.805677,6.710128,7.757431362304118
8.214670164989233,7.529045104980469,7.7026166915893555,7.655416488647461,7.868233651345116,7.531708717346191,8.108516462618827,8.347283738501147,8.699735101253054,7.764171123504639,6.293979107056345,8.242970126702447,7.813745498657227,8.033002853393555,8.117121696472168,8.051517486572266,8.155468941721542,7.895279884338379,7.464312503843818,7.567704787945037,7.517547718694088,7.710604190826416,6.293979107056345,7.617745146119722,7.100198745727539,9.720764,8.896907,9.466607,8.610336,8.613601,8.718803,7.0179896,9.593903,6.541231,6.017959,6.5427923,6.8265696,9.793426,7.346119,7.018874,7.44633,7.0577965,6.272571,7.1603713,7.3151917,7.798907,7.480197223836142
6.4089353929735005,6.724717140197754,6.774746417999268,6.889492034912109,5.987076216682608,6.719095230102539,6.957406365878452,6.514229231501363,8.771542051859637,8.469748497009277,6.079361599258014,6.300151791162485,2.6619229316711426,7.105129718780518,6.870951175689697,7.010697841644287,6.511843385797768,7.0818705558776855,6.660852299051747,6.609294065721207,6.428493459642539,6.510972023010254,6.079361599258014,6.537291323376486,4.199854373931885,6.156013,6.502514,2.7471228,6.4895744,6.246092,5.9355025,5.2912574,6.4858446,5.8668375,6.230185,5.8679295,6.6700826,6.5270457,6.105042,6.8621335,6.296164,7.0001216,6.0735908,6.7623763,6.7744007,6.1444917,6.735863508093523
6.0,5.9848127365112305,6.213629722595215,6.115728378295898,5.339632571435097,5.9900712966918945,7.276587307680956,6.203666012110677,6.839749710240072,7.58322811126709,6.293979107056345,6.927990175483923,4.265805721282959,6.44873046875,6.4013543128967285,6.445797920227051,6.006907127469796,6.452820301055908,6.448423003913812,6.4967942851689635,6.639838076141114,6.420853614807129,6.293979107056345,5.5888716318249845,2.5085394382476807,8.097028,7.4610486,10.449985,7.5491514,7.540815,7.013785,7.075811,6.9384947,6.8248496,6.755126,6.840451,7.7643566,6.0121546,6.1762023,6.2963147,6.111979,5.689779,6.2348948,6.1712627,5.7990646,6.9401274,5.833454982031325
6.327902142064282,5.280634880065918,5.969191551208496,5.642895221710205,1.7727086824314138,5.293322563171387,7.235785943490168,6.388089137665097,6.6834809352909135,6.786734580993652,6.293979107056345,6.407609274637315,3.033039093017578,6.294780731201172,6.480495452880859,6.411820411682129,5.987928206516608,6.123039245605469,6.3697177668268,6.729798886817235,6.3926462302271965,5.89203405380249,6.293979107056345,6.159588151568721,3.8148093223571777,7.8498898,8.5603895,2.5577276,8.365642,7.7444153,6.2973495,7.04548,6.1485157,4.771419,6.8306684,4.823194,6.2530165,7.834325,6.332652,6.3646913,6.2563353,6.801869,6.088844,6.54659,6.2537656,6.4863386,6.350800468727402
7.576754126063192,8.456960678100586,8.698844909667969,8.596959114074707,7.987880956673175,8.45193862915039,7.787520185430231,7.65163983521831,7.369677767986424,7.688430309295654,6.088249978505903,7.3377090625481,11.47700023651123,8.449972152709961,8.335668563842773,8.378427505493164,8.176378822271499,8.349271774291992,8.173618172462941,8.541062914810482,8.210790712639305,8.381546974182129,6.088249978505903,8.261844878121302,8.946311950683594,7.3862476,8.406984,4.388331,9.173515,7.9978714,6.0697026,7.9508705,8.424273,6.091622,6.8240347,6.089952,7.910296,7.687324,8.347876,8.570778,8.410962,8.798651,6.0735908,8.321708,8.755618,7.5840096,8.652883937651207
8.809668301829708,7.7890825271606445,7.845833778381348,7.774025917053223,8.09729244724839,7.814395904541016,7.439541991979159,7.709304853028344,7.2109245384487,7.1120476722717285,6.079361599258014,7.476730090374849,10.371682167053223,7.629092216491699,7.5514726638793945,7.546648025512695,7.3780798388017725,7.652210235595703,7.825214135081009,7.907921635797688,7.8163385972834005,7.873600006103516,6.079361599258014,7.979581374062575,7.314941883087158,7.796016,7.348045,2.576467,7.4707236,7.5237646,7.638771,7.720319,8.0119295,6.716057,6.273195,6.7125316,8.111615,8.217027,8.332701,8.258581,8.745099,8.573785,6.3804593,7.952095,8.089634,7.4224396,8.09748060982021
8.33161408331,8.833622932434082,8.261577606201172,8.695609092712402,9.639193685607603,8.827167510986328,7.065404499644283,7.264669182972791,7.237461221585868,7.093723773956299,6.293979107056345,7.34543366987028,7.369530200958252,7.783659934997559,7.604584217071533,7.696282386779785,7.747442873559752,7.939942359924316,8.284899711954324,8.072126243651464,8.208428529290797,7.730667591094971,6.293979107056345,8.017880229241843,10.030811309814453,6.134298,7.3874154,-5.9014673,6.381589,7.362585,2.276083,7.02289,6.688628,6.297669,6.9267683,6.295002,6.7940598,7.290044,7.892824,7.5052786,7.80947,7.3252645,6.088844,7.472121,7.9993668,6.1524367,7.890858975900836
8.162411561764488,7.576999187469482,7.560575485229492,7.6061553955078125,7.79597708693827,7.53871488571167,7.567213320122208,7.943897969331407,8.062721229518875,8.038836479187012,6.211574216825621,7.715967657639867,5.520725250244141,7.495580673217773,7.468667507171631,7.471565246582031,7.553655335724566,7.509364604949951,7.682020322514393,7.862865906986905,7.884636088574468,7.792018890380859,6.211574216825621,7.806933206233573,7.796634674072266,6.8738604,6.943905,0.7074182,6.0869265,7.2414346,4.119846,7.6672735,7.260204,6.293757,6.9580116,6.2928786,6.465393,6.5449324,7.884711,7.4934144,6.82951,7.729339,6.088844,7.2408605,7.7733645,6.5247946,7.661396471306212
6.849485002168009,8.004168510437012,7.833527088165283,7.867023944854736,7.986897597498435,8.0044584274292,8.454585973879668,8.588295229365377,8.856505938166817,8.914114952087402,6.363688936403819,8.40952761375128,9.461812019348145,8.660591125488281,8.706557273864746,8.6116943359375,8.864529869175396,8.558265686035156,8.41681084111918,8.285629906127683,8.518123696231374,8.210360527038574,6.363688936403819,8.603688511913568,10.106069564819336,8.503677,8.073614,7.364098,8.767738,7.716234,7.2302685,7.791434,8.129096,6.0570183,6.7976513,6.0550895,7.609643,8.39816,8.127072,7.8937926,8.050864,8.374093,6.0735908,7.6940546,7.9959636,7.6351576,8.01439894599367
9.070581074285707,8.676346778869629,8.482969284057617,8.6096773147583,8.639913461888423,8.674945831298828,7.689445496752734,7.615559457319673,7.5023937128641265,7.688430309295654,6.088249978505903,7.450706645330801,12.221543312072754,8.283886909484863,8.159056663513184,8.22071361541748,8.251926440148235,8.273611068725586,7.665320817430607,8.541062914810482,8.123726788853517,8.247149467468262,6.088249978505903,8.138840733195796,9.112046241760254,8.6579895,8.370096,10.646903,8.533889,8.558064,5.908897,7.819424,7.58876,6.8614974,6.86942,6.876483,8.039471,9.113233,8.130339,8.166982,8.338978,8.378814,6.2348948,8.14763,8.388955,7.981537,8.399291641137824
