SMILES,pKd,target,sample_weight
CN(C)c1ccc2nc3c(C(=O)O)cc(=O)c(O)c-3oc2c1,9.33,9.327902142064282,1.0329961881563277
CC1=CCC(=CC1=NC(=O)C2=CC=C/C(=N\C(=O)/N=C\3/CC(=CC=C3)C(=O)N=C4CC(=CC=C4C)C(=O)N=C5CC=C(C6=C5C(=CC(=C6)S(=O)(=O)O)S(=O)(=O)O)S(=O)(=O)O)/C2)C(=O)N=C7CC=C(C8=C7C(=CC(=C8)S(=O)(=O)O)S(=O)(=O)O)S(=O)(=O)O,3.72,3.721246399047171,1.0329961881563277
C1=CC=C(C=C1)C(CN(CCCOC2=CC=CC(=C2)CC(=O)O)CC3=C(C(=CC=C3)C(F)(F)F)Cl)C4=CC=CC=C4,5.16,5.15676722190199,1.0329961881563277
C/C=C(\C)/[C@@H]([C@H](C)/C=C(\C)/C=C/C/C(=C/CC1=C(C(=O)C(=C(N1)OC)OC)C)/C)O,5.49,5.489454989793388,1.0329961881563277
C/C=C(\C)/[C@@H]([C@H](C)/C=C(\C)/C=C/C/C(=C/CC1=C(C(=O)C(=C(N1)OC)OC)C)/C)O[C@H]2[C@@H]([C@H]([C@@H]([C@H](O2)CO)O)O)O,-0.54,-0.5430742350335329,1.0329961881563277
CC1=C(NC(=C(C1=O)OC)OC)C/C=C(\C)/C/C=C/C(=C/[C@@H](C)[C@H](/C(=C/CO)/C)O[C@H]2[C@@H]([C@H]([C@@H]([C@H](O2)CO)O)O)O)/C,-0.14,-0.1376705372367546,1.0329961881563277
C/C=C(\C)/[C@@H]([C@H](C)/C=C(\C)/C=C/C/C(=C/CC1=C(C(=O)C(=C(N1)OC)OC)C)/C)O[C@H]2[C@@H]([C@H]([C@@H]([C@H](O2)CO[C@@H]3[C@@H]([C@H]([C@@H]([C@H](O3)CO)O)O)O)O)O)O,0.43,0.4260845595784488,1.0329961881563277
C/C=C(\C)/C(=O)[C@H](C)/C=C(\C)/C=C/C/C(=C/CC1=C(C(=O)C(=C(N1)OC)OC)C)/C,5.14,5.141462802430361,1.0329961881563277
C[C@H]([C@@H](C(=O)N[C@@H](C(C)C)C(=O)N[C@@H](CC1=CC=CC=C1)C(=O)N[C@@H]([C@@H](C)O)C(=O)N[C@@H](CO)C(=O)N[C@@H](CC2=CNC3=CC=CC=C32)C(=O)N[C@@H](CCC(=O)O)C(=O)N[C@@H](CCC(=O)O)C(=O)N[C@@H](CC4=CC=C(C=C4)O)C(=O)N[C@@H](CC(C)C)C(=O)N[C@@H](CC(=O)O)C(=O)N[C@@H](CC5=CNC6=CC=CC=C65)C(=O)N[C@@H](C(C)C)C(=O)N)NC(=O)C)O,5.01,5.013228265733755,1.0329961881563277
C[C@H]([C@@H](C(=O)N[C@@H](C(C)C)C(=O)N[C@@H](CC1=CC=CC=C1)C(=O)N[C@@H]([C@@H](C)O)C(=O)N[C@@H](CO)C(=O)N[C@@H](CC2=CNC3=CC=CC=C32)C(=O)N[C@@H](C)C(=O)N[C@@H](CCC(=O)O)C(=O)N[C@@H](CC4=CC=C(C=C4)O)C(=O)N[C@@H](CC(C)C)C(=O)N[C@@H](CC(=O)O)C(=O)N[C@@H](CC5=CNC6=CC=CC=C65)C(=O)N[C@@H](C(C)C)C(=O)N)NC(=O)C)O,5.15,5.154901959985743,1.0329961881563277
CC(C)C[C@H]1C(=O)N[C@@H](CC(=O)NCCCC[C@@H](C(=O)N[C@H](C(=O)N[C@H](C(=O)N1)CC2=CC=C(C=C2)O)CCC(=O)O)NC(=O)[C@H](CC3=CNC4=CC=CC=C43)NC(=O)[C@H](CO)NC(=O)[C@H](CC(=O)N)NC(=O)[C@H](CC5=CC=CC=C5)NC(=O)[C@H](C(C)C)NC(=O)[C@H](CC6=CN=CN6)NC(=O)C)C(=O)N[C@@H](CC7=CNC8=CC=CC=C87)C(=O)N[C@@H](C(C)C)C(=O)NC(CCCCN)C(=O)NC(CCCCN)C(=O)NC(CCCCN)C(=O)N,6.12,6.120904120499928,1.0329961881563277
C[C@H]([C@@H](C(=O)N[C@@H](C(C)C)C(=O)N[C@@H](CC1=CC=CC=C1)C(=O)N[C@@H]([C@@H](C)O)C(=O)N[C@@H](CO)C(=O)N[C@@H](CC2=CNC3=CC=CC=C32)C(=O)N[C@H]4CCCCNC(=O)C[C@H](NC(=O)[C@@H](NC(=O)[C@@H](NC(=O)[C@@H](NC4=O)CCC(=O)O)CC5=CC=C(C=C5)O)CC(C)C)C(=O)N[C@@H](CC6=CNC7=CC=CC=C76)C(=O)N[C@@H](C(C)C)C(=O)N)NC(=O)C)O,5.41,5.4089353929735005,1.0329961881563277
C[C@H]([C@@H](C(=O)N[C@@H](C(C)C)C(=O)N[C@@H](CC1=CC=CC=C1)C(=O)N[C@@H]([C@@H](C)O)C(=O)N[C@@H](CO)C(=O)N[C@@H](CC2=CNC3=CC=CC=C32)C(=O)N[C@@H](CCC(=O)O)C(=O)N[C@@H](CCC(=O)O)C(=O)N[C@@H](CC4=CC=C(C=C4)O)C(=O)N[C@@H](CC(C)C)C(=O)N[C@@H](CC(=O)O)C(=O)N[C@@H](CC5=CNC6=CC=CC=C65)C(=O)N[C@@H](C(C)C)C(=O)N[C@@H](CCCCN)C(=O)N[C@@H](CCCCN)C(=O)N[C@@H](CCCCN)C(=O)N)NC(=O)C)O,5.80,5.795880017344075,1.0329961881563277
CC(C)C[C@@H](C(=O)N[C@@H](CC(=O)O)C(=O)N[C@@H](CC1=CNC2=CC=CC=C21)C(=O)N[C@@H](C(C)C)C(=O)N[C@@H](CCCN)C(=O)N[C@@H](CCCCN)C(=O)N[C@@H](CCCCN)C(=O)N[C@@H](CCCCN)C(=O)N[C@@H](CCCCN)C(=O)N[C@@H](CCCCN)C(=O)N)NC(=O)[C@H](CC3=CC=C(C=C3)O)NC(=O)[C@H](CCC(=O)O)NC(=O)[C@H](CCC(=O)O)NC(=O)[C@H](CC4=CNC5=CC=CC=C54)NC(=O)[C@H](CO)NC(=O)[C@H](CC(=O)N)NC(=O)[C@H](CC6=CC=CC=C6)NC(=O)[C@H](C(C)C)NC(=O)[C@H](CC7=CN=CN7)NC(=O)C,6.58,6.578396073130168,1.0329961881563277
CC(C)C[C@H]1C(=O)N[C@@H](CC(=O)NCCCC[C@@H](C(=O)N[C@H](C(=O)N[C@H](C(=O)N1)CC2=CC=C(C=C2)O)CCC(=O)O)NC(=O)[C@H](CC3=CNC4=CC=CC=C43)NC(=O)[C@H](CO)NC(=O)[C@H](CC(=O)N)NC(=O)[C@H](CC5=CC=CC=C5)NC(=O)[C@H](C(C)C)NC(=O)[C@H](CC6=CN=CN6)NC(=O)C)C(=O)N[C@@H](CC7=CNC8=CC=CC=C87)C(=O)N[C@@H](C(C)C)C(=O)N[C@@H](CCCCN)C(=O)N[C@@H](CCCCN)C(=O)N[C@@H](CCCCN)C(=O)N[C@@H](CCCCN)C(=O)N[C@@H](CCCCN)C(=O)N[C@@H](CCCCN)C(=O)N,7.72,7.721246399047171,1.0329961881563277
CC(C)C[C@@H](C(=O)N[C@@H](CC(=O)O)C(=O)N[C@@H](CC1=CNC2=CC=CC=C21)C(=O)N[C@@H](C(C)C)C(=O)NC(CCCCN)C(=O)NC(CCCCN)C(=O)NC(CCCCN)C(=O)N)NC(=O)[C@H](CC3=CC=C(C=C3)O)NC(=O)[C@H](CCC(=O)O)NC(=O)[C@H](CCC(=O)O)NC(=O)[C@H](CC4=CNC5=CC=CC=C54)NC(=O)[C@H](CO)NC(=O)[C@H](CC(=O)N)NC(=O)[C@H](CC6=CC=CC=C6)NC(=O)[C@H](C(C)C)NC(=O)[C@H](CC7=CN=CN7)NC(=O)C,5.96,5.958607314841775,1.0329961881563277
CC(C)C[C@@H](C(=O)N[C@@H](CC(=O)O)C(=O)N[C@@H](CC1=CNC2=CC=CC=C21)C(=O)N[C@@H](C(C)C)C(=O)N)NC(=O)[C@H](CC3=CC=C(C=C3)O)NC(=O)[C@H](CCC(=O)O)NC(=O)[C@H](CCC(=O)O)NC(=O)[C@H](CC4=CNC5=CC=CC=C54)NC(=O)[C@H](CO)NC(=O)[C@H](CCCN)NC(=O)[C@H](CC6=CC=CC=C6)NC(=O)[C@H](C(C)C)NC(=O)[C@H](CC7=CN=CN7)NC(=O)C,5.96,5.958607314841775,1.0329961881563277
CC(C)C[C@@H](C(=O)N[C@@H](CC(=O)O)C(=O)N[C@@H](CC1=CNC2=CC=CC=C21)C(=O)N[C@@H](C(C)C)C(=O)N)NC(=O)[C@H](CC3=CC=C(C=C3)O)NC(=O)[C@H](CCC(=O)O)NC(=O)[C@H](CCC(=O)O)NC(=O)[C@H](CC4=CNC5=CC=CC=C54)NC(=O)[C@H](CO)NC(=O)[C@H](CCCCN)NC(=O)[C@H](CC6=CC=CC=C6)NC(=O)[C@H](C(C)C)NC(=O)[C@H](CC7=CN=CN7)NC(=O)C,5.92,5.920818753952375,1.0329961881563277
C[C@H]([C@@H](C(=O)N[C@@H](C(C)C)C(=O)N[C@@H](CC1=CC=CC=C1)C(=O)N[C@@H]([C@@H](C)O)C(=O)N[C@@H](CO)C(=O)N[C@@H](CC2=CNC3=CC=CC=C32)C(=O)N[C@H]4CCCCNC(=O)C[C@H](NC(=O)[C@@H](NC(=O)[C@@H](NC(=O)[C@@H](NC4=O)CCC(=O)O)CC5=CC=C(C=C5)O)CC(C)C)C(=O)N[C@@H](CC6=CNC7=CC=CC=C76)C(=O)N[C@@H](C(C)C)C(=O)N[C@@H](CCCCN)C(=O)N[C@@H](CCCCN)C(=O)N[C@@H](CCCCN)C(=O)N)NC(=O)C)O,6.00,6.0,1.0329961881563277
CC(C)C[C@@H](C(=O)N[C@@H](CC(=O)O)C(=O)N[C@@H](CC1=CNC2=CC=CC=C21)C(=O)N[C@@H](C(C)C)C(=O)N)NC(=O)[C@H](CC3=CC=C(C=C3)O)NC(=O)[C@H](CCC(=O)O)NC(=O)[C@H](CCC(=O)O)NC(=O)[C@H](CC4=CNC5=CC=CC=C54)NC(=O)[C@H](CO)NC(=O)[C@H](CC(=O)N)NC(=O)[C@H](CC6=CC=CC=C6)NC(=O)[C@H](C(C)C)NC(=O)[C@H](CC7=CN=CN7)NC(=O)C,5.41,5.4089353929735005,1.0329961881563277
C[C@H]([C@@H](C(=O)N[C@@H](C(C)C)C(=O)N[C@@H](CC1=CC=CC=C1)C(=O)N[C@@H]([C@@H](C)O)C(=O)N[C@@H](CO)C(=O)N[C@@H](CC2=CNC3=CC=CC=C32)C(=O)N[C@]4(CCC/C=C\CCC[C@@](NC(=O)[C@@H](NC(=O)[C@@H](NC(=O)[C@@H](NC4=O)CCC(=O)O)CC5=CC=C(C=C5)O)CC(C)C)(C)C(=O)N[C@@H](CC6=CNC7=CC=CC=C76)C(=O)N[C@@H](C(C)C)C(=O)N)C)NC(=O)C)O,5.19,5.187086643357144,1.0329961881563277
C[C@H]([C@@H](C(=O)N[C@@H](C(C)C)C(=O)N[C@@H](CC1=CC=CC=C1)C(=O)N[C@@H]([C@@H](C)O)C(=O)N[C@@H](CO)C(=O)N[C@@H](CC2=CNC3=CC=CC=C32)C(=O)N[C@H]4CCCCNC(=O)C[C@H](NC(=O)[C@@H](NC(=O)[C@@H](NC(=O)[C@@H](NC4=O)CCC(=O)O)CC5=CC=C(C=C5)O)CC(C)C)C(=O)N[C@@H](CC6=CNC7=CC=CC=C76)C(=O)N[C@@H](C(C)C)C(=O)N[C@@H](CCCCN)C(=O)N[C@@H](CCCCN)C(=O)N[C@@H](C)C(=O)N[C@@H](CCCCN)C(=O)N[C@@H](CCCCN)C(=O)N[C@H](CCCCN)C(=O)N)NC(=O)C)O,6.88,6.876148359032914,1.0329961881563277
CC(C)C[C@H]1C(=O)N[C@](CCC/C=C\CCC[C@](C(=O)N[C@H](C(=O)N[C@H](C(=O)N1)CC2=CC=C(C=C2)O)CCC(=O)O)(C)NC(=O)[C@H](CC3=CNC4=CC=CC=C43)NC(=O)[C@H](CO)NC(=O)[C@H](CCCNC(=N)N)NC(=O)[C@H](CC5=CC=CC=C5)NC(=O)[C@H](C(C)C)NC(=O)[C@H](CC6=CN=CN6)NC(=O)C)(C)C(=O)N[C@@H](CC7=CNC8=CC=CC=C87)C(=O)N[C@@H](C(C)C)C(=O)N[C@@H](CCCCN)C(=O)N[C@@H](CCCCN)C(=O)N[C@@H](CCCCN)C(=O)N[C@@H](CCCCN)C(=O)N[C@@H](CCCCN)C(=O)N[C@@H](CCCCN)C(=O)N,8.15,8.154901959985743,1.0329961881563277
C[C@H]([C@@H](C(=O)N[C@@H](C(C)C)C(=O)N[C@@H](CC1=CC=CC=C1)C(=O)N[C@@H]([C@@H](C)O)C(=O)N[C@@H](CO)C(=O)N[C@@H](CC2=CNC3=CC=CC=C32)C(=O)N[C@@H](CCC(=O)O)C(=O)N[C@@H](CCC(=O)O)C(=O)N[C@@H](CC4=CC=C(C=C4)O)C(=O)N[C@@H](CC(C)C)C(=O)NC(C)C(=O)N[C@@H](CC5=CNC6=CC=CC=C65)C(=O)N[C@@H](C(C)C)C(=O)N[C@@H](CCCCN)C(=O)N[C@@H](CCCCN)C(=O)N[C@@H](CCCCN)C(=O)N[C@@H](CCCCN)C(=O)N[C@@H](CCCCN)C(=O)N[C@@H](CCCCN)C(=O)N)NC(=O)C)O,7.14,7.139661993429006,1.0329961881563277
C[C@H]([C@@H](C(=O)N[C@@H](C(C)C)C(=O)N[C@@H](CC1=CC=CC=C1)C(=O)N[C@@H]([C@@H](C)O)C(=O)N[C@@H](CO)C(=O)N[C@@H](CC2=CNC3=CC=CC=C32)C(=O)N[C@H]4CCCCNC(=O)C[C@H](NC(=O)[C@@H](NC(=O)[C@@H](NC(=O)[C@@H](NC4=O)CCC(=O)O)CC5=CC=C(C=C5)O)CC(C)C)C(=O)N[C@@H](CC6=CNC7=CC=CC=C76)C(=O)N[C@@H](C(C)C)C(=O)N[C@@H](CCCCN)C(=O)N[C@@H](CCCCN)C(=O)N[C@@H](CCCCN)C(=O)N[C@@H](CCCCN)C(=O)N[C@@H](CCCCN)C(=O)N[C@@H](CCCCN)C(=O)N)NC(=O)C)O,7.60,7.602059991327962,1.0329961881563277
CC(C)C[C@@H](C(=O)N[C@@H](CC(=O)O)C(=O)N[C@@H](CC1=CNC2=CC=CC=C21)C(=O)N[C@@H](C(C)C)C(=O)N)NC(=O)[C@H](CC3=CC=C(C=C3)O)NC(=O)[C@H](CCC(=O)O)NC(=O)[C@H](CCC(=O)O)NC(=O)[C@H](CC4=CNC5=CC=CC=C54)NC(=O)[C@H](CO)NC(=O)[C@H](CCCNC(=N)N)NC(=O)[C@H](CC6=CC=CC=C6)NC(=O)[C@H](C(C)C)NC(=O)[C@H](CC7=CN=CN7)NC(=O)C,6.06,6.062983892535186,1.0329961881563277
CC(C)C[C@H]1C(=O)N[C@@H](CC(=O)NCCCC[C@@H](C(=O)N[C@H](C(=O)N[C@H](C(=O)N1)CC2=CC=C(C=C2)O)CCC(=O)O)NC(=O)[C@H](CC3=CNC4=CC=CC=C43)NC(=O)[C@H](CO)NC(=O)[C@H](CC(=O)N)NC(=O)[C@H](CC5=CC=CC=C5)NC(=O)[C@H](C(C)C)NC(=O)[C@H](CC6=CN=CN6)NC(=O)C)C(=O)N[C@@H](CC7=CNC8=CC=CC=C87)C(=O)N[C@@H](C(C)C)C(=O)N,5.28,5.275724130399211,1.0329961881563277
CC(C)C[C@H]1C(=O)N[C@@H](CC(=O)NCCCC[C@@H](C(=O)N[C@H](C(=O)N[C@H](C(=O)N1)CC2=CC=C(C=C2)O)CCC(=O)O)NC(=O)[C@H](CC3=CNC4=CC=CC=C43)NC(=O)[C@H](CO)NC(=O)[C@H](CCCCN)NC(=O)[C@H](CC5=CC=CC=C5)NC(=O)[C@H](C(C)C)NC(=O)[C@H](CC6=CN=CN6)NC(=O)C)C(=O)N[C@@H](CC7=CNC8=CC=CC=C87)C(=O)N[C@@H](C(C)C)C(=O)N[C@@H](CCCCN)C(=O)N[C@@H](CCCCN)C(=O)N[C@@H](CCCCN)C(=O)N[C@@H](CCCCN)C(=O)N[C@@H](CCCCN)C(=O)N[C@@H](CCCCN)C(=O)N,8.22,8.221848749616356,1.0329961881563277
C[C@H]([C@@H](C(=O)N[C@@H](C(C)C)C(=O)N[C@@H](CC1=CC=CC=C1)C(=O)N[C@@H]([C@@H](C)O)C(=O)N[C@@H](CO)C(=O)N[C@@H](CC2=CNC3=CC=CC=C32)C(=O)N[C@@H](CCC(=O)O)C(=O)N[C@@H](CCC(=O)O)C(=O)N[C@@H](CC4=CC=C(C=C4)O)C(=O)N[C@@H](CC(C)C)C(=O)N[C@@H](C)C(=O)N[C@@H](CC5=CNC6=CC=CC=C65)C(=O)N[C@@H](C(C)C)C(=O)N)NC(=O)C)O,5.07,5.065501548756432,1.0329961881563277
C[C@H]([C@@H](C(=O)N[C@@H](C(C)C)C(=O)N[C@@H](CC1=CC=CC=C1)C(=O)N[C@@H]([C@@H](C)O)C(=O)N[C@@H](CO)C(=O)N[C@@H](CC2=CNC3=CC=CC=C32)C(=O)N[C@@H](CCC(=O)O)C(=O)N[C@@H](CCC(=O)O)C(=O)N[C@@H](CC4=CC=C(C=C4)O)C(=O)N[C@@H](CC(C)C)C(=O)N[C@@H](CC(=O)O)C(=O)N[C@@H](CC5=CNC6=CC=CC=C65)C(=O)N[C@@H](C(C)C)C(=O)N[C@@H](CCCCN)C(=O)N[C@@H](CCCCN)C(=O)N[C@@H](CCCCN)C(=O)N[C@@H](CCCCN)C(=O)N[C@@H](CCCCN)C(=O)N[C@@H](CCCCN)C(=O)N)NC(=O)C)O,6.37,6.372634143407268,1.0329961881563277
CC[C@H](C)[C@@H](C(=O)NCC(=O)N[C@@H](CC(C)C)C(=O)N[C@@H](CC(C)C)C(=O)N[C@@H](CCCNC(=N)N)C(=O)O)NC(=O)[C@H](CCCCNC(=N)N)NC(=O)[C@H](C(C)C)NC(=O)[C@H](CC(C)C)NC(=O)[C@H](CC(=O)N)NC(=O)[C@H](CC1=CNC2=CC=CC=C21)NC(=O)CNC(=O)[C@@H]3CCCN3C(=O)[C@H](CC4=CC=CC=C4)NC(=O)[C@H](CO)NC(=O)[C@H](CCC(=O)O)NC(=O)[C@H](CCSC)N,6.15,6.154901959985743,1.0329961881563277
C[C@H]1C(=O)N[C@H](C(=O)N([C@H](C(=O)N[C@H](C(=O)N[C@H](C(=O)N2CCC[C@H]2C(=O)N[C@@H](CSCC(=O)N[C@H](C(=O)N[C@H](C(=O)N[C@H](C(=O)N[C@H](C(=O)N[C@H](C(=O)N[C@H](C(=O)N1C)CC3=CC=C(C=C3)C4=CC=CC=C4)[C@@H](C)O)[C@@H](C)O)CO)C(C)C)CC5=CC=CC=C5)C(=O)NCC(=O)N)CCCNC(=N)N)CC(=O)O)C)C)CC6=CC=C(C=C6)C7=CC=CC=C7,9.52,9.522878745280336,1.0329961881563277
CC[C@H](C)[C@@H](C(=O)NCC(=O)N[C@@H](CC1=CC=C(C=C1)O)C(=O)N[C@@H](CCC(=O)O)C(=O)N[C@@H](CS)C(=O)N[C@@H](CC(C)C)C(=O)O)NC(=O)[C@H](CCCCN)NC(=O)[C@H](CC(C)C)NC(=O)[C@H](CC(=O)O)NC(=O)[C@H](CC(=O)N)NC(=O)[C@H](CS)NC(=O)[C@H](C(C)C)NC(=O)[C@H](CC2=CNC=N2)NC(=O)[C@H](CO)NC(=O)[C@H](CS)NC(=O)CNC(=O)CNC(=O)[C@H](CC(=O)N)NC(=O)[C@H](CC3=CNC4=CC=CC=C43)NC(=O)[C@H](CC5=CC=C(C=C5)O)NC(=O)[C@@H]6CCCN6C(=O)[C@H](CCC(=O)O)NC(=O)[C@H](CC7=CNC8=CC=CC=C87)NC(=O)[C@@H]9CCCN9C(=O)[C@H](CC1=CC=C(C=C1)O)NC(=O)[C@H](CCCCN)NC(=O)[C@H](CO)NC(=O)[C@H](CO)NC(=O)[C@H](CC(C)C)NC(=O)[C@H](CS)NC(=O)[C@H](CCC(=O)O)NC(=O)[C@H](CC(=O)N)NC(=O)[C@H]([C@@H](C)O)NC(=O)CN,7.82,7.823908740944319,1.0329961881563277
CC[C@H](C)[C@@H](C(=O)NCC(=O)N[C@@H](CC(C)C)C(=O)N1CCC[C@H]1C(=O)N[C@@H](CS)C(=O)O)NC(=O)[C@H](CCC(=O)N)NC(=O)[C@H](CC(C)C)NC(=O)[C@H](CC(=O)N)NC(=O)[C@H](CC2=CNC3=CC=CC=C32)NC(=O)[C@@H]4CCCN4C(=O)[C@H](CC(C)C)NC(=O)[C@H](CCCNC(=N)N)NC(=O)[C@H](CS)NC(=O)CNC(=O)[C@H](CO)NC(=O)CNC(=O)[C@H](C(C)C)NC(=O)[C@H](CC5=CNC6=CC=CC=C65)NC(=O)[C@H](CC(=O)O)NC(=O)[C@H](CC(C)C)NC(=O)[C@H](CC7=CC=C(C=C7)O)NC(=O)[C@H](CCC(=O)O)NC(=O)[C@H](CCC(=O)O)NC(=O)[C@H](CC8=CNC9=CC=CC=C98)NC(=O)[C@H](CO)NC(=O)[C@H]([C@@H](C)O)NC(=O)[C@H](CC1=CC=CC=C1)NC(=O)[C@H](C(C)C)NC(=O)[C@H]([C@@H](C)O)N,8.26,8.259637310505756,1.0329961881563277
CCNC(=O)[C@@H]1CSCC(=O)N[C@H](C(=O)N[C@H](C(=O)N2CCC[C@H]2C(=O)N[C@H](C(=O)N[C@H](C(=O)N[C@H](C(=O)N([C@H](C(=O)N[C@H](C(=O)N([C@H](C(=O)N[C@H](C(=O)N[C@H](C(=O)N3CCC[C@H]3C(=O)N1)C)CCC(=O)O)C)C)CC4=CC=C(C=C4)C5=CC=CC=C5)C)C)CC6=CC=C(C=C6)C7=CC=CC=C7)[C@@H](C)O)[C@@H](C)O)C(C)C)CC8=CC=CC=C8,8.21,8.214670164989233,1.0329961881563277
CC[C@H](C)[C@@H](C(=O)NCC(=O)N[C@@H](CC(C)C)C(=O)N[C@@H](CC(C)C)C(=O)N[C@@H](CCCN=C(N)N)C(=O)O)NC(=O)[C@H](CCCCN=C(N)N)NC(=O)[C@H](CCCCN)NC(=O)[C@H](CC(C)C)NC(=O)[C@H](CC(=O)N)NC(=O)[C@H](CC1=CNC2=CC=CC=C21)NC(=O)C3(CCC(CC3)C4=CC=CC=C4)N,6.41,6.4089353929735005,1.0329961881563277
CC[C@H](C)[C@@H](C(=O)NCC(=O)N[C@@H](CC1=CC=C(C=C1)O)C(=O)N[C@@H](CCC(=O)O)C(=O)N[C@@H](CS)C(=O)N[C@@H](CC(C)C)C(=O)N[C@@H](CS)C(=O)N2CCC[C@H]2C(=O)N[C@@H](CC(=O)O)C(=O)NCC(=O)N[C@@H](CC3=CC=CC=C3)C(=O)N[C@@H](CCC(=O)N)C(=O)N[C@@H](CC(C)C)C(=O)N[C@@H](C(C)C)C(=O)N[C@@H](C)C(=O)N[C@@H](CCC(=O)N)C(=O)N[C@@H](CCCNC(=N)N)C(=O)N[C@@H](CCCNC(=N)N)C(=O)N[C@@H](CS)C(=O)N[C@@H](CCC(=O)O)C(=O)O)NC(=O)[C@H](CCCCN)NC(=O)[C@H](CC(C)C)NC(=O)[C@H](CC(=O)O)NC(=O)[C@H](CC(=O)N)NC(=O)[C@H](CS)NC(=O)[C@H](C(C)C)NC(=O)[C@H](CC4=CNC=N4)NC(=O)[C@H](CO)NC(=O)[C@H](CS)NC(=O)CNC(=O)CNC(=O)[C@H](CC(=O)N)NC(=O)[C@H](CC(=O)N)NC(=O)[C@H](CC(=O)O)NC(=O)[C@H](CC(C)C)NC(=O)[C@H](CS)NC(=O)[C@H](CCC(=O)O)NC(=O)[C@H](CC(=O)N)NC(=O)[C@H]([C@@H](C)O)NC(=O)CN,6.00,6.0,1.0329961881563277
CN(C)C1=CC2=C(C=C1)NC3=C(O2)C(=O)C(=O)C=C3C(=O)O,6.33,6.327902142064282,1.0329961881563277
C1=CC(=CC(=C1)NC(=O)NC2=CC=CC(=C2)C(=O)NC3=C4C(=CC(=CC4=C(C=C3)S(=O)(=O)O)S(=O)(=O)O)S(=O)(=O)O)C(=O)NC5=C6C(=CC(=CC6=C(C=C5)S(=O)(=O)O)S(=O)(=O)O)S(=O)(=O)O,7.58,7.576754126063192,1.0329961881563277
C1=CC(=CC(=C1)NC(=O)NC2=CC=CC(=C2)C(=O)NC3=C(C=CC(=C3)C(=O)NC4=C5C(=CC(=CC5=C(C=C4)S(=O)(=O)O)S(=O)(=O)O)S(=O)(=O)O)F)C(=O)NC6=C(C=CC(=C6)C(=O)NC7=C8C(=CC(=CC8=C(C=C7)S(=O)(=O)O)S(=O)(=O)O)S(=O)(=O)O)F,8.81,8.809668301829708,1.0329961881563277
C1=CC(=C(C=C1S(=O)(=O)O)S(=O)(=O)O)NC(=O)C2=CC(=CC(=C2)NC(=O)NC3=CC(=CC(=C3)C(=O)NC4=C(C=C(C=C4)S(=O)(=O)O)S(=O)(=O)O)C(=O)NC5=C(C=C(C=C5)S(=O)(=O)O)S(=O)(=O)O)C(=O)NC6=C(C=C(C=C6)S(=O)(=O)O)S(=O)(=O)O,8.33,8.33161408331,1.0329961881563277
C1=CC(=CC=C1NC(=O)C2=CC(=CC(=C2)NC(=O)NC3=CC(=CC(=C3)C(=O)NC4=CC=C(C=C4)S(=O)(=O)O)C(=O)NC5=CC=C(C=C5)S(=O)(=O)O)C(=O)NC6=CC=C(C=C6)S(=O)(=O)O)S(=O)(=O)O,8.16,8.162411561764488,1.0329961881563277
CC1=C(C=C(C=C1)C(=O)NC2=C(C=C(C=C2)P(=O)(O)[O-])P(=O)(O)[O-])NC(=O)C3=CC(=CC=C3)NC(=O)NC4=CC=CC(=C4)C(=O)NC5=C(C=CC(=C5)C(=O)NC6=C(C=C(C=C6)P(=O)(O)[O-])P(=O)(O)[O-])C.[Na+].[Na+].[Na+].[Na+],<7.00,6.849485002168009,0.25758576648263093
C1=CC(=CC(=C1)NC(=O)NC2=CC=CC(=C2)C(=O)NC3=C4C=C(C=CC4=CC(=C3)S(=O)(=O)O)S(=O)(=O)O)C(=O)NC5=C6C=C(C=CC6=CC(=C5)S(=O)(=O)O)S(=O)(=O)O,<7.00,6.849485002168009,0.25758576648263093
C1=CC(=CC=C1C(=O)NC2=C3C(=CC(=CC3=C(C=C2)S(=O)(=O)O)S(=O)(=O)O)S(=O)(=O)O)NC(=O)C4=CC=C(C=C4)NC(=O)NC5=CC=C(C=C5)C(=O)NC6=CC=C(C=C6)C(=O)NC7=C8C(=CC(=CC8=C(C=C7)S(=O)(=O)O)S(=O)(=O)O)S(=O)(=O)O,9.07,9.070581074285707,1.0329961881563277
C[C@H]1C(=O)N[C@H](C(=O)N([C@H](C(=O)N[C@H](C(=O)N[C@H](C(=O)N2CCC[C@H]2C(=O)N[C@@H](CSCC(=O)N[C@H](C(=O)N[C@H](C(=O)N[C@H](C(=O)N[C@H](C(=O)N[C@H](C(=O)N[C@H](C(=O)N1C)CC3=CC=C(C=C3)C4=CC=CC=C4)[C@@H](C)O)[C@@H](C)O)CO)C(C)C)CC5=CC=CC=C5)C(=O)NCC(=O)N)CCCNC(=N)N)CC(=O)O)C)C)CC6=CC=C(C=C6)C7=CC=CC=C7,9.0,9.0,1.0329961881563277
CCNC(=O)[C@@H]1CSCC(=O)N[C@H](C(=O)N[C@H](C(=O)N2CCC[C@H]2C(=O)N[C@H](C(=O)N[C@H](C(=O)N[C@H](C(=O)N([C@H](C(=O)N[C@H](C(=O)N([C@H](C(=O)N[C@H](C(=O)N[C@H](C(=O)N3CCC[C@H]3C(=O)N1)C)CCC(=O)O)C)C)CC4=CC=C(C=C4)C5=CC=CC=C5)C)C)CC6=CC=C(C=C6)C7=CC=CC=C7)[C@@H](C)O)[C@@H](C)O)C(C)C)CC8=CC=CC=C8,7.68,7.67778070526608,1.0329961881563277
