average,sample_weight,SMILES,Pharm2D_Gobbi_295,Pharm2D_Gobbi_294,Graph_Centrality_Max,Pharm2D_Gobbi_52,RDKit2D_SMR_VSA6,Tautomer_Score,FP_AtomPair1024_898,RDKit2D_fr_benzene,RDKit2D_BCUT2D_MRHI,AC2D_50,FP_AtomPair1024_899,Pharm2D_Gobbi_75,Pharm2D_Gobbi_176,AC2D_54,FP_RDKit512_233,AC2D_53,FP_RDKit512_31,FP_AtomPair1024_697,FP_TopoTorsion1024_870,FP_AtomPair1024_698,AC2D_163,FP_Morgan1024_r2_456,FP_RDKit512_157,Pharm2D_Gobbi_76,FP_MACCS_50,AC2D_115,AC2D_189,Pharm2D_Gobbi_73,FP_AtomPair1024_699,AC2D_52,FP_TopoTorsion1024_472,RDKit2D_fr_ether,FP_MACCS_43,FP_MACCS_126,FP_RDKit512_93,FP_RDKit512_105
9.327902142064282,1.0345132990659367,CN(C)c1ccc2nc3c(C(=O)O)cc(=O)c(O)c-3oc2c1,-2.6031650534956534,-2.3690097870133906,-3.080145489331983,-0.5070925528371101,-0.5690516670520233,-1.784161716697204,-1.3904435743076142,-0.9019140889581289,-0.614772753844372,-0.9859885754638142,-0.8717797887081349,0.6831300510639734,-0.5423261445466404,-1.3248488526528688,1.4638501094227998,-1.2363514797631718,-0.43495883620083997,0.5773502691896258,-0.43495883620083997,-1.260252075625209,-1.5883441382362515,1.3904435743076142,0.4714045207910315,0.7191949522280764,-0.39735970711951313,1.5196323450493898,1.100960147892562,0.6475761258027333,-0.7934920476158722,-0.9994732245047762,-0.9128709291752769,-0.35018319784856966,-0.6475761258027333,-0.39735970711951313,0.5070925528371101,-1.8439088914585773
3.721246399047171,1.0345132990659367,CC1=CCC(C(=O)N=C2CC=C(S(=O)(=O)O)c3cc(S(=O)(=O)O)cc(S(=O)(=O)O)c32)=CC1=NC(=O)C1=CC=C/C(=N\C(=O)/N=C2\C=CC=C(C(=O)N=C3CC(C(=O)N=C4CC=C(S(=O)(=O)O)c5cc(S(=O)(=O)O)cc(S(=O)(=O)O)c54)=CC=C3C)C2)C1,-0.9863108467400422,-0.8596893170497779,-0.19057706719661624,-0.5070925528371101,-1.4392687515343832,-0.2719494031043894,-1.3904435743076142,-0.9019140889581289,1.581844538807195,2.1230480678218258,-0.8717797887081349,-1.4638501094227998,-0.5423261445466404,0.8993951329565262,-0.6831300510639732,2.1070556038243193,2.2990681342044397,0.5773502691896258,-0.43495883620083997,0.7934920476158722,0.21256434863232168,1.3904435743076142,0.4714045207910315,-1.390443574307614,2.516611478423583,-0.8936364637060132,1.8793099758212441,0.6475761258027333,-0.7934920476158722,2.7325531766737448,-0.9128709291752769,-0.35018319784856966,-0.6475761258027333,-0.39735970711951313,0.5070925528371101,0.5423261445466404
5.15676722190199,1.0345132990659367,O=C(O)Cc1cccc(OCCCN(Cc2cccc(C(F)(F)F)c2Cl)CC(c2ccccc2)c2ccccc2)c1,-0.36258758464208635,-0.27543623190257305,2.725938274813752,-0.5070925528371101,-0.5369308486478019,-0.3270821437041274,-1.3904435743076142,0.15633177541940896,-0.22395954810382715,-0.5244693581938569,-0.8717797887081349,-1.4638501094227998,-0.5423261445466404,-0.851856560202871,-0.6831300510639732,-0.9311532861017354,2.2990681342044397,-1.7320508075688774,-0.43495883620083997,-1.260252075625209,-2.7606336249714545,-0.7191949522280762,0.4714045207910315,-1.390443574307614,-0.39735970711951313,2.26272098117642,-1.0495321601990557,-1.5442199922988258,-0.7934920476158722,-0.7989052714660155,-0.9128709291752769,0.48324321271253295,-0.6475761258027333,2.516611478423583,0.5070925528371101,0.5423261445466404
5.489454989793388,1.0345132990659367,C/C=C(\C)[C@H](O)[C@H](C)/C=C(C)/C=C/C/C(C)=C/Cc1[nH]c(OC)c(OC)c(=O)c1C,-0.2180372718381833,-0.14154489988967192,0.41394647885817437,-0.5070925528371101,-0.7878358277110419,-2.0893608164457538,-1.3904435743076142,-1.9601599533356666,-1.2391761174972407,-1.0433330291066383,-0.8717797887081349,-1.4638501094227998,-0.5423261445466404,-1.356018530274334,-0.6831300510639732,-1.3224330215651157,2.2990681342044397,-1.7320508075688774,-0.43495883620083997,-1.260252075625209,-1.1975809759911844,-0.7191949522280762,0.4714045207910315,-1.390443574307614,2.516611478423583,1.908869249687358,-1.5871552372219604,-1.5442199922988258,-0.7934920476158722,-1.08784847881248,-0.9128709291752769,1.3166696232736355,-0.6475761258027333,2.516611478423583,0.5070925528371101,0.5423261445466404
-0.5430742350335329,1.0345132990659367,C/C=C(\C)[C@H](O[C@@H]1O[C@H](CO)[C@@H](O)[C@H](O)[C@H]1O)[C@H](C)/C=C(C)/C=C/C/C(C)=C/Cc1[nH]c(OC)c(OC)c(=O)c1C,-2.8391268167631902,-2.5881046939435923,0.4515916275019822,-0.5070925528371101,-0.4851591017834888,-2.0893608164457538,-1.3904435743076142,-1.9601599533356666,-1.238859695196476,-0.7842466421661682,-0.8717797887081349,-1.4638501094227998,-0.5423261445466404,-1.2264979281191202,-0.6831300510639732,-1.1756248648192553,2.2990681342044397,-1.7320508075688774,-0.43495883620083997,-1.260252075625209,-2.327396205960618,-0.7191949522280762,0.4714045207910315,-1.390443574307614,2.516611478423583,2.4538009161805134,-1.8760273383088943,-1.5442199922988258,-0.7934920476158722,-0.9679255568913878,-0.9128709291752769,2.983522444395841,-0.6475761258027333,2.516611478423583,0.5070925528371101,0.5423261445466404
-0.1376705372367546,1.0345132990659367,COc1[nH]c(C/C=C(\C)C/C=C/C(C)=C/[C@@H](C)[C@@H](O[C@@H]2O[C@H](CO)[C@@H](O)[C@H](O)[C@H]2O)/C(C)=C/CO)c(C)c(=O)c1OC,-2.6629818851881457,-2.425812170291591,0.7511388398451952,-0.5070925528371101,-0.18248233004359554,-2.0913298428957443,-1.3904435743076142,-1.9601599533356666,-1.2388213008587257,-0.7669742163701367,-0.8717797887081349,-1.4638501094227998,-0.5423261445466404,-1.1792894843429207,-0.6831300510639732,-1.1396271291566245,2.2990681342044397,-1.7320508075688774,-0.43495883620083997,-1.260252075625209,-2.2679322464885425,-0.7191949522280762,0.4714045207910315,-1.390443574307614,2.516611478423583,2.1494884270999206,-1.7636881878861979,-1.5442199922988258,-0.7934920476158722,-0.9413920881039682,-0.9128709291752769,2.983522444395841,-0.6475761258027333,2.516611478423583,0.5070925528371101,0.5423261445466404
0.4260845595784488,1.0345132990659367,C/C=C(\C)[C@H](O[C@@H]1O[C@H](CO[C@H]2O[C@H](CO)[C@@H](O)[C@H](O)[C@H]2O)[C@@H](O)[C@H](O)[C@H]1O)[C@H](C)/C=C(C)/C=C/C/C(C)=C/Cc1[nH]c(OC)c(OC)c(=O)c1C,-2.4180344535472034,-2.1945453240874895,0.9225152186815715,-0.5070925528371101,-0.18248233004359554,-2.0893608164457538,-1.3904435743076142,-1.9601599533356666,-1.2385935827175896,-0.5434690265694914,-0.8717797887081349,-1.4638501094227998,-0.5423261445466404,-1.0070997118515268,-0.6831300510639732,-0.9828022111829017,2.2990681342044397,-1.7320508075688774,-0.43495883620083997,-1.260252075625209,-2.2509425437822355,-0.7191949522280762,0.4714045207910315,-1.390443574307614,2.516611478423583,2.3688765006231387,-1.6834459375842719,-1.5442199922988258,-0.7934920476158722,-0.8503008094321979,-0.9128709291752769,4.2233341701941605,-0.6475761258027333,2.516611478423583,0.5070925528371101,0.5423261445466404
5.141462802430361,1.0345132990659367,C/C=C(\C)C(=O)[C@H](C)/C=C(C)/C=C/C/C(C)=C/Cc1[nH]c(OC)c(OC)c(=O)c1C,-0.3692372337641937,-0.28355085808517333,0.41394647885817437,-0.5070925528371101,-0.7878358277110419,-2.0834537370957817,-1.3904435743076142,-1.9601599533356666,-0.6081883455774073,-1.0433330291066383,-0.8717797887081349,-1.4638501094227998,-0.5423261445466404,-1.356018530274334,-0.6831300510639732,-1.3224330215651157,2.2990681342044397,-1.7320508075688774,-0.43495883620083997,-1.260252075625209,-1.1975809759911844,-0.7191949522280762,0.4714045207910315,-1.390443574307614,2.516611478423583,1.908869249687358,-2.9512734923547024,-1.5442199922988258,-0.7934920476158722,-1.08784847881248,-0.9128709291752769,1.3166696232736355,-0.6475761258027333,2.516611478423583,0.5070925528371101,0.5423261445466404
5.013228265733755,1.0345132990659367,CC(=O)N[C@H](C(=O)N[C@H](C(=O)N[C@@H](Cc1ccccc1)C(=O)N[C@H](C(=O)N[C@@H](CO)C(=O)N[C@@H](Cc1c[nH]c2ccccc12)C(=O)N[C@@H](CCC(=O)O)C(=O)N[C@@H](CCC(=O)O)C(=O)N[C@@H](Cc1ccc(O)cc1)C(=O)N[C@@H](CC(C)C)C(=O)N[C@@H](CC(=O)O)C(=O)N[C@@H](Cc1c[nH]c2ccccc12)C(=O)N[C@H](C(N)=O)C(C)C)[C@@H](C)O)C(C)C)[C@@H](C)O,-0.4249542233432563,-0.3362959282720737,0.3844425286798265,-0.5070925528371101,-1.13659202560683,0.24196650034316863,-1.3904435743076142,0.15633177541940896,-0.5565121045230812,-0.4629795223599853,-0.8717797887081349,0.6831300510639734,-0.5423261445466404,-0.26719814112840146,-0.6831300510639732,-0.33859925471599234,-0.43495883620083997,-1.7320508075688774,-0.43495883620083997,-1.260252075625209,-0.2716421784974374,-0.7191949522280762,0.4714045207910315,0.7191949522280764,-0.39735970711951313,0.005146934276204454,-0.34340035754210685,0.6475761258027333,-0.7934920476158722,-0.35974502429156263,-0.9128709291752769,-0.35018319784856966,-0.6475761258027333,-0.39735970711951313,0.5070925528371101,0.5423261445466404
5.154901959985743,1.0345132990659367,CC(=O)N[C@H](C(=O)N[C@H](C(=O)N[C@@H](Cc1ccccc1)C(=O)N[C@H](C(=O)N[C@@H](CO)C(=O)N[C@@H](Cc1c[nH]c2ccccc12)C(=O)N[C@@H](C)C(=O)N[C@@H](CCC(=O)O)C(=O)N[C@@H](Cc1ccc(O)cc1)C(=O)N[C@@H](CC(C)C)C(=O)N[C@@H](CC(=O)O)C(=O)N[C@@H](Cc1c[nH]c2ccccc12)C(=O)N[C@H](C(N)=O)C(C)C)[C@@H](C)O)C(C)C)[C@@H](C)O,-0.36339808720817046,-0.279493544993873,0.5256037644360838,-0.5070925528371101,-1.13659202560683,0.23409039454320607,-1.3904435743076142,0.15633177541940896,-0.5585243870696823,-0.49786982246796857,-0.8717797887081349,0.6831300510639734,-0.5423261445466404,-0.37493023077152315,-0.6831300510639732,-0.4372017480527641,-0.43495883620083997,-1.7320508075688774,-0.43495883620083997,-1.260252075625209,-0.06776574602174976,-0.7191949522280762,0.4714045207910315,0.7191949522280764,-0.39735970711951313,0.01930100353576695,-0.3353761325119143,0.6475761258027333,-0.7934920476158722,-0.39609796577983797,-0.9128709291752769,-0.35018319784856966,-0.6475761258027333,-0.39735970711951313,0.5070925528371101,0.5423261445466404
6.120904120499928,1.0345132990659367,CC(=O)N[C@@H](Cc1cnc[nH]1)C(=O)N[C@H](C(=O)N[C@@H](Cc1ccccc1)C(=O)N[C@@H](CC(N)=O)C(=O)N[C@@H](CO)C(=O)N[C@@H](Cc1c[nH]c2ccccc12)C(=O)N[C@H]1CCCCNC(=O)C[C@@H](C(=O)N[C@@H](Cc2c[nH]c3ccccc23)C(=O)N[C@H](C(=O)NC(CCCCN)C(=O)NC(CCCCN)C(=O)NC(CCCCN)C(N)=O)C(C)C)NC(=O)[C@H](CC(C)C)NC(=O)[C@H](Cc2ccc(O)cc2)NC(=O)[C@H](CCC(=O)O)NC1=O)C(C)C,0.05632266964960149,0.11406582486223019,-0.35214398664255003,-0.5070925528371101,0.06273041993590645,0.4644664891921114,0.7191949522280764,0.15633177541940896,-0.5376108368374266,-0.38456270924600305,1.1470786693528088,0.6831300510639734,-0.5423261445466404,-0.1818598004560411,-0.6831300510639732,-0.18991295523990784,-0.43495883620083997,0.5773502691896258,-0.43495883620083997,0.7934920476158722,0.671286321702617,-0.7191949522280762,0.4714045207910315,0.7191949522280764,-0.39735970711951313,-0.46901438591913847,0.2182953945713749,0.6475761258027333,1.260252075625209,-0.23794177781073197,1.0954451150103321,-0.35018319784856966,-0.6475761258027333,-0.39735970711951313,0.5070925528371101,0.5423261445466404
5.4089353929735005,1.0345132990659367,CC(=O)N[C@H](C(=O)N[C@H](C(=O)N[C@@H](Cc1ccccc1)C(=O)N[C@H](C(=O)N[C@@H](CO)C(=O)N[C@@H](Cc1c[nH]c2ccccc12)C(=O)N[C@H]1CCCCNC(=O)C[C@@H](C(=O)N[C@@H](Cc2c[nH]c3ccccc23)C(=O)N[C@H](C(N)=O)C(C)C)NC(=O)[C@H](CC(C)C)NC(=O)[C@H](Cc2ccc(O)cc2)NC(=O)[C@H](CCC(=O)O)NC1=O)[C@@H](C)O)C(C)C)[C@@H](C)O,-0.2530224017673237,-0.17400340462007222,0.4200128177129834,-0.5070925528371101,-0.8367614371273159,0.23212136809321543,0.7191949522280764,0.15633177541940896,-0.5552516007621884,-0.4954516828565243,-0.8717797887081349,0.6831300510639734,-0.5423261445466404,-0.337708188563366,-0.6831300510639732,-0.4162291542319271,-0.43495883620083997,0.5773502691896258,-0.43495883620083997,-1.260252075625209,0.05965702427555596,-0.7191949522280762,0.4714045207910315,0.7191949522280764,-0.39735970711951313,-0.016084169613139285,-0.15081895681748425,0.6475761258027333,-0.7934920476158722,-0.3866963429811461,1.0954451150103321,-0.35018319784856966,-0.6475761258027333,-0.39735970711951313,0.5070925528371101,0.5423261445466404
5.795880017344075,1.0345132990659367,CC(=O)N[C@H](C(=O)N[C@H](C(=O)N[C@@H](Cc1ccccc1)C(=O)N[C@H](C(=O)N[C@@H](CO)C(=O)N[C@@H](Cc1c[nH]c2ccccc12)C(=O)N[C@@H](CCC(=O)O)C(=O)N[C@@H](CCC(=O)O)C(=O)N[C@@H](Cc1ccc(O)cc1)C(=O)N[C@@H](CC(C)C)C(=O)N[C@@H](CC(=O)O)C(=O)N[C@@H](Cc1c[nH]c2ccccc12)C(=O)N[C@H](C(=O)N[C@@H](CCCCN)C(=O)N[C@@H](CCCCN)C(=O)N[C@@H](CCCCN)C(N)=O)C(C)C)[C@@H](C)O)C(C)C)[C@@H](C)O,-0.0848978653771794,-0.01576819405937102,0.4182743067533051,-0.5070925528371101,-0.23710016854360755,0.2715018970930283,0.7191949522280764,0.15633177541940896,-0.5431952270659907,-0.3372362625648772,-0.8717797887081349,0.6831300510639734,-0.5423261445466404,-0.06625963685021932,-0.6831300510639732,-0.15203707684705264,-0.43495883620083997,0.5773502691896258,-0.43495883620083997,0.7934920476158722,0.12761583510078517,-0.7191949522280762,0.4714045207910315,0.7191949522280764,-0.39735970711951313,-0.16470189683854528,-0.13477050675709903,0.6475761258027333,-0.7934920476158722,-0.21433325833846129,-0.9128709291752769,-0.35018319784856966,-0.6475761258027333,-0.39735970711951313,0.5070925528371101,0.5423261445466404
6.578396073130168,1.0345132990659367,CC(=O)N[C@@H](Cc1cnc[nH]1)C(=O)N[C@H](C(=O)N[C@@H](Cc1ccccc1)C(=O)N[C@@H](CC(N)=O)C(=O)N[C@@H](CO)C(=O)N[C@@H](Cc1c[nH]c2ccccc12)C(=O)N[C@@H](CCC(=O)O)C(=O)N[C@@H](CCC(=O)O)C(=O)N[C@@H](Cc1ccc(O)cc1)C(=O)N[C@@H](CC(C)C)C(=O)N[C@@H](CC(=O)O)C(=O)N[C@@H](Cc1c[nH]c2ccccc12)C(=O)N[C@H](C(=O)N[C@@H](CCCN)C(=O)N[C@@H](CCCCN)C(=O)N[C@@H](CCCCN)C(=O)N[C@@H](CCCCN)C(=O)N[C@@H](CCCCN)C(=O)N[C@@H](CCCCN)C(N)=O)C(C)C)C(C)C,0.25509957538724537,0.3007022270620317,0.22740886526079157,-0.5070925528371101,0.6623915968949344,0.5038470181919242,0.7191949522280764,0.15633177541940896,-0.5261836669003868,-0.22565639192251477,1.1470786693528088,0.6831300510639734,-0.5423261445466404,0.08293115021174402,-0.6831300510639732,0.07146190804963014,-0.43495883620083997,0.5773502691896258,-0.43495883620083997,0.7934920476158722,0.6033275108773878,-0.7191949522280762,0.4714045207910315,0.7191949522280764,-0.39735970711951313,-0.5256306629573885,0.2824891948129158,0.6475761258027333,1.260252075625209,-0.06745901772778552,-0.9128709291752769,-0.35018319784856966,-0.6475761258027333,-0.39735970711951313,0.5070925528371101,0.5423261445466404
7.721246399047171,1.0345132990659367,CC(=O)N[C@@H](Cc1cnc[nH]1)C(=O)N[C@H](C(=O)N[C@@H](Cc1ccccc1)C(=O)N[C@@H](CC(N)=O)C(=O)N[C@@H](CO)C(=O)N[C@@H](Cc1c[nH]c2ccccc12)C(=O)N[C@H]1CCCCNC(=O)C[C@@H](C(=O)N[C@@H](Cc2c[nH]c3ccccc23)C(=O)N[C@H](C(=O)N[C@@H](CCCCN)C(=O)N[C@@H](CCCCN)C(=O)N[C@@H](CCCCN)C(=O)N[C@@H](CCCCN)C(=O)N[C@@H](CCCCN)C(=O)N[C@@H](CCCCN)C(N)=O)C(C)C)NC(=O)[C@H](CC(C)C)NC(=O)[C@H](Cc2ccc(O)cc2)NC(=O)[C@H](CCC(=O)O)NC1=O)C(C)C,0.7516595731088402,0.7632359194702355,-0.008663183155666205,-0.5070925528371101,0.9622222311867888,0.4940018859419711,0.7191949522280764,0.15633177541940896,-0.525400003161776,-0.25674675835537114,1.1470786693528088,-1.4638501094227998,-0.5423261445466404,0.01423681215278736,-0.6831300510639732,-0.007420086619787243,-0.43495883620083997,0.5773502691896258,-0.43495883620083997,0.7934920476158722,0.9261318622972265,-0.7191949522280762,0.4714045207910315,-1.390443574307614,-0.39735970711951313,-0.5751699053658572,0.4028525702658049,-1.5442199922988258,1.260252075625209,-0.09524603622169714,1.0954451150103321,-0.35018319784856966,-0.6475761258027333,-0.39735970711951313,0.5070925528371101,0.5423261445466404
5.958607314841775,1.0345132990659367,CC(=O)N[C@@H](Cc1cnc[nH]1)C(=O)N[C@H](C(=O)N[C@@H](Cc1ccccc1)C(=O)N[C@@H](CC(N)=O)C(=O)N[C@@H](CO)C(=O)N[C@@H](Cc1c[nH]c2ccccc12)C(=O)N[C@@H](CCC(=O)O)C(=O)N[C@@H](CCC(=O)O)C(=O)N[C@@H](Cc1ccc(O)cc1)C(=O)N[C@@H](CC(C)C)C(=O)N[C@@H](CC(=O)O)C(=O)N[C@@H](Cc1c[nH]c2ccccc12)C(=O)N[C@H](C(=O)NC(CCCCN)C(=O)NC(CCCCN)C(=O)NC(CCCCN)C(N)=O)C(C)C)C(C)C,-0.014194181946716141,0.04914881540142958,0.3690194528804012,-0.5070925528371101,-0.23710016854360755,0.4743116214420646,0.7191949522280764,0.15633177541940896,-0.5385241366302211,-0.353126894297226,-0.8717797887081349,0.6831300510639734,-0.5423261445466404,-0.10862618895706512,-0.6831300510639732,-0.11197003193560247,-0.43495883620083997,0.5773502691896258,-0.43495883620083997,0.7934920476158722,0.32299741622331823,-0.7191949522280762,0.4714045207910315,0.7191949522280764,-0.39735970711951313,-0.4123981088808889,0.08188356905810054,0.6475761258027333,-0.7934920476158722,-0.2109904591211486,-0.9128709291752769,-0.35018319784856966,-0.6475761258027333,-0.39735970711951313,0.5070925528371101,0.5423261445466404
5.958607314841775,1.0345132990659367,CC(=O)N[C@@H](Cc1cnc[nH]1)C(=O)N[C@H](C(=O)N[C@@H](Cc1ccccc1)C(=O)N[C@@H](CCCN)C(=O)N[C@@H](CO)C(=O)N[C@@H](Cc1c[nH]c2ccccc12)C(=O)N[C@@H](CCC(=O)O)C(=O)N[C@@H](CCC(=O)O)C(=O)N[C@@H](Cc1ccc(O)cc1)C(=O)N[C@@H](CC(C)C)C(=O)N[C@@H](CC(=O)O)C(=O)N[C@@H](Cc1c[nH]c2ccccc12)C(=O)N[C@H](C(N)=O)C(C)C)C(C)C,-0.014194181946716141,0.04914881540142958,0.49317929324455523,-0.5070925528371101,-0.8367614371273159,0.43493109244225175,-1.3904435743076142,0.15633177541940896,-0.5569545220356572,-0.4971789254361274,-0.8717797887081349,0.6831300510639734,-0.5423261445466404,-0.34678673544340427,-0.6831300510639732,-0.33390389789043173,-0.43495883620083997,-1.7320508075688774,-0.43495883620083997,-1.260252075625209,0.1361106864539379,-0.7191949522280762,0.4714045207910315,0.7191949522280764,-0.39735970711951313,-0.36285886647242016,0.12200469420906358,0.6475761258027333,-0.7934920476158722,-0.3795928946443567,-0.9128709291752769,-0.35018319784856966,-0.6475761258027333,-0.39735970711951313,0.5070925528371101,0.5423261445466404
5.920818753952375,1.0345132990659367,CC(=O)N[C@@H](Cc1cnc[nH]1)C(=O)N[C@H](C(=O)N[C@@H](Cc1ccccc1)C(=O)N[C@@H](CCCCN)C(=O)N[C@@H](CO)C(=O)N[C@@H](Cc1c[nH]c2ccccc12)C(=O)N[C@@H](CCC(=O)O)C(=O)N[C@@H](CCC(=O)O)C(=O)N[C@@H](Cc1ccc(O)cc1)C(=O)N[C@@H](CC(C)C)C(=O)N[C@@H](CC(=O)O)C(=O)N[C@@H](Cc1c[nH]c2ccccc12)C(=O)N[C@H](C(N)=O)C(C)C)C(C)C,-0.030612789734424085,0.03291956303622943,0.5151732308752514,-0.5070925528371101,-0.8367614371273159,0.43493109244225175,-1.3904435743076142,0.15633177541940896,-0.5569087356846051,-0.4982152709838893,-0.8717797887081349,0.6831300510639734,-0.5423261445466404,-0.3422474620033851,-0.6831300510639732,-0.3332778503136904,-0.43495883620083997,0.5773502691896258,-0.43495883620083997,-1.260252075625209,0.1361106864539379,-0.7191949522280762,0.4714045207910315,0.7191949522280764,-0.39735970711951313,-0.3487047972128577,0.12200469420906358,0.6475761258027333,-0.7934920476158722,-0.37917504474219255,-0.9128709291752769,-0.35018319784856966,-0.6475761258027333,-0.39735970711951313,0.5070925528371101,0.5423261445466404
6.0,1.0345132990659367,CC(=O)N[C@H](C(=O)N[C@H](C(=O)N[C@@H](Cc1ccccc1)C(=O)N[C@H](C(=O)N[C@@H](CO)C(=O)N[C@@H](Cc1c[nH]c2ccccc12)C(=O)N[C@H]1CCCCNC(=O)C[C@@H](C(=O)N[C@@H](Cc2c[nH]c3ccccc23)C(=O)N[C@H](C(=O)N[C@@H](CCCCN)C(=O)N[C@@H](CCCCN)C(=O)N[C@@H](CCCCN)C(N)=O)C(C)C)NC(=O)[C@H](CC(C)C)NC(=O)[C@H](Cc2ccc(O)cc2)NC(=O)[C@H](CCC(=O)O)NC1=O)[C@@H](C)O)C(C)C)[C@@H](C)O,0.0037907717993566877,0.06537806776662973,-0.5476672183143806,-0.5070925528371101,0.06273041993590645,0.2616567648430751,0.7191949522280764,0.15633177541940896,-0.5421409273776675,-0.36798118048181294,1.1470786693528088,0.6831300510639734,-0.5423261445466404,-0.13737492074385313,-0.6831300510639732,-0.23185814288158216,-0.43495883620083997,0.5773502691896258,-0.43495883620083997,0.7934920476158722,0.44192533516746935,-0.7191949522280762,0.4714045207910315,0.7191949522280764,-0.39735970711951313,-0.19301003535767025,0.009665543786367945,0.6475761258027333,1.260252075625209,-0.24253812673453695,1.0954451150103321,-0.35018319784856966,-0.6475761258027333,-0.39735970711951313,0.5070925528371101,0.5423261445466404
5.4089353929735005,1.0345132990659367,CC(=O)N[C@@H](Cc1cnc[nH]1)C(=O)N[C@H](C(=O)N[C@@H](Cc1ccccc1)C(=O)N[C@@H](CC(N)=O)C(=O)N[C@@H](CO)C(=O)N[C@@H](Cc1c[nH]c2ccccc12)C(=O)N[C@@H](CCC(=O)O)C(=O)N[C@@H](CCC(=O)O)C(=O)N[C@@H](Cc1ccc(O)cc1)C(=O)N[C@@H](CC(C)C)C(=O)N[C@@H](CC(=O)O)C(=O)N[C@@H](Cc1c[nH]c2ccccc12)C(=O)N[C@H](C(N)=O)C(C)C)C(C)C,-0.2530224017673237,-0.17400340462007222,0.49317929324455523,-0.5070925528371101,-1.13659202560683,0.44477622469220496,-1.3904435743076142,0.15633177541940896,-0.5512952187170581,-0.4788701540923342,-0.8717797887081349,0.6831300510639734,-0.5423261445466404,-0.30865683854724324,-0.6831300510639732,-0.29915825738128365,-0.43495883620083997,0.5773502691896258,-0.43495883620083997,-1.260252075625209,-0.042281191962287856,-0.7191949522280762,0.4714045207910315,0.7191949522280764,-0.39735970711951313,-0.2779344509150452,-0.014407131304209883,0.6475761258027333,-0.7934920476158722,-0.3568200749764141,-0.9128709291752769,-0.35018319784856966,-0.6475761258027333,-0.39735970711951313,0.5070925528371101,0.5423261445466404
5.187086643357144,1.0345132990659367,CC(=O)N[C@H](C(=O)N[C@H](C(=O)N[C@@H](Cc1ccccc1)C(=O)N[C@H](C(=O)N[C@@H](CO)C(=O)N[C@@H](Cc1c[nH]c2ccccc12)C(=O)N[C@@]1(C)CCC/C=C\CCC[C@@](C)(C(=O)N[C@@H](Cc2c[nH]c3ccccc23)C(=O)N[C@H](C(N)=O)C(C)C)NC(=O)[C@H](CC(C)C)NC(=O)[C@H](Cc2ccc(O)cc2)NC(=O)[C@H](CCC(=O)O)NC1=O)[C@@H](C)O)C(C)C)[C@@H](C)O,-0.34941411546570555,-0.26326429262867285,0.3487214504307778,-0.5070925528371101,-1.13659202560683,0.22621428874324348,0.7191949522280764,0.15633177541940896,-0.5502090340758344,-0.5068514838819049,-0.8717797887081349,0.6831300510639734,-0.5423261445466404,-0.3831009229635577,-0.6831300510639732,-0.4572352705084892,-0.43495883620083997,0.5773502691896258,-0.43495883620083997,0.7934920476158722,0.12761583510078517,-0.7191949522280762,0.4714045207910315,0.7191949522280764,-0.39735970711951313,0.026378038165548193,-0.25513388220998817,0.6475761258027333,-0.7934920476158722,-0.4119762620620732,-0.9128709291752769,-0.35018319784856966,-0.6475761258027333,-0.39735970711951313,0.5070925528371101,0.5423261445466404
6.876148359032914,1.0345132990659367,CC(=O)N[C@H](C(=O)N[C@H](C(=O)N[C@@H](Cc1ccccc1)C(=O)N[C@H](C(=O)N[C@@H](CO)C(=O)N[C@@H](Cc1c[nH]c2ccccc12)C(=O)N[C@H]1CCCCNC(=O)C[C@@H](C(=O)N[C@@H](Cc2c[nH]c3ccccc23)C(=O)N[C@H](C(=O)N[C@@H](CCCCN)C(=O)N[C@@H](CCCCN)C(=O)N[C@@H](C)C(=O)N[C@@H](CCCCN)C(=O)N[C@@H](CCCCN)C(=O)N[C@H](CCCCN)C(N)=O)C(C)C)NC(=O)[C@H](CC(C)C)NC(=O)[C@H](Cc2ccc(O)cc2)NC(=O)[C@H](CCC(=O)O)NC1=O)[C@@H](C)O)C(C)C)[C@@H](C)O,0.38447062720278535,0.42242161980103266,-0.012385015801994958,-0.5070925528371101,0.6623915968949344,0.2931611880429254,0.7191949522280764,0.15633177541940896,-0.5303934736403758,-0.2463833028777524,1.1470786693528088,0.6831300510639734,-0.5423261445466404,0.026946777784840992,-0.6831300510639732,-0.07534624869623022,-0.43495883620083997,0.5773502691896258,-0.43495883620083997,0.7934920476158722,0.6542966189963098,-0.7191949522280762,0.4714045207910315,0.7191949522280764,-0.39735970711951313,-0.3133196240639515,0.16212581936002662,0.6475761258027333,1.260252075625209,-0.1150939065744911,1.0954451150103321,-0.35018319784856966,-0.6475761258027333,-0.39735970711951313,0.5070925528371101,0.5423261445466404
8.154901959985743,1.0345132990659367,CC(=O)N[C@@H](Cc1cnc[nH]1)C(=O)N[C@H](C(=O)N[C@@H](Cc1ccccc1)C(=O)N[C@@H](CCCNC(=N)N)C(=O)N[C@@H](CO)C(=O)N[C@@H](Cc1c[nH]c2ccccc12)C(=O)N[C@@]1(C)CCC/C=C\CCC[C@@](C)(C(=O)N[C@@H](Cc2c[nH]c3ccccc23)C(=O)N[C@H](C(=O)N[C@@H](CCCCN)C(=O)N[C@@H](CCCCN)C(=O)N[C@@H](CCCCN)C(=O)N[C@@H](CCCCN)C(=O)N[C@@H](CCCCN)C(=O)N[C@@H](CCCCN)C(N)=O)C(C)C)NC(=O)[C@H](CC(C)C)NC(=O)[C@H](Cc2ccc(O)cc2)NC(=O)[C@H](CCC(=O)O)NC1=O)C(C)C,0.9400796081930157,0.9377003823961372,-0.12219965716172367,-0.5070925528371101,0.9622222311867888,0.4880948065919991,0.7191949522280764,0.15633177541940896,-0.5255290875731764,-0.2736737356354818,1.1470786693528088,-1.4638501094227998,-0.5423261445466404,-0.04507636079679642,1.4638501094227998,-0.07346810596600592,-0.43495883620083997,0.5773502691896258,-0.43495883620083997,0.7934920476158722,1.231946511010758,-0.7191949522280762,0.4714045207910315,-1.390443574307614,-0.39735970711951313,-0.6530172862934509,0.4108767952959975,-1.5442199922988258,1.260252075625209,-0.14267200011732079,1.0954451150103321,-0.35018319784856966,1.5442199922988253,-0.39735970711951313,0.5070925528371101,0.5423261445466404
7.139661993429006,1.0345132990659367,CC(=O)N[C@H](C(=O)N[C@H](C(=O)N[C@@H](Cc1ccccc1)C(=O)N[C@H](C(=O)N[C@@H](CO)C(=O)N[C@@H](Cc1c[nH]c2ccccc12)C(=O)N[C@@H](CCC(=O)O)C(=O)N[C@@H](CCC(=O)O)C(=O)N[C@@H](Cc1ccc(O)cc1)C(=O)N[C@@H](CC(C)C)C(=O)NC(C)C(=O)N[C@@H](Cc1c[nH]c2ccccc12)C(=O)N[C@H](C(=O)N[C@@H](CCCCN)C(=O)N[C@@H](CCCCN)C(=O)N[C@@H](CCCCN)C(=O)N[C@@H](CCCCN)C(=O)N[C@@H](CCCCN)C(=O)N[C@@H](CCCCN)C(N)=O)C(C)C)[C@@H](C)O)C(C)C)[C@@H](C)O,0.4989655200939172,0.5279117601748334,0.2296653815268219,-0.5070925528371101,0.6623915968949344,0.2931611880429254,0.7191949522280764,0.15633177541940896,-0.5349952777425058,-0.24465606029814915,1.1470786693528088,0.6831300510639734,-0.5423261445466404,0.03784103404088715,-0.6831300510639732,-0.06126017821954855,-0.43495883620083997,0.5773502691896258,-0.43495883620083997,0.7934920476158722,0.6203172135836951,-0.7191949522280762,0.4714045207910315,0.7191949522280764,-0.39735970711951313,-0.3699359011022014,0.17817426942041187,0.6475761258027333,1.260252075625209,-0.12846510344374182,-0.9128709291752769,-0.35018319784856966,-0.6475761258027333,-0.39735970711951313,0.5070925528371101,0.5423261445466404
7.602059991327962,1.0345132990659367,CC(=O)N[C@H](C(=O)N[C@H](C(=O)N[C@@H](Cc1ccccc1)C(=O)N[C@H](C(=O)N[C@@H](CO)C(=O)N[C@@H](Cc1c[nH]c2ccccc12)C(=O)N[C@H]1CCCCNC(=O)C[C@@H](C(=O)N[C@@H](Cc2c[nH]c3ccccc23)C(=O)N[C@H](C(=O)N[C@@H](CCCCN)C(=O)N[C@@H](CCCCN)C(=O)N[C@@H](CCCCN)C(=O)N[C@@H](CCCCN)C(=O)N[C@@H](CCCCN)C(=O)N[C@@H](CCCCN)C(N)=O)C(C)C)NC(=O)[C@H](CC(C)C)NC(=O)[C@H](Cc2ccc(O)cc2)NC(=O)[C@H](CCC(=O)O)NC1=O)[C@@H](C)O)C(C)C)[C@@H](C)O,0.6998740467113773,0.714548162374635,0.08070444052932549,-0.5070925528371101,0.9622222311867888,0.29119216159293476,0.7191949522280764,0.15633177541940896,-0.5296851643060273,-0.24051067810710178,1.1470786693528088,-1.4638501094227998,-0.5423261445466404,0.05902431009430978,-0.6831300510639732,-0.049678298049832516,-0.43495883620083997,0.5773502691896258,-0.43495883620083997,0.7934920476158722,0.7307502811746935,-0.7191949522280762,0.4714045207910315,-1.390443574307614,-0.39735970711951313,-0.32747369332351395,0.258416519722338,-1.5442199922988258,1.260252075625209,-0.09984238514550212,1.0954451150103321,-0.35018319784856966,-0.6475761258027333,-0.39735970711951313,0.5070925528371101,0.5423261445466404
6.062983892535186,1.0345132990659367,CC(=O)N[C@@H](Cc1cnc[nH]1)C(=O)N[C@H](C(=O)N[C@@H](Cc1ccccc1)C(=O)N[C@@H](CCCNC(=N)N)C(=O)N[C@@H](CO)C(=O)N[C@@H](Cc1c[nH]c2ccccc12)C(=O)N[C@@H](CCC(=O)O)C(=O)N[C@@H](CCC(=O)O)C(=O)N[C@@H](Cc1ccc(O)cc1)C(=O)N[C@@H](CC(C)C)C(=O)N[C@@H](CC(=O)O)C(=O)N[C@@H](Cc1c[nH]c2ccccc12)C(=O)N[C@H](C(N)=O)C(C)C)C(C)C,0.031156856082753575,0.08972194631442977,0.5535393293700934,-0.5070925528371101,-0.8367614371273159,0.44477622469220496,0.7191949522280764,0.15633177541940896,-0.5561331259306372,-0.4868154699585085,-0.8717797887081349,0.6831300510639734,1.8439088914585773,-0.32197204063796614,1.4638501094227998,-0.3216959701439744,-0.43495883620083997,0.5773502691896258,-0.43495883620083997,0.7934920476158722,0.1955746459260144,-0.7191949522280762,0.4714045207910315,0.7191949522280764,-0.39735970711951313,-0.3699359011022014,-0.038479806394787715,0.6475761258027333,-0.7934920476158722,-0.3739519209651415,1.0954451150103321,-0.35018319784856966,1.5442199922988253,-0.39735970711951313,0.5070925528371101,0.5423261445466404
5.275724130399211,1.0345132990659367,CC(=O)N[C@@H](Cc1cnc[nH]1)C(=O)N[C@H](C(=O)N[C@@H](Cc1ccccc1)C(=O)N[C@@H](CC(N)=O)C(=O)N[C@@H](CO)C(=O)N[C@@H](Cc1c[nH]c2ccccc12)C(=O)N[C@H]1CCCCNC(=O)C[C@@H](C(=O)N[C@@H](Cc2c[nH]c3ccccc23)C(=O)N[C@H](C(N)=O)C(C)C)NC(=O)[C@H](CC(C)C)NC(=O)[C@H](Cc2ccc(O)cc2)NC(=O)[C@H](CCC(=O)O)NC1=O)C(C)C,-0.31090181775420467,-0.2267484748069726,0.5241354322714662,-0.5070925528371101,-0.8367614371273159,0.43493109244225175,0.7191949522280764,0.15633177541940896,-0.5502382711433734,-0.5120332116207144,-0.8717797887081349,0.6831300510639734,-0.5423261445466404,-0.38189045004621924,-0.6831300510639732,-0.37459699037862343,-0.43495883620083997,0.5773502691896258,-0.43495883620083997,-1.260252075625209,0.32299741622331823,-0.7191949522280762,0.4714045207910315,0.7191949522280764,-0.39735970711951313,-0.3345507279532952,0.16212581936002662,0.6475761258027333,-0.7934920476158722,-0.38230891900842323,1.0954451150103321,-0.35018319784856966,-0.6475761258027333,-0.39735970711951313,0.5070925528371101,0.5423261445466404
8.221848749616356,1.0345132990659367,CC(=O)N[C@@H](Cc1cnc[nH]1)C(=O)N[C@H](C(=O)N[C@@H](Cc1ccccc1)C(=O)N[C@@H](CCCCN)C(=O)N[C@@H](CO)C(=O)N[C@@H](Cc1c[nH]c2ccccc12)C(=O)N[C@H]1CCCCNC(=O)C[C@@H](C(=O)N[C@@H](Cc2c[nH]c3ccccc23)C(=O)N[C@H](C(=O)N[C@@H](CCCCN)C(=O)N[C@@H](CCCCN)C(=O)N[C@@H](CCCCN)C(=O)N[C@@H](CCCCN)C(=O)N[C@@H](CCCCN)C(=O)N[C@@H](CCCCN)C(N)=O)C(C)C)NC(=O)[C@H](CC(C)C)NC(=O)[C@H](Cc2ccc(O)cc2)NC(=O)[C@H](CCC(=O)O)NC1=O)C(C)C,0.9691675867990202,0.9661015740352376,-0.031231006802131724,-0.5070925528371101,1.2620526822292824,0.4841567536920178,0.7191949522280764,0.15633177541940896,-0.5297394459559497,-0.27471008118324375,1.1470786693528088,-1.4638501094227998,-0.5423261445466404,-0.02026166599135832,-0.6831300510639732,-0.04623503637775474,-0.43495883620083997,0.5773502691896258,-0.43495883620083997,0.7934920476158722,1.113018592066607,-0.7191949522280762,0.4714045207910315,-1.390443574307614,-0.39735970711951313,-0.6459402516636696,0.5472886208092719,-1.5442199922988258,1.260252075625209,-0.12157058005803453,1.0954451150103321,-0.35018319784856966,-0.6475761258027333,-0.39735970711951313,0.5070925528371101,0.5423261445466404
5.065501548756432,1.0345132990659367,CC(=O)N[C@H](C(=O)N[C@H](C(=O)N[C@@H](Cc1ccccc1)C(=O)N[C@H](C(=O)N[C@@H](CO)C(=O)N[C@@H](Cc1c[nH]c2ccccc12)C(=O)N[C@@H](CCC(=O)O)C(=O)N[C@@H](CCC(=O)O)C(=O)N[C@@H](Cc1ccc(O)cc1)C(=O)N[C@@H](CC(C)C)C(=O)N[C@@H](C)C(=O)N[C@@H](Cc1c[nH]c2ccccc12)C(=O)N[C@H](C(N)=O)C(C)C)[C@@H](C)O)C(C)C)[C@@H](C)O,-0.4022418593528571,-0.3119520497242733,0.49061765056519285,-0.5070925528371101,-1.13659202560683,0.23409039454320607,-1.3904435743076142,0.15633177541940896,-0.5617444363270488,-0.4989061680157305,-0.8717797887081349,0.6831300510639734,-0.5423261445466404,-0.3597993193047926,-0.6831300510639732,-0.43000220092023794,-0.43495883620083997,-1.7320508075688774,-0.43495883620083997,-1.260252075625209,-0.05927089466859516,-0.7191949522280762,0.4714045207910315,0.7191949522280764,-0.39735970711951313,-0.07270044665138926,-0.3113034574213364,0.6475761258027333,-0.7934920476158722,-0.41594583613263203,-0.9128709291752769,-0.35018319784856966,-0.6475761258027333,-0.39735970711951313,0.5070925528371101,0.5423261445466404
6.372634143407268,1.0345132990659367,CC(=O)N[C@H](C(=O)N[C@H](C(=O)N[C@@H](Cc1ccccc1)C(=O)N[C@H](C(=O)N[C@@H](CO)C(=O)N[C@@H](Cc1c[nH]c2ccccc12)C(=O)N[C@@H](CCC(=O)O)C(=O)N[C@@H](CCC(=O)O)C(=O)N[C@@H](Cc1ccc(O)cc1)C(=O)N[C@@H](CC(C)C)C(=O)N[C@@H](CC(=O)O)C(=O)N[C@@H](Cc1c[nH]c2ccccc12)C(=O)N[C@H](C(=O)N[C@@H](CCCCN)C(=O)N[C@@H](CCCCN)C(=O)N[C@@H](CCCCN)C(=O)N[C@@H](CCCCN)C(=O)N[C@@H](CCCCN)C(=O)N[C@@H](CCCCN)C(N)=O)C(C)C)[C@@H](C)O)C(C)C)[C@@H](C)O,0.16569750129985336,0.21549865214473102,0.18753043963010693,-0.5070925528371101,0.6623915968949344,0.30103729384288797,0.7191949522280764,0.15633177541940896,-0.5304993890548578,-0.21045665722200718,1.1470786693528088,0.6831300510639734,-0.5423261445466404,0.13013959398794359,-0.6831300510639732,0.03139486313817997,-0.43495883620083997,0.5773502691896258,-0.43495883620083997,0.7934920476158722,0.42493563246116206,-0.7191949522280762,0.4714045207910315,0.7191949522280764,-0.39735970711951313,-0.29208852017460774,0.1300289192392562,0.6475761258027333,1.260252075625209,-0.07101074189618031,-0.9128709291752769,-0.35018319784856966,-0.6475761258027333,-0.39735970711951313,0.5070925528371101,0.5423261445466404
6.154901959985743,1.0345132990659367,CC[C@H](C)[C@H](NC(=O)[C@H](CCCCNC(=N)N)NC(=O)[C@@H](NC(=O)[C@H](CC(C)C)NC(=O)[C@H](CC(N)=O)NC(=O)[C@H](Cc1c[nH]c2ccccc12)NC(=O)CNC(=O)[C@@H]1CCCN1C(=O)[C@H](Cc1ccccc1)NC(=O)[C@H](CO)NC(=O)[C@H](CCC(=O)O)NC(=O)[C@@H](N)CCSC)C(C)C)C(=O)NCC(=O)N[C@@H](CC(C)C)C(=O)N[C@@H](CC(C)C)C(=O)N[C@@H](CCCNC(=N)N)C(=O)O,0.07109455034099792,0.1262377641361304,0.2703891137618796,-0.5070925528371101,0.9127041307745469,-0.9059759200013767,0.7191949522280764,-0.9019140889581289,1.6110470735082343,-0.358654070551956,1.1470786693528088,0.6831300510639734,1.8439088914585773,-0.22604206193889423,1.4638501094227998,-0.2913326626720161,-0.43495883620083997,0.5773502691896258,-0.43495883620083997,0.7934920476158722,1.1639877001855288,1.3904435743076142,0.4714045207910315,0.7191949522280764,-0.39735970711951313,-0.7874809442592946,0.33865877002426403,0.6475761258027333,1.260252075625209,-0.2358525282999116,1.0954451150103321,-0.35018319784856966,1.5442199922988253,-0.39735970711951313,0.5070925528371101,0.5423261445466404
9.522878745280336,1.0345132990659367,CC(C)[C@@H]1NC(=O)[C@H](Cc2ccccc2)NC(=O)CSC[C@@H](C(=O)NCC(N)=O)NC(=O)[C@@H]2CCCN2C(=O)[C@H](CCCNC(=N)N)NC(=O)[C@H](CC(=O)O)NC(=O)[C@H](C)N(C)C(=O)[C@H](Cc2ccc(-c3ccccc3)cc2)NC(=O)[C@H](C)N(C)C(=O)[C@H](Cc2ccc(-c3ccccc3)cc2)NC(=O)[C@H]([C@@H](C)O)NC(=O)[C@H]([C@@H](C)O)NC(=O)[C@H](CO)NC1=O,1.5344557602759332,1.4935522759042414,-2.510989642563824,1.9720265943665387,0.9357437522278139,0.3384487963927102,0.7191949522280764,0.6854547076081778,1.6268880476866996,-0.16140296796127823,1.1470786693528088,0.6831300510639734,1.8439088914585773,0.11985057419056686,1.4638501094227998,-0.06345134473814337,-0.43495883620083997,0.5773502691896258,2.2990681342044397,0.7934920476158722,0.2805231594575509,1.3904435743076142,-2.1213203435596424,0.7191949522280764,-0.39735970711951313,0.06884024594423567,0.025713993846753165,0.6475761258027333,1.260252075625209,-0.18132311606749854,1.0954451150103321,-0.35018319784856966,1.5442199922988253,-0.39735970711951313,-1.9720265943665387,-1.8439088914585773
7.823908740944319,1.0345132990659367,CC[C@H](C)[C@H](NC(=O)[C@H](CCCCN)NC(=O)[C@H](CC(C)C)NC(=O)[C@H](CC(=O)O)NC(=O)[C@H](CC(N)=O)NC(=O)[C@H](CS)NC(=O)[C@@H](NC(=O)[C@H](Cc1c[nH]cn1)NC(=O)[C@H](CO)NC(=O)[C@H](CS)NC(=O)CNC(=O)CNC(=O)[C@H](CC(N)=O)NC(=O)[C@H](Cc1c[nH]c2ccccc12)NC(=O)[C@H](Cc1ccc(O)cc1)NC(=O)[C@@H]1CCCN1C(=O)[C@H](CCC(=O)O)NC(=O)[C@H](Cc1c[nH]c2ccccc12)NC(=O)[C@@H]1CCCN1C(=O)[C@H](Cc1ccc(O)cc1)NC(=O)[C@H](CCCCN)NC(=O)[C@H](CO)NC(=O)[C@H](CO)NC(=O)[C@H](CC(C)C)NC(=O)[C@H](CS)NC(=O)[C@H](CCC(=O)O)NC(=O)[C@H](CC(N)=O)NC(=O)[C@@H](NC(=O)CN)[C@@H](C)O)C(C)C)C(=O)NCC(=O)N[C@@H](Cc1ccc(O)cc1)C(=O)N[C@@H](CCC(=O)O)C(=O)N[C@@H](CS)C(=O)N[C@@H](CC(C)C)C(=O)O,0.7962658038590227,0.803809050383236,0.14452145247845843,-0.5070925528371101,2.921612952646747,1.16347087893879,0.7191949522280764,0.6854547076081778,1.4157824083262243,1.102593151792295,1.1470786693528088,-1.4638501094227998,-0.5423261445466404,2.6821191219667226,-0.6831300510639732,1.9060943316903276,-0.43495883620083997,0.5773502691896258,2.2990681342044397,0.7934920476158722,0.2805231594575509,1.3904435743076142,0.4714045207910315,-1.390443574307614,-0.39735970711951313,-0.3770129357319827,-0.21501275705902512,-1.5442199922988258,1.260252075625209,1.2351880522687482,-0.9128709291752769,-0.35018319784856966,-0.6475761258027333,-0.39735970711951313,0.5070925528371101,0.5423261445466404
8.259637310505756,1.0345132990659367,CC[C@H](C)[C@H](NC(=O)[C@H](CCC(N)=O)NC(=O)[C@H](CC(C)C)NC(=O)[C@H](CC(N)=O)NC(=O)[C@H](Cc1c[nH]c2ccccc12)NC(=O)[C@@H]1CCCN1C(=O)[C@H](CC(C)C)NC(=O)[C@H](CCCNC(=N)N)NC(=O)[C@H](CS)NC(=O)CNC(=O)[C@H](CO)NC(=O)CNC(=O)[C@@H](NC(=O)[C@H](Cc1c[nH]c2ccccc12)NC(=O)[C@H](CC(=O)O)NC(=O)[C@H](CC(C)C)NC(=O)[C@H](Cc1ccc(O)cc1)NC(=O)[C@H](CCC(=O)O)NC(=O)[C@H](CCC(=O)O)NC(=O)[C@H](Cc1c[nH]c2ccccc12)NC(=O)[C@H](CO)NC(=O)[C@@H](NC(=O)[C@H](Cc1ccccc1)NC(=O)[C@@H](NC(=O)[C@@H](N)[C@@H](C)O)C(C)C)[C@@H](C)O)C(C)C)C(=O)NCC(=O)N[C@@H](CC(C)C)C(=O)N1CCC[C@H]1C(=O)N[C@@H](CS)C(=O)O,0.9855864118330467,0.9823308264004373,0.1046948273784094,-0.5070925528371101,1.492171732103667,1.1181832705890051,0.7191949522280764,0.6854547076081778,1.4117874112862303,0.526039578720769,1.1470786693528088,-1.4638501094227998,-0.5423261445466404,1.241656350333972,1.4638501094227998,0.8940884238878408,-0.43495883620083997,0.5773502691896258,-0.43495883620083997,0.7934920476158722,0.43343048381431665,1.3904435743076142,0.4714045207910315,-1.390443574307614,-0.39735970711951313,-0.3699359011022014,-0.30327923239114385,-1.5442199922988258,1.260252075625209,0.6132184728975082,1.0954451150103321,-0.35018319784856966,1.5442199922988253,-0.39735970711951313,0.5070925528371101,0.5423261445466404
8.214670164989233,1.0345132990659367,CCNC(=O)[C@@H]1CSCC(=O)N[C@@H](Cc2ccccc2)C(=O)N[C@@H](C(C)C)C(=O)N2CCC[C@H]2C(=O)N[C@@H]([C@@H](C)O)C(=O)N[C@@H]([C@@H](C)O)C(=O)N[C@@H](Cc2ccc(-c3ccccc3)cc2)C(=O)N(C)[C@@H](C)C(=O)N[C@@H](Cc2ccc(-c3ccccc3)cc2)C(=O)N(C)[C@@H](C)C(=O)N[C@@H](CCC(=O)O)C(=O)N[C@@H](C)C(=O)N2CCC[C@H]2C(=O)N1,0.9660485814003734,0.9620442609439376,-2.332262200753254,1.9720265943665387,0.6330671179249414,0.32269658479278507,0.7191949522280764,0.6854547076081778,1.6268812073161805,-0.21149300276976912,1.1470786693528088,0.6831300510639734,-0.5423261445466404,-0.16672888898931032,-0.6831300510639732,-0.15923662397957888,-0.43495883620083997,0.5773502691896258,2.2990681342044397,0.7934920476158722,0.8072039433530754,1.3904435743076142,-2.1213203435596424,0.7191949522280764,-0.39735970711951313,-0.28501148554482647,0.1300289192392562,0.6475761258027333,1.260252075625209,-0.27596611890766376,-0.9128709291752769,-0.35018319784856966,-0.6475761258027333,-0.39735970711951313,-1.9720265943665387,-1.8439088914585773
6.4089353929735005,1.0345132990659367,CC[C@H](C)[C@H](NC(=O)[C@H](CCCCN=C(N)N)NC(=O)[C@H](CCCCN)NC(=O)[C@H](CC(C)C)NC(=O)[C@H](CC(N)=O)NC(=O)[C@H](Cc1c[nH]c2ccccc12)NC(=O)C1(N)CCC(c2ccccc2)CC1)C(=O)NCC(=O)N[C@@H](CC(C)C)C(=O)N[C@@H](CC(C)C)C(=O)N[C@@H](CCCN=C(N)N)C(=O)O,0.18147023578184468,0.2317279045099312,0.6530328923998188,-0.5070925528371101,-0.23994630599164657,-0.970953792851068,0.7191949522280764,-0.9019140889581289,-0.5749724992959537,-0.6864847121606308,-0.8717797887081349,0.6831300510639734,1.8439088914585773,-0.7780177122452259,1.4638501094227998,-0.7254966571421828,-0.43495883620083997,0.5773502691896258,-0.43495883620083997,0.7934920476158722,1.4358229434864456,-0.7191949522280762,0.4714045207910315,0.7191949522280764,-0.39735970711951313,-0.7945579788890759,1.3416868987983401,0.6475761258027333,-0.7934920476158722,-0.5891446205796451,-0.9128709291752769,-0.35018319784856966,1.5442199922988253,-0.39735970711951313,0.5070925528371101,0.5423261445466404
6.0,1.0345132990659367,CC[C@H](C)[C@H](NC(=O)[C@H](CCCCN)NC(=O)[C@H](CC(C)C)NC(=O)[C@H](CC(=O)O)NC(=O)[C@H](CC(N)=O)NC(=O)[C@H](CS)NC(=O)[C@@H](NC(=O)[C@H](Cc1c[nH]cn1)NC(=O)[C@H](CO)NC(=O)[C@H](CS)NC(=O)CNC(=O)CNC(=O)[C@H](CC(N)=O)NC(=O)[C@H](CC(N)=O)NC(=O)[C@H](CC(=O)O)NC(=O)[C@H](CC(C)C)NC(=O)[C@H](CS)NC(=O)[C@H](CCC(=O)O)NC(=O)[C@H](CC(N)=O)NC(=O)[C@@H](NC(=O)CN)[C@@H](C)O)C(C)C)C(=O)NCC(=O)N[C@@H](Cc1ccc(O)cc1)C(=O)N[C@@H](CCC(=O)O)C(=O)N[C@@H](CS)C(=O)N[C@@H](CC(C)C)C(=O)N[C@@H](CS)C(=O)N1CCC[C@H]1C(=O)N[C@@H](CC(=O)O)C(=O)NCC(=O)N[C@@H](Cc1ccccc1)C(=O)N[C@@H](CCC(N)=O)C(=O)N[C@@H](CC(C)C)C(=O)N[C@H](C(=O)N[C@@H](C)C(=O)N[C@@H](CCC(N)=O)C(=O)N[C@@H](CCCNC(=N)N)C(=O)N[C@@H](CCCNC(=N)N)C(=O)N[C@@H](CS)C(=O)N[C@@H](CCC(=O)O)C(=O)O)C(C)C,0.0037907717993566877,0.06537806776662973,-0.050347353996407565,-0.5070925528371101,3.1431934985523333,-0.5732104499529579,0.7191949522280764,-0.9019140889581289,1.4198551869987268,1.578966655246839,1.1470786693528088,-1.4638501094227998,-0.5423261445466404,3.592697374034569,1.4638501094227998,2.880224361099959,-0.43495883620083997,0.5773502691896258,-0.43495883620083997,0.7934920476158722,0.594832659524235,1.3904435743076142,0.4714045207910315,-1.390443574307614,-0.39735970711951313,-0.6317861824041071,-0.47178795802518864,-1.5442199922988258,1.260252075625209,1.835429436727455,1.0954451150103321,-0.35018319784856966,1.5442199922988253,-0.39735970711951313,-1.9720265943665387,-1.8439088914585773
6.327902142064282,1.0345132990659367,CN(C)c1ccc2[nH]c3c(C(=O)O)cc(=O)c(=O)c=3oc2c1,0.1462619069847953,0.19926939977953087,-3.080145489331983,1.9720265943665387,-0.5690516670520233,-1.784161716697204,-1.3904435743076142,-1.4310370211468977,-0.7117863087248332,-0.9859885754638142,-0.8717797887081349,0.6831300510639734,-0.5423261445466404,-1.3248488526528688,-0.6831300510639732,-1.2363514797631718,-0.43495883620083997,0.5773502691896258,-0.43495883620083997,-1.260252075625209,-1.5883441382362515,1.3904435743076142,0.4714045207910315,-1.390443574307614,-0.39735970711951313,1.5196323450493898,1.3095899986775699,0.6475761258027333,-0.7934920476158722,-0.9994732245047762,-0.9128709291752769,-0.35018319784856966,-0.6475761258027333,-0.39735970711951313,0.5070925528371101,-1.8439088914585773
7.576754126063192,1.0345132990659367,O=C(Nc1cccc(C(=O)Nc2ccc(S(=O)(=O)O)c3cc(S(=O)(=O)O)cc(S(=O)(=O)O)c23)c1)Nc1cccc(C(=O)Nc2ccc(S(=O)(=O)O)c3cc(S(=O)(=O)O)cc(S(=O)(=O)O)c23)c1,0.6888787760255582,0.7064335361920351,-0.0942520290904433,1.9720265943665387,-0.4649706113233441,0.6810593986910822,0.7191949522280764,1.2145776397969468,1.4947517277498816,2.3848980428896613,1.1470786693528088,0.6831300510639734,1.8439088914585773,0.7377969984918437,1.4638501094227998,1.3514161786974397,-0.43495883620083997,0.5773502691896258,-0.43495883620083997,0.7934920476158722,0.3314922675764728,1.3904435743076142,-2.1213203435596424,0.7191949522280764,-0.39735970711951313,-1.0068690177825128,2.320642352481837,0.6475761258027333,-0.7934920476158722,2.4062124030835954,1.0954451150103321,-0.35018319784856966,1.5442199922988253,-0.39735970711951313,-1.9720265943665387,-1.8439088914585773
8.809668301829708,1.0345132990659367,O=C(Nc1cccc(C(=O)Nc2cc(C(=O)Nc3ccc(S(=O)(=O)O)c4cc(S(=O)(=O)O)cc(S(=O)(=O)O)c34)ccc2F)c1)Nc1cccc(C(=O)Nc2cc(C(=O)Nc3ccc(S(=O)(=O)O)c4cc(S(=O)(=O)O)cc(S(=O)(=O)O)c34)ccc2F)c1,1.2245712662494908,1.2054830464219395,-0.19057706719661624,1.9720265943665387,0.022178435876005414,1.6852628881863105,0.7191949522280764,2.272823504174484,1.4949056360865502,2.3994068805583275,-0.8717797887081349,0.6831300510639734,1.8439088914585773,1.0730979965945933,1.4638501094227998,2.124271912184708,-0.43495883620083997,0.5773502691896258,2.2990681342044397,0.7934920476158722,0.01718276750978676,1.3904435743076142,-2.1213203435596424,0.7191949522280764,-0.39735970711951313,-0.8724053598166696,1.6706801250362364,0.6475761258027333,-0.7934920476158722,2.7822773150312714,1.0954451150103321,-0.35018319784856966,1.5442199922988253,-0.39735970711951313,-1.9720265943665387,-1.8439088914585773
8.33161408331,1.0345132990659367,O=C(Nc1cc(C(=O)Nc2ccc(S(=O)(=O)O)cc2S(=O)(=O)O)cc(C(=O)Nc2ccc(S(=O)(=O)O)cc2S(=O)(=O)O)c1)Nc1cc(C(=O)Nc2ccc(S(=O)(=O)O)cc2S(=O)(=O)O)cc(C(=O)Nc2ccc(S(=O)(=O)O)cc2S(=O)(=O)O)c1,1.0168601056522424,1.0107320180395376,-0.18303405842054574,1.9720265943665387,0.022178435876005414,0.7007496631909886,0.7191949522280764,1.2145776397969468,1.4985530981727746,2.9503972634517273,1.1470786693528088,0.6831300510639734,1.8439088914585773,1.8659577574512758,1.4638501094227998,1.7796327211885632,-0.43495883620083997,0.5773502691896258,2.2990681342044397,0.7934920476158722,0.25503860539808904,1.3904435743076142,-2.1213203435596424,0.7191949522280764,-0.39735970711951313,-0.6954794940721384,-0.22303698208921774,0.6475761258027333,1.260252075625209,0.7625998129211684,1.0954451150103321,-0.35018319784856966,1.5442199922988253,-0.39735970711951313,-1.9720265943665387,0.5423261445466404
8.162411561764488,1.0345132990659367,O=C(Nc1cc(C(=O)Nc2ccc(S(=O)(=O)O)cc2)cc(C(=O)Nc2ccc(S(=O)(=O)O)cc2)c1)Nc1cc(C(=O)Nc2ccc(S(=O)(=O)O)cc2)cc(C(=O)Nc2ccc(S(=O)(=O)O)cc2)c1,0.9433428651473289,0.9417576954874372,-0.10647322893974255,1.9720265943665387,0.022178435876005414,0.7007496631909886,0.7191949522280764,1.2145776397969468,1.479572173269145,0.5592026362491492,1.1470786693528088,0.6831300510639734,1.8439088914585773,0.05206409081961381,1.4638501094227998,-0.20055576404451186,-0.43495883620083997,-1.7320508075688774,2.2990681342044397,-1.260252075625209,0.9261318622972265,1.3904435743076142,-2.1213203435596424,0.7191949522280764,-0.39735970711951313,-1.1625637796377002,-1.105701735410404,0.6475761258027333,-0.7934920476158722,-0.5218707863312275,1.0954451150103321,-0.35018319784856966,1.5442199922988253,-0.39735970711951313,-1.9720265943665387,-1.8439088914585773
6.849485002168009,0.2579640700823647,O=C(Nc1cccc(C(=O)Nc2cc(S(=O)(=O)O)cc3ccc(S(=O)(=O)O)cc23)c1)Nc1cccc(C(=O)Nc2cc(S(=O)(=O)O)cc3ccc(S(=O)(=O)O)cc23)c1,0.3074880906670989,-2.3690097870133906,-0.03679512886848836,1.9720265943665387,-0.4649706113233441,0.6810593986910822,0.7191949522280764,1.2145776397969468,1.4800344499219371,0.6873640356557016,-0.8717797887081349,0.6831300510639734,1.8439088914585773,1.4123330316786928,1.4638501094227998,0.4298741457340863,-0.43495883620083997,0.5773502691896258,-0.43495883620083997,0.7934920476158722,-0.45003405691366316,1.3904435743076142,-2.1213203435596424,0.7191949522280764,-0.39735970711951313,-0.6034780438849822,-0.006382906274017274,0.6475761258027333,-0.7934920476158722,0.10866471603437611,1.0954451150103321,-0.35018319784856966,1.5442199922988253,-0.39735970711951313,-1.9720265943665387,-1.8439088914585773
9.070581074285707,1.0345132990659367,O=C(Nc1ccc(C(=O)Nc2ccc(C(=O)Nc3ccc(S(=O)(=O)O)c4cc(S(=O)(=O)O)cc(S(=O)(=O)O)c34)cc2)cc1)Nc1ccc(C(=O)Nc2ccc(C(=O)Nc3ccc(S(=O)(=O)O)c4cc(S(=O)(=O)O)cc(S(=O)(=O)O)c34)cc2)cc1,1.33793560929772,1.3109731867957404,-0.18303405842054574,1.9720265943665387,0.022178435876005414,1.6852628881863105,0.7191949522280764,2.272823504174484,1.4948952652022158,2.1347933173631275,-0.8717797887081349,0.6831300510639734,1.8439088914585773,0.7529279099585742,1.4638501094227998,1.9524218523691916,-0.43495883620083997,0.5773502691896258,2.2990681342044397,0.7934920476158722,0.48439959193323856,1.3904435743076142,-2.1213203435596424,0.7191949522280764,-0.39735970711951313,-1.0068690177825128,1.6145105498248873,0.6475761258027333,-0.7934920476158722,2.650654595849584,1.0954451150103321,-0.35018319784856966,1.5442199922988253,-0.39735970711951313,-1.9720265943665387,-1.8439088914585773
