SMILES,Kd,Kd-min,Kd-max
CN(C)c1ccc2nc3c(C(=O)O)cc(=O)c(O)c-3oc2c1,0.47,0.47,0.47
CC1=CCC(C(=O)N=C2CC=C(S(=O)(=O)O)c3cc(S(=O)(=O)O)cc(S(=O)(=O)O)c32)=CC1=NC(=O)C1=CC=C/C(=N\C(=O)/N=C2\C=CC=C(C(=O)N=C3CC(C(=O)N=C4CC=C(S(=O)(=O)O)c5cc(S(=O)(=O)O)cc(S(=O)(=O)O)c54)=CC=C3C)C2)C1,190000,190000.0,190000.0
O=C(O)Cc1cccc(OCCCN(Cc2cccc(C(F)(F)F)c2Cl)CC(c2ccccc2)c2ccccc2)c1,6970,6970.0,6970.0
C/C=C(\C)[C@H](O)[C@H](C)/C=C(C)/C=C/C/C(C)=C/Cc1[nH]c(OC)c(OC)c(=O)c1C,3240,3240.0,3240.0
C/C=C(\C)[C@H](O[C@@H]1O[C@H](CO)[C@@H](O)[C@H](O)[C@H]1O)[C@H](C)/C=C(C)/C=C/C/C(C)=C/Cc1[nH]c(OC)c(OC)c(=O)c1C,3.492e+09,3492000000.0,3492000000.0
COc1[nH]c(C/C=C(\C)C/C=C/C(C)=C/[C@@H](C)[C@@H](O[C@@H]2O[C@H](CO)[C@@H](O)[C@H](O)[C@H]2O)/C(C)=C/CO)c(C)c(=O)c1OC,1.373e+09,1373000000.0,1373000000.0
C/C=C(\C)[C@H](O[C@@H]1O[C@H](CO[C@H]2O[C@H](CO)[C@@H](O)[C@H](O)[C@H]2O)[C@@H](O)[C@H](O)[C@H]1O)[C@H](C)/C=C(C)/C=C/C/C(C)=C/Cc1[nH]c(OC)c(OC)c(=O)c1C,3.749e+08,374900000.0,374900000.0
C/C=C(\C)C(=O)[C@H](C)/C=C(C)/C=C/C/C(C)=C/Cc1[nH]c(OC)c(OC)c(=O)c1C,7220,7220.0,7220.0
CC(=O)N[C@H](C(=O)N[C@H](C(=O)N[C@@H](Cc1ccccc1)C(=O)N[C@H](C(=O)N[C@@H](CO)C(=O)N[C@@H](Cc1c[nH]c2ccccc12)C(=O)N[C@@H](CCC(=O)O)C(=O)N[C@@H](CCC(=O)O)C(=O)N[C@@H](Cc1ccc(O)cc1)C(=O)N[C@@H](CC(C)C)C(=O)N[C@@H](CC(=O)O)C(=O)N[C@@H](Cc1c[nH]c2ccccc12)C(=O)N[C@H](C(N)=O)C(C)C)[C@@H](C)O)C(C)C)[C@@H](C)O,9700,9700.0,9700.0
CC(=O)N[C@H](C(=O)N[C@H](C(=O)N[C@@H](Cc1ccccc1)C(=O)N[C@H](C(=O)N[C@@H](CO)C(=O)N[C@@H](Cc1c[nH]c2ccccc12)C(=O)N[C@@H](C)C(=O)N[C@@H](CCC(=O)O)C(=O)N[C@@H](Cc1ccc(O)cc1)C(=O)N[C@@H](CC(C)C)C(=O)N[C@@H](CC(=O)O)C(=O)N[C@@H](Cc1c[nH]c2ccccc12)C(=O)N[C@H](C(N)=O)C(C)C)[C@@H](C)O)C(C)C)[C@@H](C)O,7000,7000.0,7000.0
CC(=O)N[C@@H](Cc1cnc[nH]1)C(=O)N[C@H](C(=O)N[C@@H](Cc1ccccc1)C(=O)N[C@@H](CC(N)=O)C(=O)N[C@@H](CO)C(=O)N[C@@H](Cc1c[nH]c2ccccc12)C(=O)N[C@H]1CCCCNC(=O)C[C@@H](C(=O)N[C@@H](Cc2c[nH]c3ccccc23)C(=O)N[C@H](C(=O)NC(CCCCN)C(=O)NC(CCCCN)C(=O)NC(CCCCN)C(N)=O)C(C)C)NC(=O)[C@H](CC(C)C)NC(=O)[C@H](Cc2ccc(O)cc2)NC(=O)[C@H](CCC(=O)O)NC1=O)C(C)C,757,757.0,757.0
CC(=O)N[C@H](C(=O)N[C@H](C(=O)N[C@@H](Cc1ccccc1)C(=O)N[C@H](C(=O)N[C@@H](CO)C(=O)N[C@@H](Cc1c[nH]c2ccccc12)C(=O)N[C@H]1CCCCNC(=O)C[C@@H](C(=O)N[C@@H](Cc2c[nH]c3ccccc23)C(=O)N[C@H](C(N)=O)C(C)C)NC(=O)[C@H](CC(C)C)NC(=O)[C@H](Cc2ccc(O)cc2)NC(=O)[C@H](CCC(=O)O)NC1=O)[C@@H](C)O)C(C)C)[C@@H](C)O,3900,3900.0,3900.0
CC(=O)N[C@H](C(=O)N[C@H](C(=O)N[C@@H](Cc1ccccc1)C(=O)N[C@H](C(=O)N[C@@H](CO)C(=O)N[C@@H](Cc1c[nH]c2ccccc12)C(=O)N[C@@H](CCC(=O)O)C(=O)N[C@@H](CCC(=O)O)C(=O)N[C@@H](Cc1ccc(O)cc1)C(=O)N[C@@H](CC(C)C)C(=O)N[C@@H](CC(=O)O)C(=O)N[C@@H](Cc1c[nH]c2ccccc12)C(=O)N[C@H](C(=O)N[C@@H](CCCCN)C(=O)N[C@@H](CCCCN)C(=O)N[C@@H](CCCCN)C(N)=O)C(C)C)[C@@H](C)O)C(C)C)[C@@H](C)O,1600,1600.0,1600.0
CC(=O)N[C@@H](Cc1cnc[nH]1)C(=O)N[C@H](C(=O)N[C@@H](Cc1ccccc1)C(=O)N[C@@H](CC(N)=O)C(=O)N[C@@H](CO)C(=O)N[C@@H](Cc1c[nH]c2ccccc12)C(=O)N[C@@H](CCC(=O)O)C(=O)N[C@@H](CCC(=O)O)C(=O)N[C@@H](Cc1ccc(O)cc1)C(=O)N[C@@H](CC(C)C)C(=O)N[C@@H](CC(=O)O)C(=O)N[C@@H](Cc1c[nH]c2ccccc12)C(=O)N[C@H](C(=O)N[C@@H](CCCN)C(=O)N[C@@H](CCCCN)C(=O)N[C@@H](CCCCN)C(=O)N[C@@H](CCCCN)C(=O)N[C@@H](CCCCN)C(=O)N[C@@H](CCCCN)C(N)=O)C(C)C)C(C)C,264,264.0,264.0
CC(=O)N[C@@H](Cc1cnc[nH]1)C(=O)N[C@H](C(=O)N[C@@H](Cc1ccccc1)C(=O)N[C@@H](CC(N)=O)C(=O)N[C@@H](CO)C(=O)N[C@@H](Cc1c[nH]c2ccccc12)C(=O)N[C@H]1CCCCNC(=O)C[C@@H](C(=O)N[C@@H](Cc2c[nH]c3ccccc23)C(=O)N[C@H](C(=O)N[C@@H](CCCCN)C(=O)N[C@@H](CCCCN)C(=O)N[C@@H](CCCCN)C(=O)N[C@@H](CCCCN)C(=O)N[C@@H](CCCCN)C(=O)N[C@@H](CCCCN)C(N)=O)C(C)C)NC(=O)[C@H](CC(C)C)NC(=O)[C@H](Cc2ccc(O)cc2)NC(=O)[C@H](CCC(=O)O)NC1=O)C(C)C,19,19.0,19.0
CC(=O)N[C@@H](Cc1cnc[nH]1)C(=O)N[C@H](C(=O)N[C@@H](Cc1ccccc1)C(=O)N[C@@H](CC(N)=O)C(=O)N[C@@H](CO)C(=O)N[C@@H](Cc1c[nH]c2ccccc12)C(=O)N[C@@H](CCC(=O)O)C(=O)N[C@@H](CCC(=O)O)C(=O)N[C@@H](Cc1ccc(O)cc1)C(=O)N[C@@H](CC(C)C)C(=O)N[C@@H](CC(=O)O)C(=O)N[C@@H](Cc1c[nH]c2ccccc12)C(=O)N[C@H](C(=O)NC(CCCCN)C(=O)NC(CCCCN)C(=O)NC(CCCCN)C(N)=O)C(C)C)C(C)C,1100,1100.0,1100.0
CC(=O)N[C@@H](Cc1cnc[nH]1)C(=O)N[C@H](C(=O)N[C@@H](Cc1ccccc1)C(=O)N[C@@H](CCCN)C(=O)N[C@@H](CO)C(=O)N[C@@H](Cc1c[nH]c2ccccc12)C(=O)N[C@@H](CCC(=O)O)C(=O)N[C@@H](CCC(=O)O)C(=O)N[C@@H](Cc1ccc(O)cc1)C(=O)N[C@@H](CC(C)C)C(=O)N[C@@H](CC(=O)O)C(=O)N[C@@H](Cc1c[nH]c2ccccc12)C(=O)N[C@H](C(N)=O)C(C)C)C(C)C,1100,1100.0,1100.0
CC(=O)N[C@@H](Cc1cnc[nH]1)C(=O)N[C@H](C(=O)N[C@@H](Cc1ccccc1)C(=O)N[C@@H](CCCCN)C(=O)N[C@@H](CO)C(=O)N[C@@H](Cc1c[nH]c2ccccc12)C(=O)N[C@@H](CCC(=O)O)C(=O)N[C@@H](CCC(=O)O)C(=O)N[C@@H](Cc1ccc(O)cc1)C(=O)N[C@@H](CC(C)C)C(=O)N[C@@H](CC(=O)O)C(=O)N[C@@H](Cc1c[nH]c2ccccc12)C(=O)N[C@H](C(N)=O)C(C)C)C(C)C,1200,1200.0,1200.0
CC(=O)N[C@H](C(=O)N[C@H](C(=O)N[C@@H](Cc1ccccc1)C(=O)N[C@H](C(=O)N[C@@H](CO)C(=O)N[C@@H](Cc1c[nH]c2ccccc12)C(=O)N[C@H]1CCCCNC(=O)C[C@@H](C(=O)N[C@@H](Cc2c[nH]c3ccccc23)C(=O)N[C@H](C(=O)N[C@@H](CCCCN)C(=O)N[C@@H](CCCCN)C(=O)N[C@@H](CCCCN)C(N)=O)C(C)C)NC(=O)[C@H](CC(C)C)NC(=O)[C@H](Cc2ccc(O)cc2)NC(=O)[C@H](CCC(=O)O)NC1=O)[C@@H](C)O)C(C)C)[C@@H](C)O,1000,1000.0,1000.0
CC(=O)N[C@@H](Cc1cnc[nH]1)C(=O)N[C@H](C(=O)N[C@@H](Cc1ccccc1)C(=O)N[C@@H](CC(N)=O)C(=O)N[C@@H](CO)C(=O)N[C@@H](Cc1c[nH]c2ccccc12)C(=O)N[C@@H](CCC(=O)O)C(=O)N[C@@H](CCC(=O)O)C(=O)N[C@@H](Cc1ccc(O)cc1)C(=O)N[C@@H](CC(C)C)C(=O)N[C@@H](CC(=O)O)C(=O)N[C@@H](Cc1c[nH]c2ccccc12)C(=O)N[C@H](C(N)=O)C(C)C)C(C)C,3900,3900.0,3900.0
CC(=O)N[C@H](C(=O)N[C@H](C(=O)N[C@@H](Cc1ccccc1)C(=O)N[C@H](C(=O)N[C@@H](CO)C(=O)N[C@@H](Cc1c[nH]c2ccccc12)C(=O)N[C@@]1(C)CCC/C=C\CCC[C@@](C)(C(=O)N[C@@H](Cc2c[nH]c3ccccc23)C(=O)N[C@H](C(N)=O)C(C)C)NC(=O)[C@H](CC(C)C)NC(=O)[C@H](Cc2ccc(O)cc2)NC(=O)[C@H](CCC(=O)O)NC1=O)[C@@H](C)O)C(C)C)[C@@H](C)O,6500,6500.0,6500.0
CC(=O)N[C@H](C(=O)N[C@H](C(=O)N[C@@H](Cc1ccccc1)C(=O)N[C@H](C(=O)N[C@@H](CO)C(=O)N[C@@H](Cc1c[nH]c2ccccc12)C(=O)N[C@H]1CCCCNC(=O)C[C@@H](C(=O)N[C@@H](Cc2c[nH]c3ccccc23)C(=O)N[C@H](C(=O)N[C@@H](CCCCN)C(=O)N[C@@H](CCCCN)C(=O)N[C@@H](C)C(=O)N[C@@H](CCCCN)C(=O)N[C@@H](CCCCN)C(=O)N[C@H](CCCCN)C(N)=O)C(C)C)NC(=O)[C@H](CC(C)C)NC(=O)[C@H](Cc2ccc(O)cc2)NC(=O)[C@H](CCC(=O)O)NC1=O)[C@@H](C)O)C(C)C)[C@@H](C)O,133,133.0,133.0
CC(=O)N[C@@H](Cc1cnc[nH]1)C(=O)N[C@H](C(=O)N[C@@H](Cc1ccccc1)C(=O)N[C@@H](CCCNC(=N)N)C(=O)N[C@@H](CO)C(=O)N[C@@H](Cc1c[nH]c2ccccc12)C(=O)N[C@@]1(C)CCC/C=C\CCC[C@@](C)(C(=O)N[C@@H](Cc2c[nH]c3ccccc23)C(=O)N[C@H](C(=O)N[C@@H](CCCCN)C(=O)N[C@@H](CCCCN)C(=O)N[C@@H](CCCCN)C(=O)N[C@@H](CCCCN)C(=O)N[C@@H](CCCCN)C(=O)N[C@@H](CCCCN)C(N)=O)C(C)C)NC(=O)[C@H](CC(C)C)NC(=O)[C@H](Cc2ccc(O)cc2)NC(=O)[C@H](CCC(=O)O)NC1=O)C(C)C,7,7.0,7.0
CC(=O)N[C@H](C(=O)N[C@H](C(=O)N[C@@H](Cc1ccccc1)C(=O)N[C@H](C(=O)N[C@@H](CO)C(=O)N[C@@H](Cc1c[nH]c2ccccc12)C(=O)N[C@@H](CCC(=O)O)C(=O)N[C@@H](CCC(=O)O)C(=O)N[C@@H](Cc1ccc(O)cc1)C(=O)N[C@@H](CC(C)C)C(=O)NC(C)C(=O)N[C@@H](Cc1c[nH]c2ccccc12)C(=O)N[C@H](C(=O)N[C@@H](CCCCN)C(=O)N[C@@H](CCCCN)C(=O)N[C@@H](CCCCN)C(=O)N[C@@H](CCCCN)C(=O)N[C@@H](CCCCN)C(=O)N[C@@H](CCCCN)C(N)=O)C(C)C)[C@@H](C)O)C(C)C)[C@@H](C)O,72.5,72.5,72.5
CC(=O)N[C@H](C(=O)N[C@H](C(=O)N[C@@H](Cc1ccccc1)C(=O)N[C@H](C(=O)N[C@@H](CO)C(=O)N[C@@H](Cc1c[nH]c2ccccc12)C(=O)N[C@H]1CCCCNC(=O)C[C@@H](C(=O)N[C@@H](Cc2c[nH]c3ccccc23)C(=O)N[C@H](C(=O)N[C@@H](CCCCN)C(=O)N[C@@H](CCCCN)C(=O)N[C@@H](CCCCN)C(=O)N[C@@H](CCCCN)C(=O)N[C@@H](CCCCN)C(=O)N[C@@H](CCCCN)C(N)=O)C(C)C)NC(=O)[C@H](CC(C)C)NC(=O)[C@H](Cc2ccc(O)cc2)NC(=O)[C@H](CCC(=O)O)NC1=O)[C@@H](C)O)C(C)C)[C@@H](C)O,25,25.0,25.0
CC(=O)N[C@@H](Cc1cnc[nH]1)C(=O)N[C@H](C(=O)N[C@@H](Cc1ccccc1)C(=O)N[C@@H](CCCNC(=N)N)C(=O)N[C@@H](CO)C(=O)N[C@@H](Cc1c[nH]c2ccccc12)C(=O)N[C@@H](CCC(=O)O)C(=O)N[C@@H](CCC(=O)O)C(=O)N[C@@H](Cc1ccc(O)cc1)C(=O)N[C@@H](CC(C)C)C(=O)N[C@@H](CC(=O)O)C(=O)N[C@@H](Cc1c[nH]c2ccccc12)C(=O)N[C@H](C(N)=O)C(C)C)C(C)C,865,865.0,865.0
CC(=O)N[C@@H](Cc1cnc[nH]1)C(=O)N[C@H](C(=O)N[C@@H](Cc1ccccc1)C(=O)N[C@@H](CC(N)=O)C(=O)N[C@@H](CO)C(=O)N[C@@H](Cc1c[nH]c2ccccc12)C(=O)N[C@H]1CCCCNC(=O)C[C@@H](C(=O)N[C@@H](Cc2c[nH]c3ccccc23)C(=O)N[C@H](C(N)=O)C(C)C)NC(=O)[C@H](CC(C)C)NC(=O)[C@H](Cc2ccc(O)cc2)NC(=O)[C@H](CCC(=O)O)NC1=O)C(C)C,5300,5300.0,5300.0
CC(=O)N[C@@H](Cc1cnc[nH]1)C(=O)N[C@H](C(=O)N[C@@H](Cc1ccccc1)C(=O)N[C@@H](CCCCN)C(=O)N[C@@H](CO)C(=O)N[C@@H](Cc1c[nH]c2ccccc12)C(=O)N[C@H]1CCCCNC(=O)C[C@@H](C(=O)N[C@@H](Cc2c[nH]c3ccccc23)C(=O)N[C@H](C(=O)N[C@@H](CCCCN)C(=O)N[C@@H](CCCCN)C(=O)N[C@@H](CCCCN)C(=O)N[C@@H](CCCCN)C(=O)N[C@@H](CCCCN)C(=O)N[C@@H](CCCCN)C(N)=O)C(C)C)NC(=O)[C@H](CC(C)C)NC(=O)[C@H](Cc2ccc(O)cc2)NC(=O)[C@H](CCC(=O)O)NC1=O)C(C)C,6,6.0,6.0
CC(=O)N[C@H](C(=O)N[C@H](C(=O)N[C@@H](Cc1ccccc1)C(=O)N[C@H](C(=O)N[C@@H](CO)C(=O)N[C@@H](Cc1c[nH]c2ccccc12)C(=O)N[C@@H](CCC(=O)O)C(=O)N[C@@H](CCC(=O)O)C(=O)N[C@@H](Cc1ccc(O)cc1)C(=O)N[C@@H](CC(C)C)C(=O)N[C@@H](C)C(=O)N[C@@H](Cc1c[nH]c2ccccc12)C(=O)N[C@H](C(N)=O)C(C)C)[C@@H](C)O)C(C)C)[C@@H](C)O,8600,8600.0,8600.0
CC(=O)N[C@H](C(=O)N[C@H](C(=O)N[C@@H](Cc1ccccc1)C(=O)N[C@H](C(=O)N[C@@H](CO)C(=O)N[C@@H](Cc1c[nH]c2ccccc12)C(=O)N[C@@H](CCC(=O)O)C(=O)N[C@@H](CCC(=O)O)C(=O)N[C@@H](Cc1ccc(O)cc1)C(=O)N[C@@H](CC(C)C)C(=O)N[C@@H](CC(=O)O)C(=O)N[C@@H](Cc1c[nH]c2ccccc12)C(=O)N[C@H](C(=O)N[C@@H](CCCCN)C(=O)N[C@@H](CCCCN)C(=O)N[C@@H](CCCCN)C(=O)N[C@@H](CCCCN)C(=O)N[C@@H](CCCCN)C(=O)N[C@@H](CCCCN)C(N)=O)C(C)C)[C@@H](C)O)C(C)C)[C@@H](C)O,424,424.0,424.0
CC[C@H](C)[C@H](NC(=O)[C@H](CCCCNC(=N)N)NC(=O)[C@@H](NC(=O)[C@H](CC(C)C)NC(=O)[C@H](CC(N)=O)NC(=O)[C@H](Cc1c[nH]c2ccccc12)NC(=O)CNC(=O)[C@@H]1CCCN1C(=O)[C@H](Cc1ccccc1)NC(=O)[C@H](CO)NC(=O)[C@H](CCC(=O)O)NC(=O)[C@@H](N)CCSC)C(C)C)C(=O)NCC(=O)N[C@@H](CC(C)C)C(=O)N[C@@H](CC(C)C)C(=O)N[C@@H](CCCNC(=N)N)C(=O)O,700,700.0,700.0
CC(C)[C@@H]1NC(=O)[C@H](Cc2ccccc2)NC(=O)CSC[C@@H](C(=O)NCC(N)=O)NC(=O)[C@@H]2CCCN2C(=O)[C@H](CCCNC(=N)N)NC(=O)[C@H](CC(=O)O)NC(=O)[C@H](C)N(C)C(=O)[C@H](Cc2ccc(-c3ccccc3)cc2)NC(=O)[C@H](C)N(C)C(=O)[C@H](Cc2ccc(-c3ccccc3)cc2)NC(=O)[C@H]([C@@H](C)O)NC(=O)[C@H]([C@@H](C)O)NC(=O)[C@H](CO)NC1=O,0.3,0.3,0.3
CC[C@H](C)[C@H](NC(=O)[C@H](CCCCN)NC(=O)[C@H](CC(C)C)NC(=O)[C@H](CC(=O)O)NC(=O)[C@H](CC(N)=O)NC(=O)[C@H](CS)NC(=O)[C@@H](NC(=O)[C@H](Cc1c[nH]cn1)NC(=O)[C@H](CO)NC(=O)[C@H](CS)NC(=O)CNC(=O)CNC(=O)[C@H](CC(N)=O)NC(=O)[C@H](Cc1c[nH]c2ccccc12)NC(=O)[C@H](Cc1ccc(O)cc1)NC(=O)[C@@H]1CCCN1C(=O)[C@H](CCC(=O)O)NC(=O)[C@H](Cc1c[nH]c2ccccc12)NC(=O)[C@@H]1CCCN1C(=O)[C@H](Cc1ccc(O)cc1)NC(=O)[C@H](CCCCN)NC(=O)[C@H](CO)NC(=O)[C@H](CO)NC(=O)[C@H](CC(C)C)NC(=O)[C@H](CS)NC(=O)[C@H](CCC(=O)O)NC(=O)[C@H](CC(N)=O)NC(=O)[C@@H](NC(=O)CN)[C@@H](C)O)C(C)C)C(=O)NCC(=O)N[C@@H](Cc1ccc(O)cc1)C(=O)N[C@@H](CCC(=O)O)C(=O)N[C@@H](CS)C(=O)N[C@@H](CC(C)C)C(=O)O,15,15.0,15.0
CC[C@H](C)[C@H](NC(=O)[C@H](CCC(N)=O)NC(=O)[C@H](CC(C)C)NC(=O)[C@H](CC(N)=O)NC(=O)[C@H](Cc1c[nH]c2ccccc12)NC(=O)[C@@H]1CCCN1C(=O)[C@H](CC(C)C)NC(=O)[C@H](CCCNC(=N)N)NC(=O)[C@H](CS)NC(=O)CNC(=O)[C@H](CO)NC(=O)CNC(=O)[C@@H](NC(=O)[C@H](Cc1c[nH]c2ccccc12)NC(=O)[C@H](CC(=O)O)NC(=O)[C@H](CC(C)C)NC(=O)[C@H](Cc1ccc(O)cc1)NC(=O)[C@H](CCC(=O)O)NC(=O)[C@H](CCC(=O)O)NC(=O)[C@H](Cc1c[nH]c2ccccc12)NC(=O)[C@H](CO)NC(=O)[C@@H](NC(=O)[C@H](Cc1ccccc1)NC(=O)[C@@H](NC(=O)[C@@H](N)[C@@H](C)O)C(C)C)[C@@H](C)O)C(C)C)C(=O)NCC(=O)N[C@@H](CC(C)C)C(=O)N1CCC[C@H]1C(=O)N[C@@H](CS)C(=O)O,5.5,5.5,5.5
CCNC(=O)[C@@H]1CSCC(=O)N[C@@H](Cc2ccccc2)C(=O)N[C@@H](C(C)C)C(=O)N2CCC[C@H]2C(=O)N[C@@H]([C@@H](C)O)C(=O)N[C@@H]([C@@H](C)O)C(=O)N[C@@H](Cc2ccc(-c3ccccc3)cc2)C(=O)N(C)[C@@H](C)C(=O)N[C@@H](Cc2ccc(-c3ccccc3)cc2)C(=O)N(C)[C@@H](C)C(=O)N[C@@H](CCC(=O)O)C(=O)N[C@@H](C)C(=O)N2CCC[C@H]2C(=O)N1,6.1,6.1,6.1
CC[C@H](C)[C@H](NC(=O)[C@H](CCCCN=C(N)N)NC(=O)[C@H](CCCCN)NC(=O)[C@H](CC(C)C)NC(=O)[C@H](CC(N)=O)NC(=O)[C@H](Cc1c[nH]c2ccccc12)NC(=O)C1(N)CCC(c2ccccc2)CC1)C(=O)NCC(=O)N[C@@H](CC(C)C)C(=O)N[C@@H](CC(C)C)C(=O)N[C@@H](CCCN=C(N)N)C(=O)O,390,390.0,390.0
CC[C@H](C)[C@H](NC(=O)[C@H](CCCCN)NC(=O)[C@H](CC(C)C)NC(=O)[C@H](CC(=O)O)NC(=O)[C@H](CC(N)=O)NC(=O)[C@H](CS)NC(=O)[C@@H](NC(=O)[C@H](Cc1c[nH]cn1)NC(=O)[C@H](CO)NC(=O)[C@H](CS)NC(=O)CNC(=O)CNC(=O)[C@H](CC(N)=O)NC(=O)[C@H](CC(N)=O)NC(=O)[C@H](CC(=O)O)NC(=O)[C@H](CC(C)C)NC(=O)[C@H](CS)NC(=O)[C@H](CCC(=O)O)NC(=O)[C@H](CC(N)=O)NC(=O)[C@@H](NC(=O)CN)[C@@H](C)O)C(C)C)C(=O)NCC(=O)N[C@@H](Cc1ccc(O)cc1)C(=O)N[C@@H](CCC(=O)O)C(=O)N[C@@H](CS)C(=O)N[C@@H](CC(C)C)C(=O)N[C@@H](CS)C(=O)N1CCC[C@H]1C(=O)N[C@@H](CC(=O)O)C(=O)NCC(=O)N[C@@H](Cc1ccccc1)C(=O)N[C@@H](CCC(N)=O)C(=O)N[C@@H](CC(C)C)C(=O)N[C@H](C(=O)N[C@@H](C)C(=O)N[C@@H](CCC(N)=O)C(=O)N[C@@H](CCCNC(=N)N)C(=O)N[C@@H](CCCNC(=N)N)C(=O)N[C@@H](CS)C(=O)N[C@@H](CCC(=O)O)C(=O)O)C(C)C,1000,1000.0,1000.0
CN(C)c1ccc2[nH]c3c(C(=O)O)cc(=O)c(=O)c=3oc2c1,470,470.0,470.0
O=C(Nc1cccc(C(=O)Nc2ccc(S(=O)(=O)O)c3cc(S(=O)(=O)O)cc(S(=O)(=O)O)c23)c1)Nc1cccc(C(=O)Nc2ccc(S(=O)(=O)O)c3cc(S(=O)(=O)O)cc(S(=O)(=O)O)c23)c1,26.5,26.5,26.5
O=C(Nc1cccc(C(=O)Nc2cc(C(=O)Nc3ccc(S(=O)(=O)O)c4cc(S(=O)(=O)O)cc(S(=O)(=O)O)c34)ccc2F)c1)Nc1cccc(C(=O)Nc2cc(C(=O)Nc3ccc(S(=O)(=O)O)c4cc(S(=O)(=O)O)cc(S(=O)(=O)O)c34)ccc2F)c1,1.55,1.55,1.55
O=C(Nc1cc(C(=O)Nc2ccc(S(=O)(=O)O)cc2S(=O)(=O)O)cc(C(=O)Nc2ccc(S(=O)(=O)O)cc2S(=O)(=O)O)c1)Nc1cc(C(=O)Nc2ccc(S(=O)(=O)O)cc2S(=O)(=O)O)cc(C(=O)Nc2ccc(S(=O)(=O)O)cc2S(=O)(=O)O)c1,4.66,4.66,4.66
O=C(Nc1cc(C(=O)Nc2ccc(S(=O)(=O)O)cc2)cc(C(=O)Nc2ccc(S(=O)(=O)O)cc2)c1)Nc1cc(C(=O)Nc2ccc(S(=O)(=O)O)cc2)cc(C(=O)Nc2ccc(S(=O)(=O)O)cc2)c1,6.88,6.88,6.88
Cc1ccc(C(=O)Nc2ccc(P(=O)([O-])O)cc2P(=O)([O-])O)cc1NC(=O)c1cccc(NC(=O)Nc2cccc(C(=O)Nc3cc(C(=O)Nc4ccc(P(=O)([O-])O)cc4P(=O)([O-])O)ccc3C)c2)c1,>100,100.0,200.0
O=C(Nc1cccc(C(=O)Nc2cc(S(=O)(=O)O)cc3ccc(S(=O)(=O)O)cc23)c1)Nc1cccc(C(=O)Nc2cc(S(=O)(=O)O)cc3ccc(S(=O)(=O)O)cc23)c1,>100,100.0,200.0
O=C(Nc1ccc(C(=O)Nc2ccc(C(=O)Nc3ccc(S(=O)(=O)O)c4cc(S(=O)(=O)O)cc(S(=O)(=O)O)c34)cc2)cc1)Nc1ccc(C(=O)Nc2ccc(C(=O)Nc3ccc(S(=O)(=O)O)c4cc(S(=O)(=O)O)cc(S(=O)(=O)O)c34)cc2)cc1,0.85,0.85,0.85
CC(C)[C@@H]1NC(=O)[C@H](Cc2ccccc2)NC(=O)CSC[C@@H](C(=O)NCC(N)=O)NC(=O)[C@@H]2CCCN2C(=O)[C@H](CCCNC(=N)N)NC(=O)[C@H](CC(=O)O)NC(=O)[C@H](C)N(C)C(=O)[C@H](Cc2ccc(-c3ccccc3)cc2)NC(=O)[C@H](C)N(C)C(=O)[C@H](Cc2ccc(-c3ccccc3)cc2)NC(=O)[C@H]([C@@H](C)O)NC(=O)[C@H]([C@@H](C)O)NC(=O)[C@H](CO)NC1=O,1,1.0,1.0
CCNC(=O)[C@@H]1CSCC(=O)N[C@@H](Cc2ccccc2)C(=O)N[C@@H](C(C)C)C(=O)N2CCC[C@H]2C(=O)N[C@@H]([C@@H](C)O)C(=O)N[C@@H]([C@@H](C)O)C(=O)N[C@@H](Cc2ccc(-c3ccccc3)cc2)C(=O)N(C)[C@@H](C)C(=O)N[C@@H](Cc2ccc(-c3ccccc3)cc2)C(=O)N(C)[C@@H](C)C(=O)N[C@@H](CCC(=O)O)C(=O)N[C@@H](C)C(=O)N2CCC[C@H]2C(=O)N1,21,21.0,21.0
