SMILES,pKi,pKi-min,pKi-max
NCCCC[C@@H]1NC(=O)CCSCc2cccc(c2)CSC[C@@H](C(N)=O)NC(=O)[C@@H]2CCCN2C(=O)[C@H](Cc2ccc(O)cc2)NC(=O)[C@H](Cc2cnc[nH]2)NC(=O)[C@H](CC(=O)O)NC(=O)[C@H](Cc2c[nH]c3ccc(F)cc23)NC(=O)[C@H](Cc2c[nH]c3ccc(F)cc23)NC(=O)CNC1=O,6.96,6.958607314841775,6.958607314841775
C[C@@H]1NC(=O)CCSCc2cccc(c2)CSC[C@@H](C(N)=O)NC(=O)[C@@H]2CCCN2C(=O)[C@H](Cc2ccc(O)cc2)NC(=O)[C@H](Cc2cnc[nH]2)NC(=O)[C@H](CC(=O)O)NC(=O)[C@H](Cc2c[nH]c3ccc(F)cc23)NC(=O)[C@H](Cc2c[nH]c3ccc(F)cc23)NC(=O)CNC1=O,6.41,6.406713932979542,6.406713932979542
C[C@@H]1NC(=O)CNC(=O)[C@H](CCCCN)NC(=O)CCSCc2cccc(c2)CSC[C@@H](C(N)=O)NC(=O)[C@@H]2CCCN2C(=O)[C@H](Cc2ccc(O)cc2)NC(=O)[C@H](Cc2cnc[nH]2)NC(=O)[C@H](CC(=O)O)NC(=O)[C@H](Cc2c[nH]c3ccc(F)cc23)NC1=O,6.18,6.18309616062434,6.18309616062434
C[C@@H]1NC(=O)[C@H](Cc2c[nH]c3ccc(F)cc23)NC(=O)[C@H](Cc2c[nH]c3ccc(F)cc23)NC(=O)CNC(=O)[C@H](CCCCN)NC(=O)CCSCc2cccc(c2)CSC[C@@H](C(N)=O)NC(=O)[C@@H]2CCCN2C(=O)[C@H](Cc2ccc(O)cc2)NC(=O)[C@H](Cc2cnc[nH]2)NC1=O,6.37,6.369572124974976,6.369572124974976
C[C@@H]1NC(=O)[C@H](CC(=O)O)NC(=O)[C@H](Cc2c[nH]c3ccc(F)cc23)NC(=O)[C@H](Cc2c[nH]c3ccc(F)cc23)NC(=O)CNC(=O)[C@H](CCCCN)NC(=O)CCSCc2cccc(c2)CSC[C@@H](C(N)=O)NC(=O)[C@@H]2CCCN2C(=O)[C@H](Cc2ccc(O)cc2)NC1=O,6.28,6.279840696594043,6.279840696594043
NCCCC[C@H]1NC(=O)CCSCc2cccc(c2)CSC[C@@H](C(N)=O)NC(=O)[C@@H]2CCCN2C(=O)[C@H](Cc2ccc(O)cc2)NC(=O)[C@H](Cc2cnc[nH]2)NC(=O)[C@H](CC(=O)O)NC(=O)[C@H](Cc2c[nH]c3ccc(F)cc23)NC(=O)[C@H](Cc2c[nH]c3ccc(F)cc23)NC(=O)CNC1=O,4.79,4.78962796597471,4.78962796597471
NCCCC[C@@H]1NC(=O)CCSCc2cccc(c2)CSC[C@H](C(N)=O)NC(=O)[C@@H]2CCCN2C(=O)[C@H](Cc2ccc(O)cc2)NC(=O)[C@H](Cc2cnc[nH]2)NC(=O)[C@H](CC(=O)O)NC(=O)[C@H](Cc2c[nH]c3ccc(F)cc23)NC(=O)[C@H](Cc2c[nH]c3ccc(F)cc23)NC(=O)CNC1=O,5.70,5.6965879294032575,5.6965879294032575
CN1C(=O)CCSCc2cccc(c2)CSC[C@@H](C(N)=O)NC(=O)[C@@H]2CCCN2C(=O)[C@H](Cc2ccc(O)cc2)NC(=O)[C@H](Cc2cnc[nH]2)NC(=O)[C@H](CC(=O)O)NC(=O)[C@H](Cc2c[nH]c3ccc(F)cc23)NC(=O)[C@H](Cc2c[nH]c3ccc(F)cc23)NC(=O)CNC(=O)[C@@H]1CCCCN,6.47,6.465973893943865,6.465973893943865
CN1CC(=O)N[C@@H](Cc2c[nH]c3ccc(F)cc23)C(=O)N[C@@H](Cc2c[nH]c3ccc(F)cc23)C(=O)N[C@@H](CC(=O)O)C(=O)N[C@@H](Cc2cnc[nH]2)C(=O)N[C@@H](Cc2ccc(O)cc2)C(=O)N2CCC[C@H]2C(=O)N[C@H](C(N)=O)CSCc2cccc(c2)CSCCC(=O)N[C@@H](CCCCN)C1=O,5.39,5.388276691992658,5.388276691992658
CN1C(=O)[C@H](Cc2c[nH]c3ccc(F)cc23)NC(=O)[C@H](Cc2c[nH]c3ccc(F)cc23)NC(=O)CNC(=O)[C@H](CCCCN)NC(=O)CCSCc2cccc(c2)CSC[C@@H](C(N)=O)NC(=O)[C@@H]2CCCN2C(=O)[C@H](Cc2ccc(O)cc2)NC(=O)[C@H](Cc2cnc[nH]2)NC(=O)[C@@H]1CC(=O)O,4.89,4.890522699041265,4.890522699041265
CN1C(=O)[C@H](Cc2cnc[nH]2)NC(=O)[C@H](CC(=O)O)NC(=O)[C@H](Cc2c[nH]c3ccc(F)cc23)NC(=O)[C@H](Cc2c[nH]c3ccc(F)cc23)NC(=O)CNC(=O)[C@H](CCCCN)NC(=O)CCSCc2cccc(c2)CSC[C@@H](C(N)=O)NC(=O)[C@@H]2CCCN2C(=O)[C@@H]1Cc1ccc(O)cc1,6.95,6.950781977329818,6.950781977329818
CC(=O)N[C@H]1CSCc2cccc(c2)CSC[C@@H](C(N)=O)NC(=O)[C@@H]2CCCN2C(=O)[C@H](Cc2ccc(O)cc2)NC(=O)[C@H](Cc2cnc[nH]2)NC(=O)[C@H](CC(=O)O)NC(=O)[C@H](Cc2c[nH]c3ccc(F)cc23)NC(=O)[C@H](Cc2c[nH]c3ccc(F)cc23)NC(=O)CNC(=O)[C@H](CCCCN)NC1=O,7.33,7.326979092871104,7.326979092871104
CC(=O)N[C@H]1CSCc2cccc(c2)CSC[C@@H](C(N)=O)NC(=O)[C@@H]2CCCN2C(=O)[C@H](Cc2ccc(O)cc2)NC(=O)[C@H](Cc2cnc[nH]2)NC(=O)[C@H](CC(=O)O)NC(=O)[C@H](Cc2c[nH]c3ccc(F)cc23)NC(=O)[C@H](Cc2c[nH]c3ccccc23)NC(=O)CNC(=O)[C@H](CCCCN)NC1=O,6.99,6.987162775294828,6.987162775294828
CC(=O)N[C@H]1CSCc2cccc(c2)CSC[C@@H](C(N)=O)NC(=O)[C@@H]2CCCN2C(=O)[C@H](Cc2ccc(O)cc2)NC(=O)[C@H](Cc2cnc[nH]2)NC(=O)[C@H](CC(=O)O)NC(=O)[C@H](Cc2c[nH]c3ccccc23)NC(=O)[C@H](Cc2c[nH]c3ccc(F)cc23)NC(=O)CNC(=O)[C@H](CCCCN)NC1=O,5.97,5.97061622231479,5.97061622231479
CC1(c2cccc3ccccc23)NC(=O)CNC(=O)[C@H](CCCCN)NC(=O)CCSCc2cccc(c2)CSC[C@@H](C(N)=O)NC(=O)[C@@H]2CCCN2C(=O)[C@H](Cc2ccc(O)cc2)NC(=O)[C@H](Cc2cnc[nH]2)NC(=O)[C@H](CC(=O)O)NC(=O)[C@H](Cc2c[nH]c3ccc(F)cc23)NC1=O,7.20,7.200659450546418,7.200659450546418
NCCCC[C@@H]1NC(=O)CCSCc2cccc(c2)CSC[C@@H](C(N)=O)NC(=O)[C@@H]2CCCN2C(=O)[C@H](Cc2ccc(O)cc2)NC(=O)[C@H](Cc2cnc[nH]2)NC(=O)[C@H](CC(=O)O)NC(=O)[C@H](Cc2c[nH]c3ccc(F)cc23)NC(=O)[C@H](Cc2ccc(-c3ccccc3)cc2)NC(=O)CNC1=O,4.53,4.532465886150408,4.532465886150408
NCCCC[C@@H]1NC(=O)CCSCc2cccc(c2)CSC[C@@H](C(N)=O)NC(=O)[C@@H]2CCCN2C(=O)[C@H](Cc2ccc(O)cc2)NC(=O)[C@H](Cc2cnc[nH]2)NC(=O)[C@H](CC(=O)O)NC(=O)[C@H](Cc2c[nH]c3ccc(F)cc23)NC(=O)C(CCc2ccccc2)NC(=O)CNC1=O,5.66,5.655411257421286,5.655411257421286
C[C@@]12CCCN1C(=O)[C@H](Cc1ccc(O)cc1)NC(=O)[C@H](Cc1cnc[nH]1)NC(=O)[C@H](CC(=O)O)NC(=O)[C@H](Cc1c[nH]c3ccc(F)cc13)NC(=O)[C@H](Cc1c[nH]c3ccc(F)cc13)NC(=O)CNC(=O)[C@H](CCCCN)NC(=O)CCSCc1cccc(c1)CSC[C@@H](C(N)=O)NC2=O,7.85,7.853871964321762,7.853871964321762
CN1CC(=O)N[C@H](C(N)=O)CSCc2cccc(c2)CSCCC(=O)N[C@@H](CCCCN)C(=O)NCC(=O)N[C@@H](Cc2c[nH]c3ccc(F)cc23)C(=O)N[C@@H](Cc2c[nH]c3ccc(F)cc23)C(=O)N[C@@H](CC(=O)O)C(=O)N[C@@H](Cc2cnc[nH]2)C(=O)N[C@@H](Cc2ccc(O)cc2)C1=O,4.97,4.968995718636463,4.968995718636463
NCCCC[C@@H]1NC(=O)CCSCc2cccc(c2)CSC[C@@H](C(N)=O)NC(=O)[C@@H]2CCN2C(=O)[C@H](Cc2ccc(O)cc2)NC(=O)[C@H](Cc2cnc[nH]2)NC(=O)[C@H](CC(=O)O)NC(=O)[C@H](Cc2c[nH]c3ccc(F)cc23)NC(=O)[C@H](Cc2c[nH]c3ccc(F)cc23)NC(=O)CNC1=O,7.17,7.170696227168975,7.170696227168975
NCCCC[C@@H]1NC(=O)CCSCc2cccc(c2)CSC[C@@H](C(N)=O)NC(=O)[C@@H]2CCCCN2C(=O)[C@H](Cc2ccc(O)cc2)NC(=O)[C@H](Cc2cnc[nH]2)NC(=O)[C@H](CC(=O)O)NC(=O)[C@H](Cc2c[nH]c3ccc(F)cc23)NC(=O)[C@H](Cc2c[nH]c3ccc(F)cc23)NC(=O)CNC1=O,6.01,6.013676222949234,6.013676222949234
C[C@@]12CCCN1C(=O)[C@H](Cc1ccc(O)cc1)NC(=O)[C@H](Cc1cnc[nH]1)NC(=O)[C@H](CC(=O)O)NC(=O)[C@H](Cc1c[nH]c3ccc(F)cc13)NC(=O)[C@H](Cc1c[nH]c3ccc(F)cc13)NC(=O)CNC(=O)[C@H](CCCCN)NC(=O)CCSCc1cccc(c1)CSCCNC2=O,7.58,7.575118363368933,7.575118363368933
C[C@H]1NC(=O)[C@H](CCCCN)NC(=O)CCSCc2cccc(c2)CSCCNC(=O)[C@]2(C)CCCN2C(=O)[C@H](Cc2ccc(O)cc2)NC(=O)[C@H](Cc2cnc[nH]2)NC(=O)[C@H](CC(=O)O)NC(=O)[C@H](Cc2c[nH]c3ccc(F)cc23)NC(=O)[C@H](Cc2c[nH]c3ccc(F)cc23)NC1=O,7.63,7.632644078973981,7.632644078973981
CCC[C@H]1NC(=O)[C@H](CCCCN)NC(=O)CCSCc2cccc(c2)CSCCNC(=O)[C@]2(C)CCCN2C(=O)[C@H](Cc2ccc(O)cc2)NC(=O)[C@H](Cc2cnc[nH]2)NC(=O)[C@H](CC(=O)O)NC(=O)[C@H](Cc2c[nH]c3ccc(F)cc23)NC(=O)[C@H](Cc2c[nH]c3ccc(F)cc23)NC1=O,7.36,7.361510743045363,7.361510743045363
CC(C)[C@H]1NC(=O)[C@H](CCCCN)NC(=O)CCSCc2cccc(c2)CSCCNC(=O)[C@]2(C)CCCN2C(=O)[C@H](Cc2ccc(O)cc2)NC(=O)[C@H](Cc2cnc[nH]2)NC(=O)[C@H](CC(=O)O)NC(=O)[C@H](Cc2c[nH]c3ccc(F)cc23)NC(=O)[C@H](Cc2c[nH]c3ccc(F)cc23)NC1=O,7.75,7.75448733218585,7.75448733218585
C[C@H](O)[C@H]1NC(=O)[C@H](CCCCN)NC(=O)CCSCc2cccc(c2)CSCCNC(=O)[C@]2(C)CCCN2C(=O)[C@H](Cc2ccc(O)cc2)NC(=O)[C@H](Cc2cnc[nH]2)NC(=O)[C@H](CC(=O)O)NC(=O)[C@H](Cc2c[nH]c3ccc(F)cc23)NC(=O)[C@H](Cc2c[nH]c3ccc(F)cc23)NC1=O,7.57,7.570247719997592,7.570247719997592
C[C@@H]1NC(=O)CCSCc2cccc(c2)CSCCNC(=O)[C@]2(C)CCCN2C(=O)[C@H](Cc2ccc(O)cc2)NC(=O)[C@H](Cc2cnc[nH]2)NC(=O)[C@H](CC(=O)O)NC(=O)[C@H](Cc2c[nH]c3ccc(F)cc23)NC(=O)[C@H](Cc2c[nH]c3ccc(F)cc23)NC(=O)[C@@H](CCCCN)NC1=O,7.32,7.317854923626168,7.317854923626168
C[C@@H]1NC(=O)[C@@H]2CCCN2C(=O)[C@H](Cc2c[nH]c3ccc(F)cc23)NC(=O)[C@H](Cc2c[nH]c3ccc(F)cc23)NC(=O)CNC(=O)[C@H](CCCCN)NC(=O)CCSCc2cccc(c2)CSC[C@@H](C(N)=O)NC(=O)[C@]2(C)CCCN2C(=O)[C@H](Cc2ccc(O)cc2)NC1=O,7.05,7.054039296422431,7.054039296422431
C[C@@H](O)[C@@H]1NC(=O)[C@@H]2CCCN2C(=O)[C@H](Cc2c[nH]c3ccc(F)cc23)NC(=O)[C@H](Cc2c[nH]c3ccc(F)cc23)NC(=O)CNC(=O)[C@H](CCCCN)NC(=O)CCSCc2cccc(c2)CSC[C@@H](C(N)=O)NC(=O)[C@]2(C)CCCN2C(=O)[C@H](Cc2ccc(O)cc2)NC1=O,7.62,7.621602099051862,7.621602099051862
C[C@H]1NC(=O)[C@H](CCC(=O)O)NC(=O)CCSCc2cccc(c2)CSCCNC(=O)[C@]2(C)CCCN2C(=O)[C@H](Cc2ccc(O)cc2)NC(=O)[C@H](Cc2cnc[nH]2)NC(=O)[C@H](CC(=O)O)NC(=O)[C@H](Cc2c[nH]c3ccc(F)cc23)NC(=O)[C@H](Cc2c[nH]c3ccc(F)cc23)NC1=O,6.69,6.694218848745018,6.694218848745018
C[C@@]12CCCN1C(=O)[C@H](Cc1ccc(O)cc1)NC(=O)[C@H](Cc1cnc[nH]1)NC(=O)[C@H](CC(=O)O)NC(=O)[C@H](Cc1c[nH]c3ccc(F)cc13)NC(=O)[C@H](Cc1c[nH]c3ccc(F)cc13)NC(=O)CNC(=O)[C@H](CCCN)NC(=O)CCSCc1cccc(c1)CSC[C@@H](C(N)=O)NC2=O,6.88,6.877784121727173,6.877784121727173
CCC[C@@H]1NC(=O)CCSCc2cccc(c2)CSC[C@@H](C(N)=O)NC(=O)[C@]2(C)CCCN2C(=O)[C@H](Cc2ccc(O)cc2)NC(=O)[C@H](Cc2cnc[nH]2)NC(=O)[C@H](CC(=O)O)NC(=O)[C@H](Cc2c[nH]c3ccc(F)cc23)NC(=O)[C@H](Cc2c[nH]c3ccc(F)cc23)NC(=O)CNC1=O,7.02,7.023650020996726,7.023650020996726
COc1ccc(C[C@@H]2NC(=O)[C@H](Cc3cnc[nH]3)NC(=O)[C@H](CC(=O)O)NC(=O)[C@H](Cc3c[nH]c4ccc(F)cc34)NC(=O)[C@H](Cc3c[nH]c4ccc(F)cc34)NC(=O)[C@@H](C)NC(=O)[C@H](CCCCO)NC(=O)CCSCc3cccc(c3)CSCCNC(=O)[C@]3(C)CCCN3C2=O)cc1,7.10,7.102922996790579,7.102922996790579
CC(=O)N[C@@H](Cc1cnc[nH]1)C(=O)N(C)[C@@H](Cc1ccc(F)cc1)C(=O)N[C@H]1CSCc2cccc(c2)CSC[C@@H](C(N)=O)NC(=O)[C@@H]2CCCN2C(=O)[C@H](Cc2ccc(O)cc2)NC(=O)[C@H](Cc2cnc[nH]2)NC(=O)[C@H](CC(=O)O)NC(=O)[C@H](Cc2c[nH]c3ccc(F)cc23)NC(=O)[C@H](Cc2c[nH]c3ccc(F)cc23)NC(=O)CNC(=O)[C@H](CCCCN)NC1=O,6.02,6.0195421077239,6.0195421077239
CCCCC(NC(C)=O)C(=O)N[C@H]1CSCc2cccc(c2)CSC[C@@H](C(N)=O)NC(=O)[C@H]([C@@H](C)O)NC(=O)[C@H](CCC)NC(=O)[C@H](Cc2ccc(O)cc2)NC(=O)[C@H](CCC(=O)O)NC(=O)[C@H](CCC)NC(=O)[C@H](Cc2c[nH]c3ncccc23)NC(=O)[C@H]([C@@H](C)O)NC(=O)[C@H](Cc2cnc[nH]2)NC(=O)[C@H](Cc2ccc(O)cc2)NC(=O)[C@H](C(C)(C)C)NC1=O,6.87,6.872895201635192,6.872895201635192
NCCCC[C@@H]1NC(=O)CCSCc2cccc(c2)CSCCNC(=O)[C@@H]2CCCN2C(=O)[C@H](Cc2ccc(O)cc2)NC(=O)[C@H](Cc2cnc[nH]2)NC(=O)[C@H](CC(=O)O)NC(=O)[C@H](Cc2c[nH]c3ccc(F)cc23)NC(=O)[C@H](Cc2c[nH]c3ccc(F)cc23)NC(=O)CNC1=O,6.60,6.598599459218455,6.598599459218455
CC(C)[C@H]1NC(=O)[C@H](CCCCN)NC(=O)CCSCc2cccc(c2)CSCCNC(=O)[C@]2(C)CCCN2C(=O)[C@H](Cc2ccc(O)cc2)NC(=O)[C@H](Cc2cnc[nH]2)NC(=O)[C@H](CC(=O)O)NC(=O)[C@H](Cc2c[nH]c3ccc(F)cc23)NC(=O)[C@H](Cc2c[nH]c3ccc(F)cc23)NC1=O,7.75,7.75448733218585,7.75448733218585
CN1C(=O)[C@H](CC(=O)O)NC(=O)[C@H](Cc2c[nH]c3ccc(F)cc23)NC(=O)[C@H](Cc2c[nH]c3ccc(F)cc23)NC(=O)CNC(=O)[C@H](CCCCN)NC(=O)CCSCc2cccc(c2)CSC[C@@H](C(N)=O)NC(=O)[C@@H]2CCCN2C(=O)[C@H](Cc2ccc(O)cc2)NC(=O)[C@@H]1Cc1cnc[nH]1,<4.32,4.017728766960432,4.318758762624412
CC1(c2cccc3ccccc23)NC(=O)CNC(=O)[C@H](CCCCN)NC(=O)CCSCc2cccc(c2)CSC[C@@H](C(N)=O)NC(=O)[C@@H]2CCCN2C(=O)[C@H](Cc2ccc(O)cc2)NC(=O)[C@H](Cc2cnc[nH]2)NC(=O)[C@H](CC(=O)O)NC(=O)[C@H](Cc2c[nH]c3ccc(F)cc23)NC1=O,7.20,7.200659450546418,7.200659450546418
CN1C(=O)[C@H](Cc2c[nH]c3ccc(F)cc23)NC(=O)CNC(=O)[C@H](CCCCN)NC(=O)CCSCc2cccc(c2)CSC[C@@H](C(N)=O)NC(=O)[C@@H]2CCCN2C(=O)[C@H](Cc2ccc(O)cc2)NC(=O)[C@H](Cc2cnc[nH]2)NC(=O)[C@H](CC(=O)O)NC(=O)[C@@H]1Cc1c[nH]c2ccccc12,<4.32,4.017728766960432,4.318758762624412
C[C@@H]1NC(=O)[C@H](CC(=O)O)NC(=O)[C@H](Cc2c[nH]c3ccc(F)cc23)NC(=O)[C@H](Cc2c[nH]c3ccc(F)cc23)NC(=O)CNC(=O)[C@H](CCCCN)NC(=O)CCSCc2cccc(c2)CSC[C@@H](C(N)=O)NC(=O)[C@@H]2CCCN2C(=O)[C@H](Cc2ccc(O)cc2)NC1=O,6.28,6.279840696594043,6.279840696594043
C[C@@H]1NC(=O)CCSCc2cccc(c2)CSC[C@@H](C(N)=O)NC(=O)[C@@H]2CCCN2C(=O)[C@H](Cc2ccc(O)cc2)NC(=O)[C@H](Cc2cnc[nH]2)NC(=O)[C@H](CC(=O)O)NC(=O)[C@H](Cc2c[nH]c3ccc(F)cc23)NC(=O)[C@H](Cc2c[nH]c3ccc(F)cc23)NC(=O)CNC1=O,6.41,6.406713932979542,6.406713932979542
CC(=O)N[C@H]1CSCc2cccc(c2)CSC[C@@H](C(N)=O)NC(=O)[C@@H]2CCCN2C(=O)[C@H](Cc2ccc(O)cc2)NC(=O)[C@H](Cc2cnc[nH]2)NC(=O)[C@H](CC(=O)O)NC(=O)[C@H](Cc2c[nH]c3ccc(F)cc23)NC(=O)[C@H](Cc2c[nH]c3ccc(F)cc23)NC(=O)CNC(=O)[C@H](CCCCN)NC1=O,7.33,7.326979092871104,7.326979092871104
C[C@@]12CCCN1C(=O)[C@H](Cc1ccc(O)cc1)NC(=O)[C@H](Cc1cnc[nH]1)NC(=O)[C@H](CC(=O)O)NC(=O)[C@H](Cc1c[nH]c3ccc(F)cc13)NC(=O)[C@H](Cc1c[nH]c3ccc(F)cc13)NC(=O)CNC(=O)[C@H](CCCCN)NC(=O)CCSCc1cccc(c1)CSCCNC2=O,7.58,7.575118363368933,7.575118363368933
C[C@@H]1NC(=O)[C@H](Cc2c[nH]c3ccc(F)cc23)NC(=O)CNC(=O)[C@H](CCCCN)NC(=O)CCSCc2cccc(c2)CSC[C@@H](C(N)=O)NC(=O)[C@@H]2CCCN2C(=O)[C@H](Cc2ccc(O)cc2)NC(=O)[C@H](Cc2cnc[nH]2)NC(=O)[C@H](CC(=O)O)NC1=O,<4.32,4.017728766960432,4.318758762624412
CCC[C@@H]1NC(=O)CCSCc2cccc(c2)CSC[C@@H](C(N)=O)NC(=O)[C@]2(C)CCCN2C(=O)[C@H](Cc2ccc(O)cc2)NC(=O)[C@H](Cc2cnc[nH]2)NC(=O)[C@H](CC(=O)O)NC(=O)[C@H](Cc2c[nH]c3ccc(F)cc23)NC(=O)[C@H](Cc2c[nH]c3ccc(F)cc23)NC(=O)CNC1=O,7.02,7.023650020996726,7.023650020996726
CN1C(=O)[C@H](Cc2c[nH]c3ccc(F)cc23)NC(=O)[C@H](Cc2c[nH]c3ccc(F)cc23)NC(=O)CNC(=O)[C@H](CCCCN)NC(=O)CCSCc2cccc(c2)CSC[C@@H](C(N)=O)NC(=O)[C@@H]2CCCN2C(=O)[C@H](Cc2ccc(O)cc2)NC(=O)[C@H](Cc2cnc[nH]2)NC(=O)[C@@H]1CC(=O)O,4.89,4.890522699041265,4.890522699041265
NCCCC[C@@H]1NC(=O)CCSCc2cccc(c2)CSC[C@@H](C(N)=O)NC(=O)[C@@H]2CCCCN2C(=O)[C@H](Cc2ccc(O)cc2)NC(=O)[C@H](Cc2cnc[nH]2)NC(=O)[C@H](CC(=O)O)NC(=O)[C@H](Cc2c[nH]c3ccc(F)cc23)NC(=O)[C@H](Cc2c[nH]c3ccc(F)cc23)NC(=O)CNC1=O,6.01,6.013676222949234,6.013676222949234
NCCCC[C@@H]1NC(=O)CCSCc2cccc(c2)CSC[C@H](C(N)=O)NC(=O)[C@@H]2CCCN2C(=O)[C@H](Cc2ccc(O)cc2)NC(=O)[C@H](Cc2cnc[nH]2)NC(=O)[C@H](CC(=O)O)NC(=O)[C@H](Cc2c[nH]c3ccc(F)cc23)NC(=O)[C@H](Cc2c[nH]c3ccc(F)cc23)NC(=O)CNC1=O,5.70,5.6965879294032575,5.6965879294032575
C[C@H]1NC(=O)[C@H](CCCCN)NC(=O)CCSCc2cccc(c2)CSCCNC(=O)[C@]2(C)CCCN2C(=O)[C@H](Cc2ccc(O)cc2)NC(=O)[C@H](Cc2cnc[nH]2)NC(=O)[C@H](CC(=O)O)NC(=O)[C@H](Cc2c[nH]c3ccc(F)cc23)NC(=O)[C@H](Cc2c[nH]c3ccc(F)cc23)NC1=O,7.63,7.632644078973981,7.632644078973981
NCCCC[C@@H]1NC(=O)CCSCc2cccc(c2)CSCCNC(=O)[C@@H]2CCCN2C(=O)[C@H](Cc2ccc(O)cc2)NC(=O)[C@H](Cc2cnc[nH]2)NC(=O)[C@H](CC(=O)O)NC(=O)[C@H](Cc2c[nH]c3ccc(F)cc23)NC(=O)[C@H](Cc2c[nH]c3ccc(F)cc23)NC(=O)CNC1=O,6.60,6.598599459218455,6.598599459218455
CN1C(=O)[C@H](Cc2cnc[nH]2)NC(=O)[C@H](CC(=O)O)NC(=O)[C@H](Cc2c[nH]c3ccc(F)cc23)NC(=O)[C@H](Cc2c[nH]c3ccc(F)cc23)NC(=O)CNC(=O)[C@H](CCCCN)NC(=O)CCSCc2cccc(c2)CSC[C@@H](C(N)=O)NC(=O)[C@@H]2CCCN2C(=O)[C@@H]1Cc1ccc(O)cc1,6.95,6.950781977329818,6.950781977329818
C[C@@H]1NC(=O)CNC(=O)[C@H](CCCCN)NC(=O)CCSCc2cccc(c2)CSC[C@@H](C(N)=O)NC(=O)[C@@H]2CCCN2C(=O)[C@H](Cc2ccc(O)cc2)NC(=O)[C@H](Cc2cnc[nH]2)NC(=O)[C@H](CC(=O)O)NC(=O)[C@H](Cc2c[nH]c3ccc(F)cc23)NC1=O,6.18,6.18309616062434,6.18309616062434
CN1C(=O)CCSCc2cccc(c2)CSC[C@@H](C(N)=O)NC(=O)[C@@H]2CCCN2C(=O)[C@H](Cc2ccc(O)cc2)NC(=O)[C@H](Cc2cnc[nH]2)NC(=O)[C@H](CC(=O)O)NC(=O)[C@H](Cc2c[nH]c3ccc(F)cc23)NC(=O)[C@H](Cc2c[nH]c3ccc(F)cc23)NC(=O)CNC(=O)[C@@H]1CCCCN,6.47,6.465973893943865,6.465973893943865
CN1C(=O)[C@@H]2CCCN2C(=O)[C@H](Cc2ccc(O)cc2)NC(=O)[C@H](Cc2cnc[nH]2)NC(=O)[C@H](CC(=O)O)NC(=O)[C@H](Cc2c[nH]c3ccc(F)cc23)NC(=O)[C@H](Cc2c[nH]c3ccc(F)cc23)NC(=O)CNC(=O)[C@H](CCCCN)NC(=O)CCSCc2cccc(c2)CSC[C@H]1C(N)=O,<4.32,4.017728766960432,4.318758762624412
CN1C(=O)CNC(=O)[C@H](CCCCN)NC(=O)CCSCc2cccc(c2)CSC[C@@H](C(N)=O)NC(=O)[C@@H]2CCCN2C(=O)[C@H](Cc2ccc(O)cc2)NC(=O)[C@H](Cc2cnc[nH]2)NC(=O)[C@H](CC(=O)O)NC(=O)[C@H](Cc2c[nH]c3ccc(F)cc23)NC(=O)[C@@H]1Cc1c[nH]c2ccccc12,<4.32,4.017728766960432,4.318758762624412
CCCCC(NC(C)=O)C(=O)N[C@H]1CSCc2cccc(c2)CSC[C@@H](C(N)=O)NC(=O)[C@H]([C@@H](C)O)NC(=O)[C@H](CCC)NC(=O)[C@H](Cc2ccc(O)cc2)NC(=O)[C@H](CCC(=O)O)NC(=O)[C@H](CCC)NC(=O)[C@H](Cc2c[nH]c3ncccc23)NC(=O)[C@H]([C@@H](C)O)NC(=O)[C@H](Cc2cnc[nH]2)NC(=O)[C@H](Cc2ccc(O)cc2)NC(=O)[C@H](C(C)(C)C)NC1=O,6.87,6.872895201635192,6.872895201635192
CC(=O)N[C@H]1CSCc2cccc(c2)CSC[C@@H](C(N)=O)NC(=O)[C@@H]2CCCN2C(=O)[C@H](Cc2ccc(O)cc2)NC(=O)[C@H](Cc2cnc[nH]2)NC(=O)[C@H](CC(=O)O)NC(=O)[C@H](Cc2c[nH]c3ccc(F)cc23)NC(=O)[C@H](Cc2c[nH]c3ccccc23)NC(=O)CNC(=O)[C@H](CCCCN)NC1=O,6.99,6.987162775294828,6.987162775294828
C[C@@]12CCCN1C(=O)[C@H](Cc1ccc(O)cc1)NC(=O)[C@H](Cc1cnc[nH]1)NC(=O)[C@H](CC(=O)O)NC(=O)[C@H](Cc1c[nH]c3ccc(F)cc13)NC(=O)[C@H](Cc1c[nH]c3ccc(F)cc13)NC(=O)CNC(=O)[C@H](CCCN)NC(=O)CCSCc1cccc(c1)CSC[C@@H](C(N)=O)NC2=O,6.88,6.877784121727173,6.877784121727173
NCCCC[C@@H]1NC(=O)CCSCc2cccc(c2)CSC[C@@H](C(N)=O)NC(=O)[C@@H]2CCCN2C(=O)[C@H](Cc2ccc(O)cc2)NC(=O)[C@H](Cc2cnc[nH]2)NC(=O)[C@H](CC(=O)O)NC(=O)[C@H](Cc2c[nH]c3ccc(F)cc23)NC(=O)[C@H](Cc2ccc(-c3ccccc3)cc2)NC(=O)CNC1=O,4.53,4.532465886150408,4.532465886150408
C[C@@H]1NC(=O)[C@H](CCCCN)NC(=O)CCSCc2cccc(c2)CSC[C@@H](C(N)=O)NC(=O)[C@@H]2CCCN2C(=O)[C@H](Cc2ccc(O)cc2)NC(=O)[C@H](Cc2cnc[nH]2)NC(=O)[C@H](CC(=O)O)NC(=O)[C@H](Cc2c[nH]c3ccc(F)cc23)NC(=O)[C@H](Cc2c[nH]c3ccc(F)cc23)NC1=O,<4.32,4.017728766960432,4.318758762624412
NCCCC[C@@H]1NC(=O)CCSCc2cccc(c2)CSC[C@@H](C(N)=O)NC(=O)[C@@H]2CCCN2C(=O)[C@H](Cc2ccc(O)cc2)NC(=O)[C@H](Cc2cnc[nH]2)NC(=O)[C@H](CC(=O)O)NC(=O)[C@H](Cc2c[nH]c3ccc(F)cc23)NC(=O)[C@H](Cc2c[nH]c3ccc(F)cc23)NC(=O)CNC1=O,6.96,6.958607314841775,6.958607314841775
CN1CC(=O)N[C@@H](Cc2c[nH]c3ccc(F)cc23)C(=O)N[C@@H](Cc2c[nH]c3ccc(F)cc23)C(=O)N[C@@H](CC(=O)O)C(=O)N[C@@H](Cc2cnc[nH]2)C(=O)N[C@@H](Cc2ccc(O)cc2)C(=O)N2CCC[C@H]2C(=O)N[C@H](C(N)=O)CSCc2cccc(c2)CSCCC(=O)N[C@@H](CCCCN)C1=O,5.39,5.388276691992658,5.388276691992658
CN1CC(=O)N[C@H](C(N)=O)CSCc2cccc(c2)CSCCC(=O)N[C@@H](CCCCN)C(=O)NCC(=O)N[C@@H](Cc2c[nH]c3ccc(F)cc23)C(=O)N[C@@H](Cc2c[nH]c3ccc(F)cc23)C(=O)N[C@@H](CC(=O)O)C(=O)N[C@@H](Cc2cnc[nH]2)C(=O)N[C@@H](Cc2ccc(O)cc2)C1=O,4.97,4.968995718636463,4.968995718636463
NCCCC[C@@H]1NC(=O)CCSCc2cccc(c2)CSC[C@@H](C(N)=O)NC(=O)[C@H]2CCCN2C(=O)[C@H](Cc2ccc(O)cc2)NC(=O)[C@H](Cc2cnc[nH]2)NC(=O)[C@H](CC(=O)O)NC(=O)[C@H](Cc2c[nH]c3ccc(F)cc23)NC(=O)[C@H](Cc2c[nH]c3ccc(F)cc23)NC(=O)CNC1=O,<4.30,4.0,4.301029995663981
NCCCC[C@@H]1NC(=O)CCSCc2cccc(c2)CSC[C@@H](C(N)=O)NC(=O)[C@@H]2CCCN2C(=O)[C@@H](Cc2ccc(O)cc2)NC(=O)[C@H](Cc2cnc[nH]2)NC(=O)[C@H](CC(=O)O)NC(=O)[C@H](Cc2c[nH]c3ccc(F)cc23)NC(=O)[C@H](Cc2c[nH]c3ccc(F)cc23)NC(=O)CNC1=O,<4.32,4.017728766960432,4.318758762624412
C[C@H](O)[C@H]1NC(=O)[C@H](CCCCN)NC(=O)CCSCc2cccc(c2)CSCCNC(=O)[C@]2(C)CCCN2C(=O)[C@H](Cc2ccc(O)cc2)NC(=O)[C@H](Cc2cnc[nH]2)NC(=O)[C@H](CC(=O)O)NC(=O)[C@H](Cc2c[nH]c3ccc(F)cc23)NC(=O)[C@H](Cc2c[nH]c3ccc(F)cc23)NC1=O,7.57,7.570247719997592,7.570247719997592
NCCCC[C@@H]1NC(=O)CCSCc2cccc(c2)CSC[C@@H](C(N)=O)NC(=O)[C@@H]2CCCN2C(=O)[C@H](Cc2ccc(O)cc2)NC(=O)[C@H](Cc2cnc[nH]2)NC(=O)[C@H](CC(=O)O)NC(=O)[C@@H](Cc2c[nH]c3ccccc23)NC(=O)[C@H](Cc2c[nH]c3ccc(F)cc23)NC(=O)CNC1=O,<4.32,4.017728766960432,4.318758762624412
C[C@H]1NC(=O)[C@H](CCC(=O)O)NC(=O)CCSCc2cccc(c2)CSCCNC(=O)[C@]2(C)CCCN2C(=O)[C@H](Cc2ccc(O)cc2)NC(=O)[C@H](Cc2cnc[nH]2)NC(=O)[C@H](CC(=O)O)NC(=O)[C@H](Cc2c[nH]c3ccc(F)cc23)NC(=O)[C@H](Cc2c[nH]c3ccc(F)cc23)NC1=O,6.69,6.694218848745018,6.694218848745018
C[C@@H]1NC(=O)[C@H](Cc2ccc(O)cc2)NC(=O)[C@H](Cc2cnc[nH]2)NC(=O)[C@H](CC(=O)O)NC(=O)[C@H](Cc2c[nH]c3ccc(F)cc23)NC(=O)[C@H](Cc2c[nH]c3ccc(F)cc23)NC(=O)CNC(=O)[C@H](CCCCN)NC(=O)CCSCc2cccc(c2)CSC[C@@H](C(N)=O)NC1=O,<4.32,4.017728766960432,4.318758762624412
NCCCC[C@@H]1NC(=O)CCSCc2cccc(c2)CSC[C@@H](C(N)=O)NC(=O)[C@@H]2CCCN2C(=O)[C@H](Cc2ccc(O)cc2)NC(=O)[C@H](Cc2cnc[nH]2)NC(=O)[C@H](CC(=O)O)NC(=O)[C@H](Cc2c[nH]c3ccc(F)cc23)NC(=O)C(CCc2ccccc2)NC(=O)CNC1=O,5.66,5.655411257421286,5.655411257421286
NCCCC[C@H]1NC(=O)CCSCc2cccc(c2)CSC[C@@H](C(N)=O)NC(=O)[C@@H]2CCCN2C(=O)[C@H](Cc2ccc(O)cc2)NC(=O)[C@H](Cc2cnc[nH]2)NC(=O)[C@H](CC(=O)O)NC(=O)[C@H](Cc2c[nH]c3ccc(F)cc23)NC(=O)[C@H](Cc2c[nH]c3ccc(F)cc23)NC(=O)CNC1=O,4.79,4.78962796597471,4.78962796597471
C[C@@H]1NC(=O)[C@H](Cc2cnc[nH]2)NC(=O)[C@H](CC(=O)O)NC(=O)[C@H](Cc2c[nH]c3ccc(F)cc23)NC(=O)[C@H](Cc2c[nH]c3ccc(F)cc23)NC(=O)CNC(=O)[C@H](CCCCN)NC(=O)CCSCc2cccc(c2)CSC[C@@H](C(N)=O)NC(=O)[C@@H]2CCCN2C1=O,<4.32,4.017728766960432,4.318758762624412
C[C@@H]1NC(=O)[C@@H]2CCCN2C(=O)[C@H](Cc2c[nH]c3ccc(F)cc23)NC(=O)[C@H](Cc2c[nH]c3ccc(F)cc23)NC(=O)CNC(=O)[C@H](CCCCN)NC(=O)CCSCc2cccc(c2)CSC[C@@H](C(N)=O)NC(=O)[C@]2(C)CCCN2C(=O)[C@H](Cc2ccc(O)cc2)NC1=O,7.05,7.054039296422431,7.054039296422431
NCCCC[C@@H]1NC(=O)CCSCc2cccc(c2)CSC[C@@H](C(N)=O)NC(=O)[C@@H]2CCCN2C(=O)[C@H](Cc2ccc(O)cc2)NC(=O)[C@@H](Cc2cnc[nH]2)NC(=O)[C@H](CC(=O)O)NC(=O)[C@H](Cc2c[nH]c3ccc(F)cc23)NC(=O)[C@H](Cc2c[nH]c3ccc(F)cc23)NC(=O)CNC1=O,<4.32,4.017728766960432,4.318758762624412
C[C@@H]1NC(=O)[C@H](Cc2c[nH]c3ccc(F)cc23)NC(=O)[C@H](Cc2c[nH]c3ccc(F)cc23)NC(=O)CNC(=O)[C@H](CCCCN)NC(=O)CCSCc2cccc(c2)CSC[C@@H](C(N)=O)NC(=O)[C@@H]2CCCN2C(=O)[C@H](Cc2ccc(O)cc2)NC(=O)[C@H](Cc2cnc[nH]2)NC1=O,6.37,6.369572124974976,6.369572124974976
C[C@@]12CCCN1C(=O)[C@H](Cc1ccc(O)cc1)NC(=O)[C@H](Cc1cnc[nH]1)NC(=O)[C@H](CC(=O)O)NC(=O)[C@H](Cc1c[nH]c3ccc(F)cc13)NC(=O)[C@H](Cc1c[nH]c3ccc(F)cc13)NC(=O)CNC(=O)[C@H](CCCCN)NC(=O)CCSCc1cccc(c1)CSC[C@@H](C(N)=O)NC2=O,7.85,7.853871964321762,7.853871964321762
CCC[C@H]1NC(=O)[C@H](CCCCN)NC(=O)CCSCc2cccc(c2)CSCCNC(=O)[C@]2(C)CCCN2C(=O)[C@H](Cc2ccc(O)cc2)NC(=O)[C@H](Cc2cnc[nH]2)NC(=O)[C@H](CC(=O)O)NC(=O)[C@H](Cc2c[nH]c3ccc(F)cc23)NC(=O)[C@H](Cc2c[nH]c3ccc(F)cc23)NC1=O,7.36,7.361510743045363,7.361510743045363
CC(=O)N[C@@H](Cc1cnc[nH]1)C(=O)N(C)[C@@H](Cc1ccc(F)cc1)C(=O)N[C@H]1CSCc2cccc(c2)CSC[C@@H](C(N)=O)NC(=O)[C@@H]2CCCN2C(=O)[C@H](Cc2ccc(O)cc2)NC(=O)[C@H](Cc2cnc[nH]2)NC(=O)[C@H](CC(=O)O)NC(=O)[C@H](Cc2c[nH]c3ccc(F)cc23)NC(=O)[C@H](Cc2c[nH]c3ccc(F)cc23)NC(=O)CNC(=O)[C@H](CCCCN)NC1=O,6.02,6.0195421077239,6.0195421077239
NCCCC[C@@H]1NC(=O)CCSCc2cccc(c2)CSC[C@@H](C(N)=O)NC(=O)[C@@H]2CCCN2C(=O)[C@H](Cc2ccc(O)cc2)NC(=O)[C@H](Cc2cnc[nH]2)NC(=O)[C@H](CC(=O)O)NC(=O)[C@H](Cc2c[nH]c3ccc(F)cc23)NC(=O)[C@@H](Cc2c[nH]c3ccccc23)NC(=O)CNC1=O,<4.32,4.017728766960432,4.318758762624412
C[C@@H](O)[C@@H]1NC(=O)[C@@H]2CCCN2C(=O)[C@H](Cc2c[nH]c3ccc(F)cc23)NC(=O)[C@H](Cc2c[nH]c3ccc(F)cc23)NC(=O)CNC(=O)[C@H](CCCCN)NC(=O)CCSCc2cccc(c2)CSC[C@@H](C(N)=O)NC(=O)[C@]2(C)CCCN2C(=O)[C@H](Cc2ccc(O)cc2)NC1=O,7.62,7.621602099051862,7.621602099051862
CC(=O)N[C@H]1CSCc2cccc(c2)CSC[C@@H](C(N)=O)NC(=O)[C@@H]2CCCN2C(=O)[C@H](Cc2ccc(O)cc2)NC(=O)[C@H](Cc2cnc[nH]2)NC(=O)[C@H](CC(=O)O)NC(=O)[C@H](Cc2c[nH]c3ccccc23)NC(=O)[C@H](Cc2c[nH]c3ccc(F)cc23)NC(=O)CNC(=O)[C@H](CCCCN)NC1=O,5.97,5.97061622231479,5.97061622231479
COc1ccc(C[C@@H]2NC(=O)[C@H](Cc3cnc[nH]3)NC(=O)[C@H](CC(=O)O)NC(=O)[C@H](Cc3c[nH]c4ccc(F)cc34)NC(=O)[C@H](Cc3c[nH]c4ccc(F)cc34)NC(=O)[C@@H](C)NC(=O)[C@H](CCCCO)NC(=O)CCSCc3cccc(c3)CSCCNC(=O)[C@]3(C)CCCN3C2=O)cc1,7.10,7.102922996790579,7.102922996790579
NCCCC[C@@H]1NC(=O)CCSCc2cccc(c2)CSC[C@@H](C(N)=O)NC(=O)[C@@H]2CCCN2C(=O)[C@H](Cc2ccc(O)cc2)NC(=O)[C@H](Cc2cnc[nH]2)NC(=O)[C@@H](CC(=O)O)NC(=O)[C@H](Cc2c[nH]c3ccc(F)cc23)NC(=O)[C@H](Cc2c[nH]c3ccc(F)cc23)NC(=O)CNC1=O,<4.32,4.017728766960432,4.318758762624412
NCCCC[C@@H]1NC(=O)CCSCc2cccc(c2)CSC[C@@H](C(N)=O)NC(=O)[C@@H]2CCN2C(=O)[C@H](Cc2ccc(O)cc2)NC(=O)[C@H](Cc2cnc[nH]2)NC(=O)[C@H](CC(=O)O)NC(=O)[C@H](Cc2c[nH]c3ccc(F)cc23)NC(=O)[C@H](Cc2c[nH]c3ccc(F)cc23)NC(=O)CNC1=O,7.17,7.170696227168975,7.170696227168975
C[C@@H]1NC(=O)CCSCc2cccc(c2)CSCCNC(=O)[C@]2(C)CCCN2C(=O)[C@H](Cc2ccc(O)cc2)NC(=O)[C@H](Cc2cnc[nH]2)NC(=O)[C@H](CC(=O)O)NC(=O)[C@H](Cc2c[nH]c3ccc(F)cc23)NC(=O)[C@H](Cc2c[nH]c3ccc(F)cc23)NC(=O)[C@@H](CCCCN)NC1=O,7.32,7.317854923626168,7.317854923626168
C[C@@]12CCCN1C(=O)[C@H](Cc1ccc(O)cc1)NC(=O)[C@H](Cc1cnc[nH]1)NC(=O)[C@H](CC(=O)O)NC(=O)[C@H](Cc1c[nH]c3ccc(F)cc13)NC(=O)[C@H](Cc1c[nH]c3ccc(F)cc13)NC(=O)CNC(=O)[C@H](CCCCNC(=O)CCOCCOCCOCCOCCN)NC(=O)CCSCc1cccc(c1)CSC[C@@H](C(N)=O)NC2=O,7.97,7.97061622231479,7.97061622231479
COc1ccc(C[C@@H]2NC(=O)[C@H]([C@@H](C)O)NC(=O)[C@@H]3CCCC(=O)NCc4cccc(c4)C[C@H](NC(=O)[C@@H](C)NC(=O)[C@H](C)NC(=O)CCSCc4cccc(c4)CSCCNC(=O)[C@]4(C)CCCN4C2=O)C(=O)N[C@@H](Cc2c[nH]c4ccc(F)cc24)C(=O)N3)cc1,7.35,7.354577730650908,7.354577730650908
COc1ccc(C[C@@H]2NC(=O)[C@H](Cc3cnc[nH]3)NC(=O)[C@H](CC(=O)O)NC(=O)[C@H](Cc3c[nH]c4ccc(F)cc34)NC(=O)[C@H](Cc3c[nH]c4ccc(F)cc34)NC(=O)[C@@H](C)NC(=O)[C@H](CCCCN)NC(=O)CCSCc3cccc(c3)CSCCNC(=O)[C@]3(C)CCCN3C2=O)cc1,8.41,8.4089353929735,8.4089353929735
COc1ccc(C[C@@H]2NC(=O)[C@H]([C@@H](C)O)NC(=O)[C@@H]3CCCCC(=O)NCc4cccc(c4)C[C@H](NC(=O)[C@@H](C)NC(=O)[C@H](C)NC(=O)CCSCc4cccc(c4)CSCCNC(=O)[C@]4(C)CCCN4C2=O)C(=O)N[C@@H](Cc2c[nH]c4ccc(F)cc24)C(=O)N3)cc1,8.40,8.397940008672037,8.397940008672037
COc1ccc(C[C@@H]2NC(=O)[C@H]([C@@H](C)OC)NC(=O)[C@@H]3CCC(=O)NCc4cccc(c4)C[C@H](NC(=O)[C@@H](C)NC(=O)[C@H](C)NC(=O)CCSCc4cccc(c4)CSCCNC(=O)[C@]4(C)CCCN4C2=O)C(=O)N[C@@H](Cc2c[nH]c4ccc(F)cc24)C(=O)N3C)cc1,7.97,7.97469413473523,7.97469413473523
COc1ccc(C[C@@H]2NC(=O)[C@H](Cc3cnc[nH]3)NC(=O)[C@H](CC(=O)O)NC(=O)[C@H](Cc3c[nH]c4ccc(F)cc34)NC(=O)[C@H](Cc3c[nH]c4ccc(F)cc34)NC(=O)[C@@H](C)NC(=O)[C@H](CNC(=O)COCCOCCN)NC(=O)CCSCc3cccc(c3)CSCCNC(=O)[C@]3(C)CCCN3C2=O)cc1,8.09,8.086186147616283,8.086186147616283
COc1ccc(C[C@@H]2NC(=O)[C@H](Cc3cnc[nH]3)NC(=O)[C@H](CC(=O)O)NC(=O)[C@H](Cc3c[nH]c4ccc(F)cc34)NC(=O)[C@H](Cc3c[nH]c4ccc(F)cc34)NC(=O)[C@@H](C)NC(=O)[C@H](CCCCN(C)C)NC(=O)CCSCc3cccc(c3)CSCCNC(=O)[C@]3(C)CCCN3C2=O)cc1,8.38,8.3767507096021,8.3767507096021
C[C@H]1NC(=O)[C@H](CCCCN)NC(=O)CCSCc2cc(F)cc(c2)CSC[C@@H](C(N)=O)NC(=O)[C@]2(C)CCCN2C(=O)[C@H](Cc2ccc(O)cc2)NC(=O)[C@H]([C@@H](C)O)NC(=O)[C@@H]2CCCN2C(=O)[C@H](Cc2c[nH]c3ccc(F)cc23)NC(=O)[C@H](Cc2c[nH]c3ccc(F)cc23)NC1=O,7.96,7.958607314841775,7.958607314841775
COc1ccc(C[C@@H]2NC(=O)[C@H](Cc3cnc[nH]3)NC(=O)[C@H](CC(=O)O)NC(=O)[C@H](Cc3c[nH]c4ccc(F)cc34)NC(=O)[C@H](Cc3c[nH]c4ccc(F)cc34)NC(=O)[C@@H](C)NC(=O)[C@H](CCCCC(=O)O)NC(=O)CCSCc3cccc(c3)CSCCNC(=O)[C@]3(C)CCCN3C2=O)cc1,7.07,7.066512712151295,7.066512712151295
CO[C@H](C)[C@@H]1NC(=O)[C@@H]2CCCN2C(=O)[C@H](Cc2c[nH]c3ccc(F)cc23)NC(=O)[C@H](Cc2c[nH]c3ccc(F)cc23)NC(=O)CNC(=O)[C@H](CCCCN)NC(=O)CCSCc2cccc(c2)CSC[C@@H](C(N)=O)NC(=O)[C@]2(C)CCCN2C(=O)[C@H](Cc2ccc(O)cc2)NC1=O,8.00,7.995678626217357,7.995678626217357
COc1ccc(C[C@@H]2NC(=O)[C@H]([C@@H](C)O)NC(=O)[C@@H]3CCCCC(=O)NCc4ccc(cc4)C[C@H](NC(=O)[C@@H](C)NC(=O)[C@H](C)NC(=O)CCSCc4cccc(c4)CSCCNC(=O)[C@]4(C)CCCN4C2=O)C(=O)N[C@@H](Cc2c[nH]c4ccc(F)cc24)C(=O)N3)cc1,6.76,6.757458571701616,6.757458571701616
C[C@H]1NC(=O)[C@H](CCCCN)NC(=O)CCSCc2cccc(c2)CSC[C@@H](C(N)=O)NC(=O)[C@]2(C)CCCN2C(=O)[C@H](Cc2ccc(O)cc2)NC(=O)[C@H]([C@@H](C)O)NC(=O)[C@@H]2C[C@H](F)CN2C(=O)[C@H](Cc2c[nH]c3ccc(F)cc23)NC(=O)[C@H](Cc2c[nH]c3ccc(F)cc23)NC1=O,8.68,8.67778070526608,8.67778070526608
COc1ccc(C[C@@H]2NC(=O)[C@H](Cc3cnc[nH]3)NC(=O)[C@H](CC(=O)O)NC(=O)[C@H](Cc3c[nH]c4ccc(F)cc34)NC(=O)[C@H](Cc3c[nH]c4ccc(F)cc34)NC(=O)[C@@H](C)NC(=O)[C@H](CCCC[N+](C)(C)C)NC(=O)CCSCc3cccc(c3)CSCCNC(=O)[C@]3(C)CCCN3C2=O)cc1,8.02,8.022276394711152,8.022276394711152
C[C@H]1NC(=O)[C@H](CCCCN)NC(=O)CCSCc2cc(F)cc(c2)CSCCNC(=O)[C@]2(C)CCCN2C(=O)[C@H](Cc2ccc(O)cc2)NC(=O)[C@H](Cc2cnc[nH]2)NC(=O)[C@H](CC(=O)O)NC(=O)[C@H](Cc2c[nH]c3ccc(F)cc23)NC(=O)[C@H](Cc2c[nH]c3ccc(F)cc23)NC1=O,8.82,8.823908740944319,8.823908740944319
COc1ccc(C[C@@H]2NC(=O)[C@H](Cc3cnc[nH]3)NC(=O)[C@H](CC(=O)O)NC(=O)[C@H](Cc3c[nH]c4ccc(F)cc34)NC(=O)[C@H](Cc3c[nH]c4ccc(F)cc34)NC(=O)[C@@H](C)NC(=O)[C@H](CCCCCC(=O)O)NC(=O)CCSCc3cccc(c3)CSCCNC(=O)[C@]3(C)CCCN3C2=O)cc1,7.09,7.09312646527793,7.09312646527793
COc1ccc(C[C@@H]2NC(=O)[C@H]([C@@H](C)O)NC(=O)[C@@H]3CC(=O)NCc4cccc(c4)C[C@H](NC(=O)[C@@H](C)NC(=O)[C@H](C)NC(=O)CCSCc4cccc(c4)CSCCNC(=O)[C@]4(C)CCCN4C2=O)C(=O)N[C@@H](Cc2c[nH]c4ccc(F)cc24)C(=O)N3)cc1,6.55,6.54515513999149,6.54515513999149
COc1ccc(C[C@@H]2NC(=O)[C@H]([C@@H](C)O)NC(=O)[C@@H]3CCC(=O)NCc4cccc(c4)C[C@H](NC(=O)[C@@H](C)NC(=O)[C@H](C)NC(=O)CCSCc4cccc(c4)CSCCNC(=O)[C@]4(C)CCCN4C2=O)C(=O)N[C@@H](Cc2c[nH]c4ccc(F)cc24)C(=O)N3)cc1,8.82,8.823908740944319,8.823908740944319
C[C@@]12CCCN1C(=O)[C@H](Cc1ccc(O)cc1)NC(=O)[C@H](Cc1cnc[nH]1)NC(=O)[C@H](CC(=O)O)NC(=O)[C@H](Cc1c[nH]c3ccc(F)cc13)NC(=O)[C@H](Cc1c[nH]c3ccc(F)cc13)NC(=O)[C@@H](C1CCCC1)NC(=O)[C@H](CCCCN)NC(=O)CCSCc1cccc(c1)CSCCNC2=O,7.64,7.636388020107855,7.636388020107855
CC(C)(C)[C@H]1NC(=O)[C@H](CCCCN)NC(=O)CCSCc2cccc(c2)CSCCNC(=O)[C@]2(C)CCCN2C(=O)[C@H](Cc2ccc(O)cc2)NC(=O)[C@H](Cc2cnc[nH]2)NC(=O)[C@H](CC(=O)O)NC(=O)[C@H](Cc2c[nH]c3ccc(F)cc23)NC(=O)[C@H](Cc2c[nH]c3ccc(F)cc23)NC1=O,8.38,8.3767507096021,8.3767507096021
COc1ccc(C[C@@H]2NC(=O)[C@H]([C@@H](C)O)NC(=O)[C@@H]3CCCN3C(=O)[C@@H]3Cc4cn(c5ccc(F)cc45)Cc4cn(nn4)-c4cc(cc(c4)CSCCC(=O)N[C@@H](C)C(=O)N[C@H](C)C(=O)N[C@@H](Cc4c[nH]c5ccc(F)cc45)C(=O)N3)CSCCNC(=O)[C@]3(C)CCCN3C2=O)cc1,8.87,8.866461091629782,8.866461091629782
COCCOCCOCCOCCC(=O)NCCCC[C@@H]1NC(=O)CCSCc2cccc(c2)CSC[C@@H](C(N)=O)NC(=O)[C@]2(C)CCCN2C(=O)[C@H](Cc2ccc(O)cc2)NC(=O)[C@H](Cc2cnc[nH]2)NC(=O)[C@H](CC(=O)O)NC(=O)[C@H](Cc2c[nH]c3ccc(F)cc23)NC(=O)[C@H](Cc2c[nH]c3ccc(F)cc23)NC(=O)CNC1=O,8.03,8.0268721464003,8.0268721464003
COc1ccc(C[C@@H]2NC(=O)[C@H]([C@@H](C)OC)NC(=O)[C@@H]3CCC(=O)NCc4cccc(c4)C[C@H](NC(=O)[C@@H](C)NC(=O)[C@H](C)NC(=O)CCSCc4cccc(c4)CSCCNC(=O)[C@]4(C)CCCN4C2=O)C(=O)NC(Cc2ccnc4ccc(F)cc24)C(=O)N3C)cc1,8.55,8.55284196865778,8.55284196865778
