SMILES,RDKit2D_TPSA,RDKit2D_EState_VSA6,AC2D_90,RDKit2D_BCUT2D_CHGHI,FP_MACCS_66,FP_Morgan1024_r2_138,FP_AtomPair1024_53,RDKit2D_BCUT2D_CHGLO,FP_Morgan1024_r2_798,FP_AtomPair1024_825,FP_AtomPair1024_899,FP_Morgan1024_r2_828,FP_MACCS_115,RDKit2D_SMR_VSA5,FP_AtomPair1024_455,RDKit2D_PEOE_VSA7,AC2D_185,FP_Morgan1024_r2_250,FP_MACCS_149,AC2D_149,RDKit2D_SlogP_VSA5,RDKit2D_EState_VSA10,RDKit2D_VSA_EState8,FP_AtomPair1024_306,FP_TopoTorsion1024_779,FP_MACCS_116,RDKit2D_VSA_EState4,FP_AtomPair1024_1014,FP_AtomPair1024_79,FP_AtomPair1024_354,FP_TopoTorsion1024_472,RDKit2D_BCUT2D_MWLOW,FP_AtomPair1024_863,AC2D_146,FP_Morgan1024_r2_1005,FP_AtomPair1024_911,FP_TopoTorsion1024_169,FP_AtomPair1024_975,FP_Morgan1024_r2_634,FP_TopoTorsion1024_412,FP_AtomPair1024_751,Sol_ESOL_LogS,AC2D_166,FP_MACCS_108,FP_AtomPair1024_623,FP_Morgan1024_r2_305,FP_AtomPair1024_847,FP_Morgan1024_r2_954,RDKit2D_MolLogP,FP_MACCS_141,FP_Morgan1024_r2_28,RDKit2D_VSA_EState2,EState_Mean,RDKit2D_EState_VSA3,FP_MorganFeat1024_r2_600,RDKit2D_SPS,FP_AtomPair1024_687,Pharm2D_Gobbi_216,AC2D_171,Pharm2D_Gobbi_217,FP_TopoTorsion1024_515,FP_MACCS_126,RDKit2D_NHOHCount,RDKit2D_MaxAbsEStateIndex,FP_AtomPair1024_135,RDKit2D_SMR_VSA4,FP_AtomPair1024_755,FP_AtomPair1024_885,RDKit2D_VSA_EState1,FP_AtomPair1024_615,FP_AtomPair1024_986,RDKit2D_SlogP_VSA6,Pharm2D_Gobbi_194,FP_TopoTorsion1024_216,RDKit2D_VSA_EState5,RDKit2D_EState_VSA11,FP_Morgan1024_r2_758,RDKit2D_EState_VSA4,FP_AtomPair1024_334,FP_RDKit512_493,Pharm2D_Gobbi_87,FP_AtomPair1024_583,RDKit2D_VSA_EState10,FP_Morgan1024_r2_895,FP_TopoTorsion1024_336,FP_Morgan1024_r2_19,FP_Morgan1024_r2_231,RDKit2D_NumHDonors,FP_TopoTorsion1024_281,RDKit2D_fr_C_O,FP_Morgan1024_r2_47,FP_Morgan1024_r2_984,Pharm2D_Gobbi_233,FP_AtomPair1024_671,FP_MorganFeat1024_r2_174,Pharm2D_Gobbi_111,FP_Morgan1024_r2_340,FP_AtomPair1024_903,FP_Morgan1024_r2_493,FP_AtomPair1024_70,FP_Morgan1024_r2_58,RDKit2D_Chi3n,FP_Morgan1024_r2_285,FP_AtomPair1024_895,RDKit2D_SMR_VSA7,RDKit2D_HallKierAlpha,AC2D_151,RDKit2D_SMR_VSA10,RDKit2D_Chi2v,AC2D_10,AC2D_53,Pharm2D_Gobbi_128,FP_AtomPair1024_414,FP_AtomPair1024_102,Pharm2D_Gobbi_126,AC2D_30,FP_AtomPair1024_50,RDKit2D_MinEStateIndex,FP_Morgan1024_r2_816,FP_AtomPair1024_331,FP_AtomPair1024_211,FP_AtomPair1024_123,RDKit2D_NumAmideBonds,RDKit2D_NOCount,AC2D_182,Pharm2D_Gobbi_136,FP_AtomPair1024_699,AC2D_51,RDKit2D_VSA_EState9,average,sample_weight
NCCCC[C@@H]1NC(=O)CCSCc2cccc(c2)CSC[C@@H](C(N)=O)NC(=O)[C@@H]2CCCN2C(=O)[C@H](Cc2ccc(O)cc2)NC(=O)[C@H](Cc2cnc[nH]2)NC(=O)[C@H](CC(=O)O)NC(=O)[C@H](Cc2c[nH]c3ccc(F)cc23)NC(=O)[C@H](Cc2c[nH]c3ccc(F)cc23)NC(=O)CNC1=O,440.01,0.0,490.969,2.4074986,0.0,0.0,0.0,-2.3061416,0.0,0.0,0.0,1.0,0.0,130.46947,0.0,114.997055,0.838,0.0,0.0,0.61,78.45694,57.35018,-0.4090588,0.0,1.0,0.0,15.549267,0.0,0.0,0.0,0.0,10.004757,1.0,1.107,0.0,0.0,1.0,0.0,1.0,1.0,0.0,-15.91522,1.131,0.0,0.0,0.0,0.0,1.0,1.7868,0.0,1.0,170.3595,2.6283333,70.61231,1.0,22.07,0.0,1.0,1.269,1.0,0.0,0.0,17.0,15.038098,0.0,11.467335,1.0,0.0,29.801142,0.0,1.0,109.84699,1.0,1.0,-10.619945,14.383612,1.0,17.19327,0.0,1.0,1.0,0.0,2.7877219,1.0,0.0,1.0,1.0,15.0,1.0,11.0,0.0,0.0,1.0,0.0,1.0,1.0,1.0,1.0,1.0,1.0,1.0,17.013147,0.0,1.0,154.99261,-10.34,0.689,110.37072,26.578743,4.915,5.851,1.0,0.0,0.0,1.0,5.152,1.0,-2.043227,1.0,0.0,0.0,1.0,10.0,28.0,0.979,1.0,0.0,4.073,0.0,6.958607314841775,1.1077944442343703
C[C@@H]1NC(=O)CCSCc2cccc(c2)CSC[C@@H](C(N)=O)NC(=O)[C@@H]2CCCN2C(=O)[C@H](Cc2ccc(O)cc2)NC(=O)[C@H](Cc2cnc[nH]2)NC(=O)[C@H](CC(=O)O)NC(=O)[C@H](Cc2c[nH]c3ccc(F)cc23)NC(=O)[C@H](Cc2c[nH]c3ccc(F)cc23)NC(=O)CNC1=O,413.99,0.0,482.374,2.406523,0.0,0.0,0.0,-2.3061392,0.0,0.0,0.0,1.0,0.0,118.130745,0.0,96.11357,0.861,1.0,0.0,0.609,66.11821,71.733795,0.7151842,0.0,0.0,0.0,9.775099,0.0,0.0,1.0,0.0,10.004822,1.0,1.101,0.0,0.0,1.0,0.0,1.0,1.0,1.0,-15.379735,1.117,1.0,0.0,0.0,0.0,1.0,1.6777,0.0,1.0,168.58435,2.6545138,51.22591,1.0,22.489584,0.0,0.0,1.259,1.0,0.0,0.0,15.0,14.968089,0.0,5.7336674,1.0,0.0,29.644356,0.0,1.0,109.84699,1.0,1.0,-10.599492,1.9073486e-06,0.0,17.19327,1.0,1.0,1.0,0.0,2.7828217,1.0,1.0,1.0,1.0,14.0,0.0,11.0,0.0,0.0,1.0,0.0,0.0,0.0,1.0,1.0,0.0,0.0,0.0,16.185293,1.0,1.0,154.99261,-10.3,0.61125016,110.37072,25.463388,4.881,5.774,0.0,0.0,0.0,0.0,5.102,0.0,-2.035579,0.0,0.0,0.0,1.0,10.0,27.0,0.989,0.0,0.0,4.046,0.0,6.406713932979542,1.1077944442343703
C[C@@H]1NC(=O)CNC(=O)[C@H](CCCCN)NC(=O)CCSCc2cccc(c2)CSC[C@@H](C(N)=O)NC(=O)[C@@H]2CCCN2C(=O)[C@H](Cc2ccc(O)cc2)NC(=O)[C@H](Cc2cnc[nH]2)NC(=O)[C@H](CC(=O)O)NC(=O)[C@H](Cc2c[nH]c3ccc(F)cc23)NC1=O,424.22,0.0,444.167,2.4042633,0.0,0.0,0.0,-2.3060033,0.0,0.0,0.0,1.0,0.0,130.97238,0.0,98.15824,0.854,1.0,0.0,0.616,79.81722,67.343376,1.0299512,0.0,0.0,0.0,14.869991,0.0,0.0,1.0,0.0,10.0166445,1.0,1.142,0.0,0.0,1.0,0.0,1.0,1.0,0.0,-11.922836,1.159,1.0,0.0,0.0,1.0,1.0,-0.0564,0.0,1.0,163.38992,2.6462963,65.09561,1.0,23.144444,0.0,1.0,1.29,1.0,0.0,0.0,16.0,14.877038,0.0,11.467335,1.0,0.0,14.6553335,0.0,1.0,103.78062,1.0,1.0,-9.341961,1.9073486e-06,1.0,11.126903,0.0,1.0,1.0,0.0,2.8166356,1.0,1.0,1.0,1.0,14.0,1.0,11.0,1.0,0.0,1.0,0.0,1.0,1.0,1.0,0.0,1.0,0.0,1.0,14.978709,1.0,1.0,142.61072,-9.03,0.708,99.4678,24.039902,4.787,5.575,1.0,0.0,0.0,1.0,5.022,1.0,-1.9686809,1.0,0.0,0.0,1.0,10.0,27.0,1.031,1.0,0.0,3.852,0.0,6.18309616062434,1.1077944442343703
C[C@@H]1NC(=O)[C@H](Cc2c[nH]c3ccc(F)cc23)NC(=O)[C@H](Cc2c[nH]c3ccc(F)cc23)NC(=O)CNC(=O)[C@H](CCCCN)NC(=O)CCSCc2cccc(c2)CSC[C@@H](C(N)=O)NC(=O)[C@@H]2CCCN2C(=O)[C@H](Cc2ccc(O)cc2)NC(=O)[C@H](Cc2cnc[nH]2)NC1=O,402.71,12.132734,479.381,2.4030917,0.0,0.0,0.0,-2.3052127,0.0,0.0,0.0,1.0,0.0,130.97238,0.0,121.9208,0.821,1.0,0.0,0.615,78.959854,61.83273,1.0396216,0.0,0.0,0.0,16.062235,0.0,1.0,1.0,0.0,10.007915,1.0,1.108,0.0,0.0,0.0,0.0,1.0,1.0,0.0,-16.39228,1.142,0.0,1.0,0.0,1.0,1.0,2.332,0.0,1.0,156.99783,2.5635738,87.25591,1.0,22.43299,0.0,1.0,1.31,1.0,0.0,0.0,16.0,14.950972,0.0,11.467335,0.0,0.0,29.692858,0.0,0.0,109.84699,1.0,1.0,-7.660113,1.9073486e-06,1.0,11.126903,1.0,1.0,1.0,1.0,2.833361,1.0,1.0,1.0,1.0,14.0,1.0,10.0,1.0,1.0,1.0,0.0,1.0,1.0,1.0,1.0,1.0,1.0,1.0,16.753471,1.0,0.0,154.99261,-9.81,0.703,104.40142,26.149982,4.891,5.551,1.0,0.0,0.0,1.0,5.108,1.0,-1.7897961,1.0,0.0,0.0,0.0,10.0,26.0,0.979,1.0,0.0,3.893,0.0,6.369572124974976,1.1077944442343703
C[C@@H]1NC(=O)[C@H](CC(=O)O)NC(=O)[C@H](Cc2c[nH]c3ccc(F)cc23)NC(=O)[C@H](Cc2c[nH]c3ccc(F)cc23)NC(=O)CNC(=O)[C@H](CCCCN)NC(=O)CCSCc2cccc(c2)CSC[C@@H](C(N)=O)NC(=O)[C@@H]2CCCN2C(=O)[C@H](Cc2ccc(O)cc2)NC1=O,411.33,0.0,478.418,2.4016178,0.0,0.0,0.0,-2.3019857,0.0,0.0,0.0,1.0,0.0,130.97238,0.0,121.9208,0.826,1.0,0.0,0.617,79.686745,71.733795,0.85391265,0.0,0.0,0.0,15.300868,0.0,0.0,1.0,0.0,10.005958,1.0,1.096,0.0,0.0,1.0,0.0,1.0,1.0,0.0,-15.437793,1.134,0.0,1.0,0.0,0.0,1.0,1.8409,0.0,1.0,160.86824,2.654386,70.61231,1.0,22.610527,0.0,1.0,1.267,1.0,0.0,0.0,16.0,14.891328,0.0,11.467335,1.0,0.0,29.606825,1.0,1.0,103.78062,1.0,1.0,-10.356915,1.9073486e-06,1.0,17.19327,0.0,1.0,1.0,0.0,2.7956676,1.0,1.0,1.0,1.0,14.0,1.0,11.0,1.0,1.0,1.0,0.0,1.0,0.0,1.0,1.0,1.0,1.0,1.0,16.153326,1.0,1.0,142.61072,-9.55,0.714,110.37072,25.466875,4.875,5.712,1.0,0.0,0.0,1.0,5.068,1.0,-1.9800943,1.0,0.0,0.0,1.0,10.0,26.0,0.988,1.0,0.0,4.028,0.0,6.279840696594043,1.1077944442343703
NCCCC[C@H]1NC(=O)CCSCc2cccc(c2)CSC[C@@H](C(N)=O)NC(=O)[C@@H]2CCCN2C(=O)[C@H](Cc2ccc(O)cc2)NC(=O)[C@H](Cc2cnc[nH]2)NC(=O)[C@H](CC(=O)O)NC(=O)[C@H](Cc2c[nH]c3ccc(F)cc23)NC(=O)[C@H](Cc2c[nH]c3ccc(F)cc23)NC(=O)CNC1=O,440.01,0.0,490.969,2.4074986,0.0,0.0,0.0,-2.3061416,0.0,0.0,0.0,1.0,0.0,130.46947,0.0,114.997055,0.838,0.0,0.0,0.61,78.45694,57.35018,-0.4090588,0.0,1.0,0.0,15.549267,0.0,0.0,0.0,0.0,10.004757,1.0,1.107,0.0,0.0,1.0,0.0,1.0,1.0,0.0,-15.91522,1.131,0.0,0.0,0.0,0.0,1.0,1.7868,0.0,1.0,170.3595,2.6283333,70.61231,1.0,22.07,0.0,1.0,1.269,1.0,0.0,0.0,17.0,15.038098,0.0,11.467335,1.0,0.0,29.801142,0.0,1.0,109.84699,1.0,1.0,-10.619945,14.383612,1.0,17.19327,0.0,1.0,1.0,0.0,2.7877219,1.0,0.0,1.0,1.0,15.0,1.0,11.0,0.0,0.0,1.0,0.0,1.0,1.0,1.0,1.0,1.0,1.0,1.0,17.013147,0.0,1.0,154.99261,-10.34,0.689,110.37072,26.578743,4.915,5.851,1.0,0.0,0.0,1.0,5.152,1.0,-2.043227,1.0,0.0,0.0,1.0,10.0,28.0,0.979,1.0,0.0,4.073,0.0,4.78962796597471,1.1077944442343703
NCCCC[C@@H]1NC(=O)CCSCc2cccc(c2)CSC[C@H](C(N)=O)NC(=O)[C@@H]2CCCN2C(=O)[C@H](Cc2ccc(O)cc2)NC(=O)[C@H](Cc2cnc[nH]2)NC(=O)[C@H](CC(=O)O)NC(=O)[C@H](Cc2c[nH]c3ccc(F)cc23)NC(=O)[C@H](Cc2c[nH]c3ccc(F)cc23)NC(=O)CNC1=O,440.01,0.0,490.969,2.4074986,0.0,0.0,0.0,-2.3061416,0.0,0.0,0.0,1.0,0.0,130.46947,0.0,114.997055,0.838,0.0,0.0,0.61,78.45694,57.35018,-0.4090588,0.0,1.0,0.0,15.549267,0.0,0.0,0.0,0.0,10.004757,1.0,1.107,0.0,0.0,1.0,0.0,1.0,1.0,0.0,-15.91522,1.131,0.0,0.0,0.0,0.0,1.0,1.7868,0.0,1.0,170.3595,2.6283333,70.61231,1.0,22.07,0.0,1.0,1.269,1.0,0.0,0.0,17.0,15.038098,0.0,11.467335,1.0,0.0,29.801142,0.0,1.0,109.84699,1.0,1.0,-10.619945,14.383612,1.0,17.19327,0.0,1.0,1.0,0.0,2.7877219,1.0,0.0,1.0,1.0,15.0,1.0,11.0,0.0,0.0,1.0,0.0,1.0,1.0,1.0,1.0,1.0,1.0,1.0,17.013147,0.0,1.0,154.99261,-10.34,0.689,110.37072,26.578743,4.915,5.851,1.0,0.0,0.0,1.0,5.152,1.0,-2.043227,1.0,0.0,0.0,1.0,10.0,28.0,0.979,1.0,0.0,4.073,0.0,5.6965879294032575,1.1077944442343703
CN1C(=O)CCSCc2cccc(c2)CSC[C@@H](C(N)=O)NC(=O)[C@@H]2CCCN2C(=O)[C@H](Cc2ccc(O)cc2)NC(=O)[C@H](Cc2cnc[nH]2)NC(=O)[C@H](CC(=O)O)NC(=O)[C@H](Cc2c[nH]c3ccc(F)cc23)NC(=O)[C@H](Cc2c[nH]c3ccc(F)cc23)NC(=O)CNC(=O)[C@@H]1CCCCN,431.22,0.0,494.32,2.4088035,0.0,0.0,0.0,-2.3061602,1.0,0.0,0.0,1.0,0.0,130.46947,0.0,114.997055,0.818,0.0,0.0,0.606,78.45694,57.35018,-0.3991047,0.0,1.0,1.0,15.61551,0.0,0.0,1.0,0.0,10.004724,1.0,1.093,0.0,0.0,1.0,0.0,1.0,1.0,0.0,-16.568998,1.14,1.0,0.0,0.0,0.0,1.0,2.129,0.0,1.0,172.55139,2.6171618,70.61231,1.0,22.079208,1.0,1.0,1.269,1.0,0.0,0.0,16.0,15.080951,0.0,11.467335,1.0,1.0,29.850607,0.0,1.0,109.84699,1.0,1.0,-10.462176,14.383612,0.0,11.126903,1.0,1.0,1.0,0.0,2.806067,1.0,0.0,1.0,1.0,14.0,1.0,11.0,0.0,0.0,1.0,0.0,1.0,1.0,1.0,1.0,1.0,1.0,1.0,17.496557,0.0,1.0,154.99261,-10.34,0.687,110.37072,26.979086,4.942,5.868,1.0,0.0,1.0,1.0,5.167,1.0,-2.043639,1.0,0.0,0.0,1.0,10.0,28.0,0.994,1.0,0.0,4.108,1.479336,6.465973893943865,1.1077944442343703
CN1CC(=O)N[C@@H](Cc2c[nH]c3ccc(F)cc23)C(=O)N[C@@H](Cc2c[nH]c3ccc(F)cc23)C(=O)N[C@@H](CC(=O)O)C(=O)N[C@@H](Cc2cnc[nH]2)C(=O)N[C@@H](Cc2ccc(O)cc2)C(=O)N2CCC[C@H]2C(=O)N[C@H](C(N)=O)CSCc2cccc(c2)CSCCC(=O)N[C@@H](CCCCN)C1=O,431.22,0.0,488.269,2.4087443,0.0,0.0,0.0,-2.3062098,0.0,0.0,1.0,1.0,1.0,130.46947,0.0,114.997055,0.834,0.0,0.0,0.604,78.45694,57.35018,-0.33710656,0.0,1.0,0.0,15.605531,1.0,0.0,1.0,0.0,10.004604,1.0,1.1,0.0,0.0,0.0,0.0,1.0,1.0,0.0,-16.568998,1.131,1.0,1.0,0.0,1.0,0.0,2.129,0.0,1.0,172.42192,2.6171618,70.61231,1.0,22.079208,1.0,1.0,1.276,1.0,0.0,0.0,16.0,15.122957,0.0,11.467335,1.0,1.0,29.876158,0.0,1.0,109.84699,1.0,1.0,-10.462827,14.383612,0.0,16.026814,1.0,1.0,1.0,0.0,2.7952871,0.0,0.0,1.0,1.0,14.0,1.0,11.0,0.0,0.0,1.0,0.0,1.0,1.0,1.0,1.0,1.0,1.0,1.0,17.328577,0.0,1.0,154.99261,-10.34,0.7599998,110.37072,27.055239,4.935,5.905,1.0,0.0,1.0,1.0,5.175,1.0,-2.0437243,1.0,0.0,1.0,1.0,10.0,28.0,0.98,1.0,0.0,4.102,1.3300357,5.388276691992658,1.1077944442343703
CN1C(=O)[C@H](Cc2c[nH]c3ccc(F)cc23)NC(=O)[C@H](Cc2c[nH]c3ccc(F)cc23)NC(=O)CNC(=O)[C@H](CCCCN)NC(=O)CCSCc2cccc(c2)CSC[C@@H](C(N)=O)NC(=O)[C@@H]2CCCN2C(=O)[C@H](Cc2ccc(O)cc2)NC(=O)[C@H](Cc2cnc[nH]2)NC(=O)[C@@H]1CC(=O)O,431.22,0.0,491.03,2.4159498,0.0,0.0,0.0,-2.3243957,0.0,0.0,0.0,1.0,0.0,130.46947,0.0,114.997055,0.823,0.0,0.0,0.601,78.45694,43.370693,-0.40700293,0.0,1.0,1.0,15.596134,1.0,0.0,0.0,0.0,9.998512,1.0,1.093,0.0,0.0,1.0,0.0,1.0,1.0,0.0,-16.568998,1.124,1.0,0.0,0.0,1.0,1.0,2.129,0.0,1.0,172.33267,2.6171618,70.61231,1.0,22.079208,0.0,1.0,1.269,1.0,0.0,0.0,16.0,15.406154,0.0,11.467335,1.0,1.0,29.906288,0.0,1.0,109.84699,1.0,1.0,-10.442062,28.3631,1.0,23.074484,0.0,1.0,1.0,1.0,2.790314,1.0,0.0,1.0,1.0,14.0,1.0,11.0,0.0,0.0,1.0,0.0,1.0,1.0,1.0,1.0,1.0,1.0,1.0,17.468786,0.0,1.0,154.99261,-10.34,0.677,110.37072,26.98251,4.942,5.918,1.0,0.0,1.0,1.0,5.188,1.0,-1.992301,1.0,0.0,0.0,1.0,10.0,28.0,0.987,1.0,1.0,4.114,1.0802426,4.890522699041265,1.1077944442343703
CN1C(=O)[C@H](Cc2cnc[nH]2)NC(=O)[C@H](CC(=O)O)NC(=O)[C@H](Cc2c[nH]c3ccc(F)cc23)NC(=O)[C@H](Cc2c[nH]c3ccc(F)cc23)NC(=O)CNC(=O)[C@H](CCCCN)NC(=O)CCSCc2cccc(c2)CSC[C@@H](C(N)=O)NC(=O)[C@@H]2CCCN2C(=O)[C@@H]1Cc1ccc(O)cc1,431.22,0.0,491.965,2.4259064,0.0,0.0,0.0,-2.3519576,0.0,0.0,0.0,1.0,0.0,130.46947,0.0,114.997055,0.823,0.0,0.0,0.594,78.45694,52.555645,-0.40259072,0.0,1.0,1.0,15.611384,0.0,0.0,1.0,0.0,10.001059,1.0,1.093,0.0,0.0,1.0,0.0,1.0,1.0,0.0,-16.568998,1.128,1.0,0.0,0.0,1.0,1.0,2.129,0.0,0.0,172.5571,2.6171618,70.61231,1.0,22.079208,1.0,1.0,1.269,1.0,0.0,0.0,16.0,15.304171,0.0,11.467335,1.0,1.0,29.844965,0.0,1.0,109.84699,1.0,1.0,-10.456003,19.178148,1.0,16.026814,0.0,1.0,1.0,0.0,2.7927208,1.0,0.0,1.0,1.0,14.0,1.0,11.0,0.0,0.0,1.0,0.0,1.0,1.0,1.0,1.0,1.0,1.0,1.0,17.469591,0.0,1.0,154.99261,-10.34,0.687,110.37072,26.98251,4.942,5.949,1.0,0.0,1.0,1.0,5.182,1.0,-2.0429435,1.0,0.0,0.0,1.0,10.0,28.0,0.991,1.0,1.0,4.114,1.2919296,6.950781977329818,1.1077944442343703
CC(=O)N[C@H]1CSCc2cccc(c2)CSC[C@@H](C(N)=O)NC(=O)[C@@H]2CCCN2C(=O)[C@H](Cc2ccc(O)cc2)NC(=O)[C@H](Cc2cnc[nH]2)NC(=O)[C@H](CC(=O)O)NC(=O)[C@H](Cc2c[nH]c3ccc(F)cc23)NC(=O)[C@H](Cc2c[nH]c3ccc(F)cc23)NC(=O)CNC(=O)[C@H](CCCCN)NC1=O,469.11,0.0,516.743,2.4094794,0.0,0.0,0.0,-2.3061416,0.0,0.0,1.0,1.0,0.0,137.01422,0.0,114.997055,0.844,0.0,0.0,0.604,78.959854,62.14472,0.6570758,0.0,1.0,0.0,15.31036,0.0,1.0,1.0,0.0,10.00475,1.0,1.2,0.0,0.0,1.0,1.0,1.0,1.0,0.0,-15.108448,1.121,1.0,0.0,0.0,1.0,1.0,0.9014,0.0,1.0,184.31262,2.6522436,52.751247,1.0,22.326923,0.0,1.0,1.28,1.0,1.0,0.0,18.0,15.111846,1.0,11.467335,1.0,0.0,29.902798,0.0,1.0,109.84699,1.0,1.0,-12.402886,14.383612,1.0,17.19327,1.0,1.0,1.0,1.0,2.5828235,1.0,0.0,1.0,1.0,16.0,1.0,12.0,0.0,0.0,1.0,0.0,1.0,1.0,1.0,1.0,1.0,1.0,1.0,17.499458,0.0,1.0,154.99261,-10.87,0.678,116.2779,27.410555,4.956,6.006,1.0,0.0,0.0,1.0,5.213,1.0,-2.0651855,1.0,1.0,1.0,1.0,10.75,30.0,0.986,1.0,0.0,4.377,0.0,7.326979092871104,1.1077944442343703
CC(=O)N[C@H]1CSCc2cccc(c2)CSC[C@@H](C(N)=O)NC(=O)[C@@H]2CCCN2C(=O)[C@H](Cc2ccc(O)cc2)NC(=O)[C@H](Cc2cnc[nH]2)NC(=O)[C@H](CC(=O)O)NC(=O)[C@H](Cc2c[nH]c3ccc(F)cc23)NC(=O)[C@H](Cc2c[nH]c3ccccc23)NC(=O)CNC(=O)[C@H](CCCCN)NC1=O,469.11,30.462313,500.895,2.409164,0.0,0.0,0.0,-2.3061414,0.0,0.0,1.0,1.0,0.0,137.01422,0.0,102.86433,0.872,0.0,0.0,0.609,78.959854,57.754303,0.76741546,0.0,1.0,0.0,15.922275,0.0,1.0,1.0,0.0,10.005193,1.0,1.21,0.0,0.0,1.0,1.0,1.0,1.0,1.0,-14.719702,1.182,1.0,0.0,0.0,1.0,1.0,0.7623,0.0,1.0,184.55222,2.60356,58.3147,1.0,22.417477,0.0,1.0,1.302,1.0,1.0,0.0,18.0,15.118983,0.0,11.467335,1.0,0.0,14.987219,0.0,1.0,114.396774,1.0,1.0,-11.23962,14.383612,1.0,11.126903,1.0,1.0,1.0,1.0,2.610779,1.0,0.0,1.0,1.0,16.0,1.0,12.0,0.0,0.0,1.0,0.0,1.0,1.0,1.0,1.0,1.0,1.0,1.0,17.444908,0.0,1.0,155.24176,-10.8,0.685,116.2779,27.266233,4.947,5.868,1.0,0.0,0.0,1.0,5.21,1.0,-2.0280526,1.0,1.0,1.0,1.0,10.75,30.0,1.067,1.0,0.0,4.179,0.0,6.987162775294828,1.1077944442343703
CC(=O)N[C@H]1CSCc2cccc(c2)CSC[C@@H](C(N)=O)NC(=O)[C@@H]2CCCN2C(=O)[C@H](Cc2ccc(O)cc2)NC(=O)[C@H](Cc2cnc[nH]2)NC(=O)[C@H](CC(=O)O)NC(=O)[C@H](Cc2c[nH]c3ccccc23)NC(=O)[C@H](Cc2c[nH]c3ccc(F)cc23)NC(=O)CNC(=O)[C@H](CCCCN)NC1=O,469.11,30.462313,500.895,2.4091372,0.0,0.0,0.0,-2.3061411,0.0,0.0,1.0,1.0,0.0,137.01422,0.0,102.86433,0.872,0.0,0.0,0.609,78.959854,57.754303,0.73716676,0.0,1.0,0.0,15.927158,0.0,1.0,1.0,0.0,10.005358,1.0,1.21,0.0,0.0,1.0,1.0,1.0,1.0,1.0,-14.719702,1.182,1.0,0.0,0.0,1.0,1.0,0.7623,0.0,1.0,184.56863,2.60356,69.26437,1.0,22.417477,0.0,1.0,1.302,1.0,1.0,0.0,18.0,15.11773,1.0,11.467335,1.0,0.0,14.912615,0.0,1.0,114.396774,1.0,1.0,-11.19576,14.383612,1.0,11.126903,1.0,1.0,1.0,1.0,2.6060495,1.0,0.0,1.0,1.0,16.0,1.0,12.0,0.0,0.0,1.0,0.0,1.0,1.0,1.0,1.0,1.0,1.0,1.0,17.444908,0.0,1.0,155.24176,-10.8,0.685,116.2779,27.266233,4.947,5.868,1.0,0.0,0.0,1.0,5.21,1.0,-2.002634,1.0,1.0,1.0,1.0,10.75,30.0,1.067,1.0,0.0,4.179,0.0,5.97061622231479,1.1077944442343703
CC1(c2cccc3ccccc23)NC(=O)CNC(=O)[C@H](CCCCN)NC(=O)CCSCc2cccc(c2)CSC[C@@H](C(N)=O)NC(=O)[C@@H]2CCCN2C(=O)[C@H](Cc2ccc(O)cc2)NC(=O)[C@H](Cc2cnc[nH]2)NC(=O)[C@H](CC(=O)O)NC(=O)[C@H](Cc2c[nH]c3ccc(F)cc23)NC1=O,424.22,42.46457,494.255,2.4302292,1.0,0.0,0.0,-2.3319101,0.0,1.0,1.0,1.0,0.0,130.46947,0.0,114.49414,0.867,1.0,0.0,0.608,85.38068,48.56935,1.0191815,0.0,0.0,0.0,13.025967,1.0,1.0,1.0,0.0,9.858533,1.0,1.071,0.0,0.0,1.0,0.0,1.0,1.0,0.0,-17.1503,1.19,1.0,0.0,0.0,1.0,1.0,2.6237,0.0,1.0,168.93428,2.5708334,64.91838,1.0,22.77,0.0,1.0,1.26,1.0,0.0,0.0,16.0,15.555545,0.0,11.467335,1.0,0.0,15.021141,0.0,1.0,114.396774,1.0,1.0,-9.645748,18.774027,1.0,11.126903,0.0,1.0,1.0,1.0,2.8139226,1.0,0.0,1.0,1.0,14.0,1.0,11.0,0.0,0.0,1.0,0.0,1.0,1.0,1.0,1.0,1.0,1.0,1.0,17.368624,0.0,1.0,164.27904,-10.33,0.675,110.24025,26.915459,4.963,5.793,1.0,1.0,0.0,1.0,5.191,1.0,-2.1272538,1.0,0.0,0.0,1.0,10.0,27.0,1.055,1.0,0.0,3.98,0.0,7.200659450546418,1.1077944442343703
NCCCC[C@@H]1NC(=O)CCSCc2cccc(c2)CSC[C@@H](C(N)=O)NC(=O)[C@@H]2CCCN2C(=O)[C@H](Cc2ccc(O)cc2)NC(=O)[C@H](Cc2cnc[nH]2)NC(=O)[C@H](CC(=O)O)NC(=O)[C@H](Cc2c[nH]c3ccc(F)cc23)NC(=O)[C@H](Cc2ccc(-c3ccccc3)cc2)NC(=O)CNC1=O,424.22,12.132734,475.881,2.4070418,0.0,0.0,0.0,-2.306154,0.0,0.0,0.0,1.0,0.0,130.46947,0.0,107.92486,0.878,0.0,0.0,0.624,78.45694,52.959766,-0.31778345,0.0,1.0,0.0,17.2056,0.0,1.0,0.0,0.0,9.989353,1.0,1.108,0.0,0.0,1.0,0.0,1.0,1.0,0.0,-17.624477,1.196,0.0,0.0,0.0,0.0,1.0,2.8334,0.0,1.0,167.83708,2.5555556,65.09561,1.0,21.745098,0.0,1.0,1.287,1.0,0.0,0.0,16.0,15.086,0.0,11.467335,1.0,1.0,14.983746,0.0,1.0,114.396774,1.0,1.0,-9.5007715,14.383612,1.0,22.253805,1.0,1.0,1.0,0.0,2.816324,1.0,0.0,1.0,1.0,14.0,1.0,11.0,0.0,0.0,1.0,0.0,1.0,1.0,1.0,0.0,1.0,1.0,1.0,17.360525,0.0,1.0,164.27904,-10.59,0.707,99.4678,27.137873,4.94,5.652,1.0,0.0,0.0,1.0,5.157,1.0,-2.0089562,1.0,0.0,0.0,1.0,10.0,27.0,1.076,1.0,0.0,3.845,0.0,4.532465886150408,1.1077944442343703
NCCCC[C@@H]1NC(=O)CCSCc2cccc(c2)CSC[C@@H](C(N)=O)NC(=O)[C@@H]2CCCN2C(=O)[C@H](Cc2ccc(O)cc2)NC(=O)[C@H](Cc2cnc[nH]2)NC(=O)[C@H](CC(=O)O)NC(=O)[C@H](Cc2c[nH]c3ccc(F)cc23)NC(=O)C(CCc2ccccc2)NC(=O)CNC1=O,424.22,30.331835,465.349,2.4061852,0.0,0.0,0.0,-2.3061483,0.0,0.0,0.0,1.0,0.0,136.89029,0.0,109.6396,0.859,0.0,0.0,0.616,84.87776,67.343376,-0.2789942,0.0,1.0,0.0,15.70785,0.0,0.0,0.0,0.0,10.007117,1.0,1.134,0.0,0.0,1.0,0.0,1.0,1.0,1.0,-15.090976,1.199,0.0,0.0,0.0,0.0,1.0,1.5565,0.0,1.0,166.57784,2.5859106,65.09561,1.0,22.28866,0.0,1.0,1.309,1.0,0.0,0.0,16.0,14.978522,0.0,11.467335,1.0,0.0,14.880075,0.0,1.0,114.396774,1.0,1.0,-9.3448305,1.9073486e-06,1.0,16.690355,0.0,1.0,1.0,0.0,2.8200538,1.0,0.0,1.0,1.0,14.0,1.0,11.0,0.0,0.0,1.0,0.0,1.0,1.0,1.0,0.0,1.0,1.0,1.0,16.424152,0.0,1.0,155.11128,-9.81,0.698,99.4678,25.895073,4.865,5.652,1.0,0.0,0.0,1.0,5.124,1.0,-1.9904827,1.0,0.0,0.0,1.0,10.0,27.0,1.07,1.0,0.0,3.836,0.0,5.655411257421286,1.1077944442343703
C[C@@]12CCCN1C(=O)[C@H](Cc1ccc(O)cc1)NC(=O)[C@H](Cc1cnc[nH]1)NC(=O)[C@H](CC(=O)O)NC(=O)[C@H](Cc1c[nH]c3ccc(F)cc13)NC(=O)[C@H](Cc1c[nH]c3ccc(F)cc13)NC(=O)CNC(=O)[C@H](CCCCN)NC(=O)CCSCc1cccc(c1)CSC[C@@H](C(N)=O)NC2=O,440.01,0.0,515.408,2.4851637,1.0,1.0,1.0,-2.370638,1.0,1.0,1.0,0.0,1.0,136.89029,1.0,121.9208,0.827,1.0,0.0,0.703,85.38068,52.555645,1.0866646,1.0,0.0,1.0,13.966825,1.0,1.0,1.0,0.0,9.949338,1.0,1.087,0.0,1.0,1.0,0.0,0.0,1.0,1.0,-16.640848,1.128,1.0,0.0,0.0,0.0,1.0,2.1769,0.0,0.0,171.26213,2.621287,70.61231,0.0,22.712872,1.0,0.0,1.27,0.0,1.0,0.0,17.0,15.210541,1.0,11.467335,1.0,1.0,29.827887,0.0,1.0,109.84699,0.0,0.0,-10.691403,19.178148,1.0,17.19327,1.0,1.0,0.0,0.0,2.786228,1.0,0.0,0.0,0.0,15.0,0.0,11.0,0.0,0.0,1.0,1.0,1.0,1.0,0.0,1.0,1.0,1.0,1.0,17.559687,0.0,1.0,154.99261,-10.34,0.682,110.37072,27.221241,4.947,6.061,1.0,1.0,0.0,1.0,5.177,1.0,-2.0479033,1.0,0.0,0.0,1.0,10.0,28.0,0.97,1.0,0.0,4.102,0.0,7.853871964321762,1.1077944442343703
CN1CC(=O)N[C@H](C(N)=O)CSCc2cccc(c2)CSCCC(=O)N[C@@H](CCCCN)C(=O)NCC(=O)N[C@@H](Cc2c[nH]c3ccc(F)cc23)C(=O)N[C@@H](Cc2c[nH]c3ccc(F)cc23)C(=O)N[C@@H](CC(=O)O)C(=O)N[C@@H](Cc2cnc[nH]2)C(=O)N[C@@H](Cc2ccc(O)cc2)C1=O,440.01,0.0,479.674,2.3615797,0.0,0.0,0.0,-2.280455,0.0,0.0,0.0,0.0,1.0,111.58599,0.0,102.15542,0.872,0.0,0.0,0.521,65.615295,71.733795,-1.0967045,0.0,0.0,0.0,15.367572,0.0,0.0,0.0,0.0,10.004983,1.0,1.118,0.0,0.0,1.0,0.0,0.0,1.0,0.0,-14.855512,1.129,1.0,0.0,0.0,0.0,1.0,1.2542,0.0,0.0,168.18372,2.6581633,64.19149,0.0,20.959183,0.0,0.0,1.253,0.0,0.0,0.0,17.0,14.993961,1.0,11.467335,1.0,1.0,29.740843,0.0,1.0,109.84699,0.0,0.0,-10.956017,1.9073486e-06,1.0,22.09318,1.0,1.0,0.0,0.0,2.7558873,1.0,0.0,0.0,0.0,15.0,0.0,11.0,0.0,0.0,1.0,0.0,1.0,1.0,0.0,1.0,1.0,1.0,1.0,15.950349,0.0,1.0,154.99261,-10.34,0.705,110.37072,25.642311,4.881,5.603,1.0,0.0,0.0,1.0,5.088,0.0,-2.0471387,1.0,0.0,0.0,1.0,10.0,28.0,0.992,1.0,0.0,3.996,1.2675053,4.968995718636463,1.1077944442343703
NCCCC[C@@H]1NC(=O)CCSCc2cccc(c2)CSC[C@@H](C(N)=O)NC(=O)[C@@H]2CCN2C(=O)[C@H](Cc2ccc(O)cc2)NC(=O)[C@H](Cc2cnc[nH]2)NC(=O)[C@H](CC(=O)O)NC(=O)[C@H](Cc2c[nH]c3ccc(F)cc23)NC(=O)[C@H](Cc2c[nH]c3ccc(F)cc23)NC(=O)CNC1=O,440.01,0.0,487.513,2.4275389,0.0,0.0,0.0,-2.418252,0.0,0.0,0.0,1.0,0.0,124.04865,0.0,108.57624,0.854,0.0,0.0,0.617,72.03612,62.14472,-0.4090588,0.0,1.0,0.0,15.495967,0.0,0.0,0.0,0.0,9.96672,1.0,1.112,0.0,0.0,1.0,0.0,0.0,1.0,0.0,-15.189588,1.125,0.0,0.0,0.0,0.0,1.0,1.3967,0.0,1.0,169.50423,2.6397307,64.19149,1.0,22.050505,0.0,0.0,1.254,0.0,0.0,0.0,17.0,15.015597,0.0,11.467335,1.0,0.0,29.772604,0.0,1.0,109.84699,0.0,1.0,-10.655799,9.589074,1.0,17.19327,0.0,1.0,0.0,0.0,2.780813,1.0,0.0,1.0,0.0,15.0,0.0,11.0,0.0,0.0,1.0,0.0,1.0,1.0,1.0,1.0,1.0,1.0,1.0,16.780008,0.0,1.0,154.99261,-10.34,0.697,110.37072,26.225191,4.9,5.82,1.0,0.0,0.0,1.0,5.115,1.0,-2.0418496,1.0,0.0,0.0,1.0,10.0,28.0,0.981,1.0,0.0,4.026,0.0,7.170696227168975,1.1077944442343703
NCCCC[C@@H]1NC(=O)CCSCc2cccc(c2)CSC[C@@H](C(N)=O)NC(=O)[C@@H]2CCCCN2C(=O)[C@H](Cc2ccc(O)cc2)NC(=O)[C@H](Cc2cnc[nH]2)NC(=O)[C@H](CC(=O)O)NC(=O)[C@H](Cc2c[nH]c3ccc(F)cc23)NC(=O)[C@H](Cc2c[nH]c3ccc(F)cc23)NC(=O)CNC1=O,440.01,0.0,497.031,2.3987863,0.0,0.0,0.0,-2.3752759,0.0,0.0,0.0,1.0,0.0,136.89029,0.0,121.41788,0.833,0.0,0.0,0.607,84.87776,52.555645,-0.4090588,0.0,1.0,0.0,15.592276,0.0,0.0,0.0,0.0,9.970693,1.0,1.096,0.0,1.0,1.0,0.0,1.0,1.0,0.0,-16.640848,1.119,0.0,0.0,0.0,0.0,1.0,2.1769,0.0,1.0,170.99588,2.6171618,77.033134,1.0,22.08911,0.0,1.0,1.263,1.0,0.0,0.0,17.0,15.15811,1.0,11.467335,1.0,0.0,29.827166,0.0,1.0,109.84699,1.0,1.0,-10.59433,19.178148,1.0,17.19327,0.0,1.0,1.0,0.0,2.7933185,1.0,0.0,1.0,1.0,15.0,1.0,11.0,0.0,0.0,1.0,0.0,1.0,1.0,1.0,1.0,1.0,1.0,1.0,17.263147,0.0,1.0,154.99261,-10.34,0.7599998,110.37072,26.932297,4.935,5.862,1.0,0.0,0.0,1.0,5.175,1.0,-2.0443842,1.0,0.0,0.0,1.0,10.0,28.0,0.969,1.0,0.0,4.077,0.0,6.013676222949234,1.1077944442343703
C[C@@]12CCCN1C(=O)[C@H](Cc1ccc(O)cc1)NC(=O)[C@H](Cc1cnc[nH]1)NC(=O)[C@H](CC(=O)O)NC(=O)[C@H](Cc1c[nH]c3ccc(F)cc13)NC(=O)[C@H](Cc1c[nH]c3ccc(F)cc13)NC(=O)CNC(=O)[C@H](CCCCN)NC(=O)CCSCc1cccc(c1)CSCCNC2=O,396.92,30.818356,493.661,2.4762294,1.0,1.0,1.0,-2.3641868,1.0,1.0,1.0,0.0,1.0,130.84845,0.0,121.9208,0.81,1.0,0.0,0.718,85.38068,52.555645,1.6366034,1.0,0.0,1.0,8.713563,1.0,1.0,1.0,1.0,9.953734,0.0,0.969,1.0,1.0,1.0,0.0,0.0,0.0,1.0,-17.97911,1.111,1.0,0.0,1.0,0.0,1.0,3.323,0.0,0.0,157.68358,2.5739796,82.05909,0.0,22.32653,1.0,0.0,1.179,0.0,0.0,0.0,15.0,15.086769,1.0,5.7336674,1.0,1.0,29.790394,0.0,0.0,109.84699,0.0,0.0,-8.303801,14.383612,1.0,11.126903,0.0,0.0,0.0,0.0,3.1075077,1.0,0.0,0.0,0.0,14.0,0.0,10.0,0.0,0.0,0.0,1.0,1.0,1.0,0.0,1.0,1.0,0.0,1.0,17.158358,0.0,0.0,154.99261,-9.81,0.687,104.46354,26.661098,4.913,5.859,1.0,1.0,0.0,1.0,5.126,0.0,-2.0101516,1.0,0.0,0.0,1.0,9.0,26.0,0.953,1.0,0.0,3.557,0.0,7.575118363368933,1.1077944442343703
C[C@H]1NC(=O)[C@H](CCCCN)NC(=O)CCSCc2cccc(c2)CSCCNC(=O)[C@]2(C)CCCN2C(=O)[C@H](Cc2ccc(O)cc2)NC(=O)[C@H](Cc2cnc[nH]2)NC(=O)[C@H](CC(=O)O)NC(=O)[C@H](Cc2c[nH]c3ccc(F)cc23)NC(=O)[C@H](Cc2c[nH]c3ccc(F)cc23)NC1=O,396.92,30.818356,501.082,2.4766736,1.0,1.0,1.0,-2.3641877,1.0,1.0,1.0,0.0,1.0,143.81403,1.0,128.84453,0.803,1.0,1.0,0.711,92.30441,52.555645,3.7055845,1.0,0.0,1.0,8.725688,1.0,1.0,1.0,1.0,9.953733,0.0,0.965,1.0,1.0,0.0,0.0,0.0,0.0,1.0,-18.702349,1.104,1.0,1.0,1.0,1.0,0.0,3.7115,0.0,0.0,158.5891,2.5664983,82.05909,0.0,22.979797,1.0,0.0,1.181,0.0,1.0,0.0,15.0,15.138328,1.0,5.7336674,1.0,1.0,29.873247,1.0,0.0,109.84699,0.0,0.0,-8.3218565,14.383612,0.0,11.126903,1.0,0.0,0.0,1.0,3.1079884,0.0,1.0,0.0,0.0,14.0,0.0,10.0,1.0,1.0,0.0,1.0,1.0,1.0,0.0,0.0,1.0,0.0,1.0,17.4685,1.0,0.0,154.99261,-9.81,0.674,104.46354,27.114645,4.931,5.904,1.0,1.0,0.0,1.0,5.158,0.0,-2.0139947,1.0,0.0,0.0,1.0,9.0,26.0,0.94,1.0,0.0,3.58,0.0,7.632644078973981,1.1077944442343703
CCC[C@H]1NC(=O)[C@H](CCCCN)NC(=O)CCSCc2cccc(c2)CSCCNC(=O)[C@]2(C)CCCN2C(=O)[C@H](Cc2ccc(O)cc2)NC(=O)[C@H](Cc2cnc[nH]2)NC(=O)[C@H](CC(=O)O)NC(=O)[C@H](Cc2c[nH]c3ccc(F)cc23)NC(=O)[C@H](Cc2c[nH]c3ccc(F)cc23)NC1=O,396.92,37.742092,504.538,2.4770603,1.0,1.0,1.0,-2.3641884,1.0,1.0,1.0,0.0,1.0,156.65567,0.0,128.34161,0.795,1.0,1.0,0.703,105.14606,43.370693,4.1233783,1.0,0.0,1.0,8.792264,1.0,1.0,1.0,1.0,9.953733,0.0,0.965,1.0,1.0,0.0,1.0,0.0,0.0,1.0,-20.053608,1.098,1.0,1.0,1.0,1.0,0.0,4.4917,0.0,0.0,159.85669,2.5453796,88.47991,0.0,22.762377,1.0,0.0,1.193,0.0,1.0,0.0,15.0,15.296197,1.0,5.7336674,1.0,1.0,30.012897,0.0,0.0,109.84699,1.0,0.0,-8.194574,23.568563,0.0,11.126903,0.0,0.0,1.0,0.0,3.117178,0.0,0.0,0.0,0.0,14.0,0.0,10.0,0.0,0.0,0.0,1.0,1.0,1.0,0.0,0.0,1.0,0.0,1.0,17.92678,0.0,0.0,154.99261,-9.81,0.663,104.46354,27.734219,4.95,5.949,1.0,1.0,0.0,1.0,5.201,1.0,-2.0149646,1.0,0.0,0.0,1.0,9.0,26.0,0.942,1.0,0.0,3.591,0.0,7.361510743045363,1.1077944442343703
CC(C)[C@H]1NC(=O)[C@H](CCCCN)NC(=O)CCSCc2cccc(c2)CSCCNC(=O)[C@]2(C)CCCN2C(=O)[C@H](Cc2ccc(O)cc2)NC(=O)[C@H](Cc2cnc[nH]2)NC(=O)[C@H](CC(=O)O)NC(=O)[C@H](Cc2c[nH]c3ccc(F)cc23)NC(=O)[C@H](Cc2c[nH]c3ccc(F)cc23)NC1=O,396.92,44.665833,503.144,2.4773972,1.0,1.0,1.0,-2.3641896,1.0,1.0,1.0,0.0,1.0,150.73776,1.0,127.8387,0.79,1.0,1.0,0.697,99.22815,43.370693,5.6513524,1.0,0.0,1.0,8.771873,1.0,1.0,1.0,1.0,9.953732,0.0,0.96,1.0,1.0,0.0,1.0,0.0,0.0,1.0,-19.887459,1.108,1.0,1.0,1.0,1.0,0.0,4.3476,1.0,0.0,159.96089,2.5486798,82.05909,0.0,22.821783,1.0,0.0,1.201,0.0,1.0,0.0,15.0,15.308183,1.0,11.651573,1.0,1.0,30.018824,0.0,0.0,109.84699,0.0,0.0,-8.922635,23.568563,0.0,11.126903,1.0,0.0,0.0,0.0,3.113351,0.0,0.0,0.0,0.0,14.0,1.0,10.0,0.0,0.0,0.0,1.0,1.0,1.0,0.0,0.0,1.0,1.0,1.0,17.963348,0.0,1.0,154.99261,-9.81,0.66,104.46354,28.114645,4.956,5.943,1.0,1.0,1.0,1.0,5.204,0.0,-2.0177443,1.0,0.0,1.0,1.0,9.0,26.0,0.943,1.0,0.0,3.615,0.0,7.75448733218585,1.1077944442343703
C[C@H](O)[C@H]1NC(=O)[C@H](CCCCN)NC(=O)CCSCc2cccc(c2)CSCCNC(=O)[C@]2(C)CCCN2C(=O)[C@H](Cc2ccc(O)cc2)NC(=O)[C@H](Cc2cnc[nH]2)NC(=O)[C@H](CC(=O)O)NC(=O)[C@H](Cc2c[nH]c3ccc(F)cc23)NC(=O)[C@H](Cc2c[nH]c3ccc(F)cc23)NC1=O,417.15,30.818356,503.144,2.4775355,1.0,1.0,1.0,-2.3641891,1.0,1.0,1.0,0.0,1.0,149.918,1.0,128.84453,0.79,1.0,1.0,0.705,92.30441,53.27176,3.4880877,1.0,0.0,1.0,8.505231,1.0,1.0,1.0,1.0,9.953733,0.0,0.96,1.0,1.0,0.0,1.0,0.0,0.0,1.0,-17.994377,1.095,1.0,1.0,1.0,1.0,0.0,3.0724,0.0,0.0,159.37746,2.5882838,58.87073,0.0,23.08911,1.0,0.0,1.163,0.0,1.0,0.0,16.0,15.245683,1.0,5.7336674,1.0,1.0,29.973269,0.0,0.0,109.84699,0.0,0.0,-9.096702,18.774027,0.0,17.19327,1.0,0.0,0.0,0.0,3.0664523,0.0,0.0,0.0,0.0,15.0,1.0,10.0,0.0,0.0,0.0,1.0,1.0,1.0,0.0,0.0,1.0,1.0,1.0,17.779087,0.0,1.0,154.99261,-9.85,0.669,104.46354,27.61123,4.952,6.055,1.0,1.0,0.0,1.0,5.192,0.0,-2.045522,1.0,0.0,1.0,1.0,9.0,27.0,0.938,1.0,0.0,3.735,0.0,7.570247719997592,1.1077944442343703
C[C@@H]1NC(=O)CCSCc2cccc(c2)CSCCNC(=O)[C@]2(C)CCCN2C(=O)[C@H](Cc2ccc(O)cc2)NC(=O)[C@H](Cc2cnc[nH]2)NC(=O)[C@H](CC(=O)O)NC(=O)[C@H](Cc2c[nH]c3ccc(F)cc23)NC(=O)[C@H](Cc2c[nH]c3ccc(F)cc23)NC(=O)[C@@H](CCCCN)NC1=O,396.92,30.818356,501.082,2.4767542,1.0,1.0,1.0,-2.3641884,1.0,1.0,1.0,0.0,1.0,143.81403,1.0,128.84453,0.803,1.0,1.0,0.708,92.30441,52.555645,3.7251997,1.0,0.0,1.0,8.778263,1.0,1.0,1.0,1.0,9.953733,0.0,0.965,1.0,1.0,0.0,0.0,0.0,0.0,1.0,-18.702349,1.097,1.0,1.0,1.0,1.0,0.0,3.7115,0.0,0.0,158.77768,2.5664983,75.514336,0.0,22.979797,1.0,0.0,1.181,0.0,1.0,0.0,15.0,15.245664,0.0,5.7336674,0.0,1.0,29.946802,1.0,1.0,109.84699,1.0,0.0,-8.316425,14.383612,0.0,11.126903,1.0,0.0,1.0,0.0,3.1037178,0.0,1.0,0.0,0.0,14.0,0.0,10.0,1.0,0.0,0.0,1.0,1.0,1.0,0.0,0.0,1.0,0.0,1.0,17.4685,1.0,0.0,154.99261,-9.81,0.61125016,104.46354,27.114645,4.931,5.91,1.0,1.0,0.0,1.0,5.164,0.0,-2.0170603,1.0,0.0,0.0,1.0,9.0,26.0,0.941,1.0,0.0,3.58,0.0,7.317854923626168,1.1077944442343703
C[C@@H]1NC(=O)[C@@H]2CCCN2C(=O)[C@H](Cc2c[nH]c3ccc(F)cc23)NC(=O)[C@H](Cc2c[nH]c3ccc(F)cc23)NC(=O)CNC(=O)[C@H](CCCCN)NC(=O)CCSCc2cccc(c2)CSC[C@@H](C(N)=O)NC(=O)[C@]2(C)CCCN2C(=O)[C@H](Cc2ccc(O)cc2)NC1=O,365.24,31.45016,488.347,2.4857898,1.0,1.0,1.0,-2.3700223,1.0,0.0,1.0,0.0,1.0,143.81403,0.0,141.68617,0.77,1.0,1.0,0.701,93.0313,52.243656,2.7447412,0.0,0.0,1.0,14.374215,1.0,0.0,1.0,0.0,9.950167,0.0,1.065,0.0,0.0,0.0,1.0,1.0,1.0,0.0,-17.630753,1.146,1.0,1.0,0.0,1.0,1.0,3.2625,0.0,1.0,151.84372,2.5464911,87.98281,1.0,24.136843,1.0,1.0,1.336,1.0,0.0,0.0,14.0,15.271814,0.0,11.467335,0.0,1.0,29.731958,1.0,0.0,103.78062,1.0,1.0,-6.9884768,9.589074,1.0,11.126903,1.0,1.0,1.0,0.0,2.851093,1.0,1.0,1.0,1.0,12.0,1.0,10.0,1.0,1.0,1.0,0.0,1.0,0.0,1.0,1.0,1.0,0.0,1.0,17.508274,1.0,0.0,142.61072,-9.02,0.696,104.40142,26.639996,4.92,5.704,1.0,0.0,0.0,1.0,5.116,1.0,-1.7897961,1.0,0.0,0.0,0.0,10.0,24.0,0.988,1.0,1.0,3.946,0.0,7.054039296422431,1.1077944442343703
C[C@@H](O)[C@@H]1NC(=O)[C@@H]2CCCN2C(=O)[C@H](Cc2c[nH]c3ccc(F)cc23)NC(=O)[C@H](Cc2c[nH]c3ccc(F)cc23)NC(=O)CNC(=O)[C@H](CCCCN)NC(=O)CCSCc2cccc(c2)CSC[C@@H](C(N)=O)NC(=O)[C@]2(C)CCCN2C(=O)[C@H](Cc2ccc(O)cc2)NC1=O,385.47,6.923737,489.242,2.4890149,1.0,1.0,1.0,-2.3720274,1.0,1.0,1.0,0.0,1.0,149.918,0.0,141.68617,0.758,1.0,1.0,0.695,93.0313,52.555645,2.4135711,1.0,0.0,1.0,14.145363,1.0,1.0,1.0,0.0,9.949341,0.0,1.058,0.0,0.0,0.0,1.0,1.0,1.0,1.0,-16.922752,1.139,1.0,0.0,0.0,1.0,1.0,2.6234,0.0,1.0,152.58083,2.5695877,81.56199,1.0,24.226805,1.0,1.0,1.308,1.0,0.0,0.0,15.0,15.356305,0.0,11.467335,0.0,1.0,29.797913,1.0,0.0,103.78062,1.0,1.0,-7.754199,14.383612,1.0,11.126903,1.0,1.0,1.0,0.0,2.8239424,1.0,0.0,1.0,1.0,13.0,1.0,10.0,0.0,0.0,1.0,0.0,1.0,0.0,1.0,1.0,1.0,1.0,1.0,17.818861,0.0,1.0,142.61072,-9.06,0.688,104.40142,27.136581,4.942,5.857,1.0,0.0,0.0,1.0,5.16,1.0,-1.7897961,1.0,0.0,0.0,1.0,10.0,25.0,0.981,1.0,1.0,4.098,0.0,7.621602099051862,1.1077944442343703
C[C@H]1NC(=O)[C@H](CCC(=O)O)NC(=O)CCSCc2cccc(c2)CSCCNC(=O)[C@]2(C)CCCN2C(=O)[C@H](Cc2ccc(O)cc2)NC(=O)[C@H](Cc2cnc[nH]2)NC(=O)[C@H](CC(=O)O)NC(=O)[C@H](Cc2c[nH]c3ccc(F)cc23)NC(=O)[C@H](Cc2c[nH]c3ccc(F)cc23)NC1=O,408.2,18.685621,513.028,2.476768,1.0,1.0,1.0,-2.3641877,1.0,1.0,1.0,0.0,1.0,137.3932,1.0,109.45813,0.836,1.0,1.0,0.703,85.88359,62.45671,3.2391675,1.0,0.0,1.0,2.6437964,1.0,1.0,1.0,1.0,9.953733,0.0,0.963,1.0,1.0,0.0,1.0,0.0,1.0,1.0,-18.365448,1.063,1.0,1.0,1.0,1.0,0.0,3.4473,0.0,0.0,169.79848,2.6439395,46.02909,0.0,22.929293,1.0,0.0,1.15,0.0,1.0,0.0,14.0,15.095237,0.0,0.0,1.0,1.0,29.829857,1.0,0.0,109.84699,0.0,0.0,-10.583283,14.383612,0.0,17.19327,1.0,0.0,0.0,1.0,2.9961665,0.0,1.0,0.0,0.0,14.0,0.0,11.0,1.0,1.0,0.0,1.0,0.0,0.0,0.0,1.0,0.0,0.0,0.0,17.168455,1.0,1.0,154.99261,-10.3,0.683,110.432846,26.762602,4.928,6.12,0.0,1.0,0.0,0.0,5.149,0.0,-2.041594,0.0,0.0,0.0,1.0,9.0,27.0,0.954,0.0,0.0,3.725,0.0,6.694218848745018,1.1077944442343703
C[C@@]12CCCN1C(=O)[C@H](Cc1ccc(O)cc1)NC(=O)[C@H](Cc1cnc[nH]1)NC(=O)[C@H](CC(=O)O)NC(=O)[C@H](Cc1c[nH]c3ccc(F)cc13)NC(=O)[C@H](Cc1c[nH]c3ccc(F)cc13)NC(=O)CNC(=O)[C@H](CCCN)NC(=O)CCSCc1cccc(c1)CSC[C@@H](C(N)=O)NC2=O,440.01,0.0,513.848,2.4850988,1.0,1.0,1.0,-2.370638,1.0,1.0,1.0,0.0,1.0,130.46947,1.0,115.49998,0.832,1.0,0.0,0.7,78.959854,52.555645,0.9412459,1.0,0.0,1.0,13.980474,1.0,1.0,1.0,0.0,9.949338,1.0,1.085,0.0,0.0,1.0,0.0,0.0,1.0,1.0,-15.96522,1.124,1.0,0.0,0.0,1.0,1.0,1.7868,0.0,0.0,170.90065,2.6325,57.646732,0.0,22.82,1.0,0.0,1.268,0.0,1.0,0.0,17.0,15.2014,0.0,11.467335,1.0,1.0,29.791569,0.0,1.0,109.84699,0.0,0.0,-10.761433,19.178148,1.0,17.19327,1.0,1.0,0.0,0.0,2.7768657,1.0,0.0,0.0,0.0,15.0,0.0,11.0,0.0,0.0,1.0,1.0,1.0,1.0,0.0,1.0,1.0,0.0,0.0,17.309687,0.0,1.0,154.99261,-10.34,0.684,110.37072,26.86769,4.94,6.052,1.0,1.0,0.0,0.0,5.165,0.0,-2.0483234,1.0,0.0,0.0,1.0,10.0,28.0,0.981,0.0,0.0,4.111,0.0,6.877784121727173,1.1077944442343703
CCC[C@@H]1NC(=O)CCSCc2cccc(c2)CSC[C@@H](C(N)=O)NC(=O)[C@]2(C)CCCN2C(=O)[C@H](Cc2ccc(O)cc2)NC(=O)[C@H](Cc2cnc[nH]2)NC(=O)[C@H](CC(=O)O)NC(=O)[C@H](Cc2c[nH]c3ccc(F)cc23)NC(=O)[C@H](Cc2c[nH]c3ccc(F)cc23)NC(=O)CNC1=O,413.99,6.923737,512.19,2.4850233,1.0,1.0,1.0,-2.370638,1.0,1.0,1.0,0.0,1.0,137.3932,1.0,102.53439,0.838,1.0,1.0,0.701,85.88359,57.35018,2.6167998,1.0,0.0,1.0,8.2297735,1.0,1.0,1.0,0.0,9.949338,1.0,1.08,0.0,0.0,1.0,1.0,0.0,1.0,1.0,-17.456657,1.122,1.0,1.0,0.0,1.0,1.0,2.848,0.0,0.0,170.66057,2.6237373,57.646732,0.0,22.929293,1.0,0.0,1.269,0.0,1.0,0.0,15.0,15.195247,0.0,5.7336674,1.0,1.0,29.76439,0.0,1.0,109.84699,0.0,0.0,-10.54675,14.383612,1.0,11.126903,1.0,1.0,0.0,0.0,2.798601,1.0,0.0,0.0,0.0,14.0,0.0,11.0,0.0,0.0,1.0,1.0,0.0,0.0,0.0,1.0,0.0,0.0,0.0,17.190113,0.0,1.0,154.99261,-10.3,0.681,110.37072,26.72546,4.935,6.02,0.0,1.0,0.0,0.0,5.156,0.0,-2.0410492,0.0,1.0,1.0,1.0,10.0,27.0,0.987,0.0,0.0,4.094,0.0,7.023650020996726,1.1077944442343703
COc1ccc(C[C@@H]2NC(=O)[C@H](Cc3cnc[nH]3)NC(=O)[C@H](CC(=O)O)NC(=O)[C@H](Cc3c[nH]c4ccc(F)cc34)NC(=O)[C@H](Cc3c[nH]c4ccc(F)cc34)NC(=O)[C@@H](C)NC(=O)[C@H](CCCCO)NC(=O)CCSCc3cccc(c3)CSCCNC(=O)[C@]3(C)CCCN3C2=O)cc1,380.13,42.95109,502.663,2.47677,1.0,1.0,1.0,-2.364233,1.0,1.0,1.0,0.0,1.0,143.81403,1.0,122.299774,0.792,1.0,1.0,0.712,92.30441,47.76111,3.2337053,1.0,0.0,1.0,3.0236783,1.0,1.0,1.0,1.0,9.953702,0.0,0.959,1.0,1.0,0.0,1.0,0.0,0.0,1.0,-19.30757,1.078,1.0,1.0,1.0,1.0,0.0,4.0481,1.0,0.0,158.87883,2.5558333,87.68467,0.0,22.84,1.0,0.0,1.161,0.0,1.0,1.0,13.0,15.178798,1.0,0.0,1.0,1.0,35.268047,0.0,1.0,109.84699,0.0,0.0,-7.7585497,19.178148,0.0,11.126903,1.0,0.0,0.0,1.0,3.1003237,0.0,1.0,0.0,0.0,13.0,0.0,10.0,1.0,1.0,0.0,1.0,0.0,0.0,0.0,0.0,0.0,0.0,0.0,17.645205,1.0,0.0,154.99261,-9.81,0.675,104.46354,27.231205,4.945,5.955,0.0,0.0,1.0,0.0,5.162,0.0,-2.008776,0.0,0.0,0.0,0.0,9.0,26.0,0.952,0.0,0.0,3.635,1.4880052,7.102922996790579,1.1077944442343703
CC(=O)N[C@@H](Cc1cnc[nH]1)C(=O)N(C)[C@@H](Cc1ccc(F)cc1)C(=O)N[C@H]1CSCc2cccc(c2)CSC[C@@H](C(N)=O)NC(=O)[C@@H]2CCCN2C(=O)[C@H](Cc2ccc(O)cc2)NC(=O)[C@H](Cc2cnc[nH]2)NC(=O)[C@H](CC(=O)O)NC(=O)[C@H](Cc2c[nH]c3ccc(F)cc23)NC(=O)[C@H](Cc2c[nH]c3ccc(F)cc23)NC(=O)CNC(=O)[C@H](CCCCN)NC1=O,547.2,18.1991,560.73395,2.422179,0.0,0.0,1.0,-2.3195393,1.0,1.0,1.0,1.0,0.0,161.93956,1.0,132.69324,0.837,0.0,1.0,0.756,90.21723,52.959766,0.37499902,1.0,1.0,1.0,15.914535,1.0,1.0,1.0,0.0,10.004737,1.0,1.172,0.0,1.0,1.0,1.0,1.0,1.0,1.0,-18.859367,1.104,1.0,1.0,0.0,1.0,1.0,1.5608,0.0,1.0,208.05817,2.644357,39.838505,1.0,20.818897,1.0,1.0,1.266,1.0,1.0,0.0,20.0,15.402997,1.0,11.467335,1.0,1.0,41.630676,1.0,1.0,114.396774,1.0,1.0,-16.185392,33.56176,1.0,35.392372,1.0,1.0,1.0,1.0,2.3911576,1.0,0.0,1.0,1.0,18.0,1.0,14.0,0.0,0.0,1.0,1.0,1.0,1.0,1.0,1.0,1.0,1.0,1.0,20.15759,0.0,1.0,164.27904,-11.929999,0.7599998,128.09225,30.195238,5.08875,6.5725,1.0,1.0,1.0,1.0,5.3224993,1.0,-2.1168704,1.0,1.0,1.0,1.0,10.75,34.0,0.951,1.0,0.0,4.815,1.316194,6.0195421077239,1.1077944442343703
CCCCC(NC(C)=O)C(=O)N[C@H]1CSCc2cccc(c2)CSC[C@@H](C(N)=O)NC(=O)[C@H]([C@@H](C)O)NC(=O)[C@H](CCC)NC(=O)[C@H](Cc2ccc(O)cc2)NC(=O)[C@H](CCC(=O)O)NC(=O)[C@H](CCC)NC(=O)[C@H](Cc2c[nH]c3ncccc23)NC(=O)[C@H]([C@@H](C)O)NC(=O)[C@H](Cc2cnc[nH]2)NC(=O)[C@H](Cc2ccc(O)cc2)NC(=O)[C@H](C(C)(C)C)NC1=O,569.28,64.95052,560.73395,2.4159455,1.0,0.0,1.0,-2.3333182,1.0,1.0,0.0,1.0,1.0,208.2636,1.0,109.16121,0.858,0.0,1.0,0.784,136.7544,68.68347,13.685882,1.0,1.0,1.0,7.8393044,1.0,1.0,1.0,0.0,9.852264,1.0,1.202,0.0,1.0,0.0,1.0,0.0,1.0,1.0,-16.99342,1.143,1.0,1.0,0.0,1.0,0.0,0.4185,1.0,0.0,208.05817,2.6286666,40.5654,0.0,23.144,1.0,1.0,1.305,0.0,1.0,0.0,22.0,15.245202,1.0,11.148658,1.0,1.0,14.525984,1.0,1.0,109.84699,1.0,0.0,-15.100627,28.767223,0.0,18.05064,1.0,1.0,1.0,1.0,2.4041314,0.0,0.0,1.0,0.0,21.0,1.0,14.0,0.0,0.0,0.0,1.0,1.0,1.0,0.0,1.0,0.0,1.0,0.0,20.15759,0.0,1.0,143.35817,-11.929999,0.7599998,123.22699,30.195238,5.08875,6.5725,0.0,1.0,1.0,0.0,5.3224993,1.0,-1.9595422,0.0,1.0,1.0,1.0,10.75,34.0,1.146,1.0,0.0,4.703,0.0,6.872895201635192,1.1077944442343703
NCCCC[C@@H]1NC(=O)CCSCc2cccc(c2)CSCCNC(=O)[C@@H]2CCCN2C(=O)[C@H](Cc2ccc(O)cc2)NC(=O)[C@H](Cc2cnc[nH]2)NC(=O)[C@H](CC(=O)O)NC(=O)[C@H](Cc2c[nH]c3ccc(F)cc23)NC(=O)[C@H](Cc2c[nH]c3ccc(F)cc23)NC(=O)CNC1=O,396.92,23.894619,468.636,2.398467,0.0,0.0,0.0,-2.301072,0.0,0.0,1.0,0.0,0.0,124.42763,0.0,114.997055,0.82,0.0,0.0,0.62,78.45694,57.35018,0.028740434,0.0,0.0,0.0,10.096775,0.0,0.0,0.0,1.0,10.004777,0.0,0.987,0.0,0.0,1.0,0.0,1.0,0.0,0.0,-17.253471,1.114,0.0,0.0,1.0,0.0,1.0,2.9329,0.0,1.0,156.88531,2.580756,88.47991,1.0,21.659794,0.0,1.0,1.176,1.0,0.0,0.0,15.0,15.01403,0.0,5.7336674,1.0,0.0,29.763649,0.0,1.0,109.84699,1.0,1.0,-8.238269,9.589074,1.0,11.126903,0.0,0.0,1.0,0.0,3.1090019,1.0,0.0,0.0,1.0,14.0,1.0,10.0,0.0,0.0,0.0,0.0,1.0,1.0,1.0,1.0,1.0,0.0,1.0,16.614326,0.0,0.0,154.99261,-9.81,0.695,104.46354,26.0186,4.879,5.682,1.0,0.0,0.0,1.0,5.099,1.0,-2.0054755,1.0,0.0,0.0,0.0,9.0,26.0,0.963,1.0,0.0,3.533,0.0,6.598599459218455,1.1077944442343703
CN1C(=O)[C@H](CC(=O)O)NC(=O)[C@H](Cc2c[nH]c3ccc(F)cc23)NC(=O)[C@H](Cc2c[nH]c3ccc(F)cc23)NC(=O)CNC(=O)[C@H](CCCCN)NC(=O)CCSCc2cccc(c2)CSC[C@@H](C(N)=O)NC(=O)[C@@H]2CCCN2C(=O)[C@H](Cc2ccc(O)cc2)NC(=O)[C@@H]1Cc1cnc[nH]1,431.22,0.0,491.03,2.4182181,0.0,0.0,0.0,-2.3331819,0.0,0.0,0.0,1.0,0.0,130.46947,0.0,114.997055,0.823,0.0,0.0,0.604,78.45694,47.76111,-0.40677047,0.0,1.0,1.0,15.601766,1.0,0.0,0.0,0.0,10.002356,1.0,1.093,0.0,0.0,1.0,0.0,1.0,1.0,1.0,-16.568998,1.135,1.0,1.0,0.0,1.0,1.0,2.129,0.0,1.0,172.44136,2.6171618,70.61231,1.0,22.079208,1.0,1.0,1.269,1.0,0.0,0.0,16.0,15.167365,0.0,11.467335,1.0,1.0,29.865776,0.0,1.0,109.84699,1.0,1.0,-10.450799,23.972687,1.0,23.074484,0.0,1.0,1.0,0.0,2.7907984,1.0,0.0,1.0,1.0,14.0,1.0,11.0,0.0,0.0,1.0,0.0,1.0,1.0,1.0,1.0,1.0,1.0,1.0,17.468786,0.0,1.0,154.99261,-10.34,0.678,110.37072,26.98251,4.942,5.961,1.0,0.0,1.0,1.0,5.173,1.0,-2.0293381,1.0,0.0,0.0,1.0,10.0,28.0,0.99,1.0,1.0,4.114,1.1610196,4.168243764792422,0.2762373029977992
CN1C(=O)[C@H](Cc2c[nH]c3ccc(F)cc23)NC(=O)CNC(=O)[C@H](CCCCN)NC(=O)CCSCc2cccc(c2)CSC[C@@H](C(N)=O)NC(=O)[C@@H]2CCCN2C(=O)[C@H](Cc2ccc(O)cc2)NC(=O)[C@H](Cc2cnc[nH]2)NC(=O)[C@H](CC(=O)O)NC(=O)[C@@H]1Cc1c[nH]c2ccccc12,431.22,30.462313,474.543,2.4131882,0.0,0.0,0.0,-2.3221252,0.0,0.0,1.0,1.0,0.0,130.46947,0.0,102.86433,0.852,0.0,0.0,0.599,78.45694,52.959766,-0.33618754,0.0,1.0,1.0,16.229551,1.0,1.0,1.0,0.0,9.992715,1.0,1.1,0.0,0.0,1.0,0.0,1.0,1.0,1.0,-16.18024,1.185,1.0,0.0,0.0,1.0,1.0,1.9899,0.0,1.0,172.76439,2.5666666,87.25591,1.0,22.17,0.0,1.0,1.292,1.0,0.0,0.0,16.0,15.408568,0.0,11.467335,1.0,1.0,14.920168,0.0,1.0,114.396774,1.0,1.0,-9.278622,14.383612,1.0,16.026814,1.0,1.0,1.0,0.0,2.8137264,1.0,0.0,1.0,1.0,14.0,1.0,11.0,0.0,0.0,1.0,0.0,1.0,1.0,1.0,1.0,1.0,1.0,1.0,17.414236,0.0,0.0,155.24176,-10.27,0.689,110.37072,26.838188,4.932,5.806,1.0,0.0,1.0,1.0,5.191,1.0,-1.979194,1.0,0.0,0.0,1.0,10.0,28.0,1.069,1.0,1.0,3.921,1.265233,4.168243764792422,0.2762373029977992
C[C@@H]1NC(=O)[C@H](Cc2c[nH]c3ccc(F)cc23)NC(=O)CNC(=O)[C@H](CCCCN)NC(=O)CCSCc2cccc(c2)CSC[C@@H](C(N)=O)NC(=O)[C@@H]2CCCN2C(=O)[C@H](Cc2ccc(O)cc2)NC(=O)[C@H](Cc2cnc[nH]2)NC(=O)[C@H](CC(=O)O)NC1=O,424.22,0.0,444.167,2.4033191,0.0,0.0,0.0,-2.305661,0.0,0.0,0.0,1.0,0.0,130.97238,0.0,98.15824,0.854,1.0,0.0,0.619,79.81722,67.343376,0.9141939,0.0,0.0,0.0,15.006568,0.0,1.0,1.0,0.0,10.020333,1.0,1.142,0.0,0.0,1.0,0.0,1.0,1.0,0.0,-11.922836,1.177,0.0,0.0,0.0,0.0,1.0,-0.0564,0.0,1.0,163.15587,2.6462963,70.789536,1.0,23.144444,0.0,1.0,1.29,1.0,0.0,0.0,16.0,14.823193,0.0,11.467335,1.0,0.0,14.5651455,0.0,1.0,103.78062,1.0,1.0,-9.286122,1.9073486e-06,1.0,11.126903,1.0,1.0,1.0,1.0,2.8119712,1.0,1.0,1.0,1.0,14.0,1.0,11.0,1.0,1.0,1.0,0.0,1.0,1.0,1.0,0.0,1.0,1.0,1.0,14.978709,1.0,0.0,142.61072,-9.03,0.724,99.4678,24.039902,4.787,5.561,1.0,0.0,0.0,1.0,5.0162506,1.0,-1.9140264,1.0,0.0,0.0,1.0,10.0,27.0,1.047,1.0,0.0,3.852,0.0,4.168243764792422,0.2762373029977992
CN1C(=O)[C@@H]2CCCN2C(=O)[C@H](Cc2ccc(O)cc2)NC(=O)[C@H](Cc2cnc[nH]2)NC(=O)[C@H](CC(=O)O)NC(=O)[C@H](Cc2c[nH]c3ccc(F)cc23)NC(=O)[C@H](Cc2c[nH]c3ccc(F)cc23)NC(=O)CNC(=O)[C@H](CCCCN)NC(=O)CCSCc2cccc(c2)CSC[C@H]1C(N)=O,431.22,0.0,492.094,2.4225886,0.0,0.0,0.0,-2.335547,0.0,0.0,0.0,0.0,0.0,130.46947,0.0,114.997055,0.823,0.0,0.0,0.61,78.45694,57.35018,-0.4026545,0.0,1.0,1.0,15.68475,0.0,0.0,1.0,0.0,10.004715,1.0,1.093,0.0,0.0,1.0,1.0,1.0,1.0,0.0,-16.568998,1.122,1.0,1.0,0.0,0.0,1.0,2.129,0.0,1.0,172.53687,2.6171618,70.61231,1.0,22.079208,0.0,1.0,1.289,1.0,0.0,0.0,16.0,15.121262,0.0,11.467335,1.0,1.0,29.82514,0.0,1.0,109.84699,1.0,1.0,-10.440627,14.383612,1.0,17.19327,1.0,1.0,1.0,0.0,2.8159277,1.0,0.0,0.0,1.0,14.0,1.0,11.0,0.0,0.0,1.0,0.0,1.0,1.0,0.0,1.0,1.0,1.0,1.0,17.470388,0.0,1.0,154.99261,-10.34,0.684,110.37072,26.98251,4.942,5.88,1.0,0.0,1.0,1.0,5.173,1.0,-2.0436995,1.0,0.0,1.0,1.0,10.0,28.0,0.979,1.0,1.0,4.276,1.4179156,4.168243764792422,0.2762373029977992
CN1C(=O)CNC(=O)[C@H](CCCCN)NC(=O)CCSCc2cccc(c2)CSC[C@@H](C(N)=O)NC(=O)[C@@H]2CCCN2C(=O)[C@H](Cc2ccc(O)cc2)NC(=O)[C@H](Cc2cnc[nH]2)NC(=O)[C@H](CC(=O)O)NC(=O)[C@H](Cc2c[nH]c3ccc(F)cc23)NC(=O)[C@@H]1Cc1c[nH]c2ccccc12,431.22,30.462313,478.563,2.410178,0.0,0.0,0.0,-2.3085265,1.0,0.0,0.0,1.0,0.0,130.46947,0.0,102.86433,0.847,0.0,0.0,0.604,78.45694,52.959766,-0.28895065,0.0,1.0,1.0,16.221542,1.0,0.0,0.0,0.0,9.999633,1.0,1.1,0.0,0.0,1.0,0.0,1.0,1.0,1.0,-16.18024,1.192,0.0,0.0,0.0,1.0,1.0,1.9899,0.0,1.0,172.75221,2.5666666,75.998535,1.0,22.17,0.0,1.0,1.3,1.0,0.0,0.0,16.0,15.273015,0.0,11.467335,1.0,1.0,14.989982,0.0,1.0,114.396774,1.0,1.0,-9.337688,14.383612,1.0,16.026814,0.0,1.0,1.0,0.0,2.8198678,1.0,0.0,1.0,1.0,14.0,1.0,11.0,0.0,0.0,1.0,1.0,1.0,1.0,1.0,1.0,1.0,1.0,1.0,17.450336,0.0,1.0,155.24176,-10.27,0.686,110.37072,26.834763,4.932,5.783,1.0,0.0,1.0,1.0,5.181,1.0,-2.006512,1.0,0.0,0.0,1.0,10.0,28.0,1.067,1.0,1.0,3.91,1.3274776,4.168243764792422,0.2762373029977992
C[C@@H]1NC(=O)[C@H](CCCCN)NC(=O)CCSCc2cccc(c2)CSC[C@@H](C(N)=O)NC(=O)[C@@H]2CCCN2C(=O)[C@H](Cc2ccc(O)cc2)NC(=O)[C@H](Cc2cnc[nH]2)NC(=O)[C@H](CC(=O)O)NC(=O)[C@H](Cc2c[nH]c3ccc(F)cc23)NC(=O)[C@H](Cc2c[nH]c3ccc(F)cc23)NC1=O,440.01,0.0,498.631,2.4092028,0.0,0.0,0.0,-2.306221,0.0,0.0,0.0,1.0,0.0,143.43504,0.0,121.9208,0.832,1.0,0.0,0.605,85.38068,57.35018,1.6652809,0.0,1.0,0.0,15.568266,0.0,1.0,1.0,0.0,10.003009,1.0,1.101,0.0,0.0,0.0,0.0,1.0,1.0,1.0,-16.638449,1.123,0.0,1.0,0.0,0.0,0.0,2.1753,0.0,1.0,171.27795,2.620462,70.61231,1.0,22.712872,0.0,1.0,1.27,1.0,1.0,0.0,17.0,15.141298,0.0,11.467335,1.0,0.0,29.883993,1.0,1.0,109.84699,1.0,1.0,-10.63841,14.383612,0.0,17.19327,1.0,1.0,1.0,1.0,2.7882025,0.0,1.0,1.0,1.0,15.0,1.0,11.0,1.0,1.0,1.0,0.0,1.0,1.0,1.0,1.0,1.0,1.0,1.0,17.32329,1.0,1.0,154.99261,-10.34,0.677,110.37072,27.03229,4.933,5.899,1.0,0.0,0.0,1.0,5.183,1.0,-2.0470698,1.0,0.0,0.0,1.0,10.0,28.0,0.966,1.0,0.0,4.102,0.0,4.168243764792422,0.2762373029977992
NCCCC[C@@H]1NC(=O)CCSCc2cccc(c2)CSC[C@@H](C(N)=O)NC(=O)[C@H]2CCCN2C(=O)[C@H](Cc2ccc(O)cc2)NC(=O)[C@H](Cc2cnc[nH]2)NC(=O)[C@H](CC(=O)O)NC(=O)[C@H](Cc2c[nH]c3ccc(F)cc23)NC(=O)[C@H](Cc2c[nH]c3ccc(F)cc23)NC(=O)CNC1=O,440.01,0.0,490.969,2.4074986,0.0,0.0,0.0,-2.3061416,0.0,0.0,0.0,1.0,0.0,130.46947,0.0,114.997055,0.838,0.0,0.0,0.61,78.45694,57.35018,-0.4090588,0.0,1.0,0.0,15.549267,0.0,0.0,0.0,0.0,10.004757,1.0,1.107,0.0,0.0,1.0,0.0,1.0,1.0,0.0,-15.91522,1.131,0.0,0.0,0.0,0.0,1.0,1.7868,0.0,1.0,170.3595,2.6283333,70.61231,1.0,22.07,0.0,1.0,1.269,1.0,0.0,0.0,17.0,15.038098,0.0,11.467335,1.0,0.0,29.801142,0.0,1.0,109.84699,1.0,1.0,-10.619945,14.383612,1.0,17.19327,0.0,1.0,1.0,0.0,2.7877219,1.0,0.0,1.0,1.0,15.0,1.0,11.0,0.0,0.0,1.0,0.0,1.0,1.0,1.0,1.0,1.0,1.0,1.0,17.013147,0.0,1.0,154.99261,-10.34,0.689,110.37072,26.578743,4.915,5.851,1.0,0.0,0.0,1.0,5.152,1.0,-2.043227,1.0,0.0,0.0,1.0,10.0,28.0,0.979,1.0,0.0,4.073,0.0,4.150514997831991,0.2762373029977986
NCCCC[C@@H]1NC(=O)CCSCc2cccc(c2)CSC[C@@H](C(N)=O)NC(=O)[C@@H]2CCCN2C(=O)[C@@H](Cc2ccc(O)cc2)NC(=O)[C@H](Cc2cnc[nH]2)NC(=O)[C@H](CC(=O)O)NC(=O)[C@H](Cc2c[nH]c3ccc(F)cc23)NC(=O)[C@H](Cc2c[nH]c3ccc(F)cc23)NC(=O)CNC1=O,440.01,0.0,490.969,2.4074986,0.0,0.0,0.0,-2.3061416,0.0,0.0,0.0,1.0,0.0,130.46947,0.0,114.997055,0.838,0.0,0.0,0.61,78.45694,57.35018,-0.4090588,0.0,1.0,0.0,15.549267,0.0,0.0,0.0,0.0,10.004757,1.0,1.107,0.0,0.0,1.0,0.0,1.0,1.0,0.0,-15.91522,1.131,0.0,0.0,0.0,0.0,1.0,1.7868,0.0,1.0,170.3595,2.6283333,70.61231,1.0,22.07,0.0,1.0,1.269,1.0,0.0,0.0,17.0,15.038098,0.0,11.467335,1.0,0.0,29.801142,0.0,1.0,109.84699,1.0,1.0,-10.619945,14.383612,1.0,17.19327,0.0,1.0,1.0,0.0,2.7877219,1.0,0.0,1.0,1.0,15.0,1.0,11.0,0.0,0.0,1.0,0.0,1.0,1.0,1.0,1.0,1.0,1.0,1.0,17.013147,0.0,1.0,154.99261,-10.34,0.689,110.37072,26.578743,4.915,5.851,1.0,0.0,0.0,1.0,5.152,1.0,-2.043227,1.0,0.0,0.0,1.0,10.0,28.0,0.979,1.0,0.0,4.073,0.0,4.168243764792422,0.2762373029977992
NCCCC[C@@H]1NC(=O)CCSCc2cccc(c2)CSC[C@@H](C(N)=O)NC(=O)[C@@H]2CCCN2C(=O)[C@H](Cc2ccc(O)cc2)NC(=O)[C@H](Cc2cnc[nH]2)NC(=O)[C@H](CC(=O)O)NC(=O)[C@@H](Cc2c[nH]c3ccccc23)NC(=O)[C@H](Cc2c[nH]c3ccc(F)cc23)NC(=O)CNC1=O,440.01,30.462313,475.175,2.407176,0.0,0.0,0.0,-2.3061411,0.0,0.0,0.0,1.0,0.0,130.46947,0.0,102.86433,0.867,0.0,0.0,0.615,78.45694,52.959766,-0.34060872,0.0,1.0,0.0,16.166065,0.0,0.0,0.0,0.0,10.005364,1.0,1.114,0.0,0.0,1.0,0.0,1.0,1.0,1.0,-15.526458,1.197,0.0,0.0,0.0,0.0,1.0,1.6477,0.0,1.0,170.6142,2.577441,81.56199,1.0,22.161615,0.0,1.0,1.292,1.0,0.0,0.0,17.0,15.045236,0.0,11.467335,1.0,0.0,14.853995,0.0,1.0,114.396774,1.0,1.0,-9.44099,14.383612,1.0,11.126903,0.0,1.0,1.0,0.0,2.810948,1.0,0.0,1.0,1.0,15.0,1.0,11.0,0.0,0.0,1.0,0.0,1.0,1.0,1.0,1.0,1.0,1.0,1.0,16.958597,0.0,0.0,155.24176,-10.27,0.696,110.37072,26.434422,4.905,5.713,1.0,0.0,0.0,1.0,5.149,1.0,-1.9806755,1.0,0.0,0.0,1.0,10.0,28.0,1.064,1.0,0.0,3.881,0.0,4.168243764792422,0.2762373029977992
C[C@@H]1NC(=O)[C@H](Cc2ccc(O)cc2)NC(=O)[C@H](Cc2cnc[nH]2)NC(=O)[C@H](CC(=O)O)NC(=O)[C@H](Cc2c[nH]c3ccc(F)cc23)NC(=O)[C@H](Cc2c[nH]c3ccc(F)cc23)NC(=O)CNC(=O)[C@H](CCCCN)NC(=O)CCSCc2cccc(c2)CSC[C@@H](C(N)=O)NC1=O,448.8,0.0,486.54,2.3607082,0.0,0.0,0.0,-2.270996,0.0,0.0,0.0,1.0,0.0,124.55157,1.0,109.079155,0.871,1.0,0.0,0.627,72.53903,71.733795,0.87412393,0.0,0.0,0.0,15.341244,0.0,1.0,1.0,0.0,10.005009,1.0,1.119,0.0,0.0,1.0,1.0,0.0,1.0,1.0,-14.924961,1.131,0.0,0.0,0.0,0.0,1.0,1.3005,0.0,0.0,167.07904,2.6615646,64.19149,0.0,21.612246,0.0,0.0,1.247,0.0,1.0,0.0,18.0,14.99016,1.0,11.467335,1.0,0.0,29.736296,0.0,1.0,109.84699,0.0,0.0,-11.142628,1.9073486e-06,1.0,17.19327,1.0,1.0,0.0,0.0,2.7475786,1.0,1.0,0.0,0.0,16.0,0.0,11.0,1.0,1.0,0.0,0.0,1.0,1.0,0.0,1.0,1.0,1.0,1.0,15.945062,1.0,1.0,154.99261,-10.34,0.703,110.37072,25.619362,4.88,5.748,1.0,0.0,0.0,1.0,5.077,0.0,-2.050488,1.0,0.0,0.0,1.0,10.0,28.0,0.979,1.0,0.0,3.997,0.0,4.168243764792422,0.2762373029977992
C[C@@H]1NC(=O)[C@H](Cc2cnc[nH]2)NC(=O)[C@H](CC(=O)O)NC(=O)[C@H](Cc2c[nH]c3ccc(F)cc23)NC(=O)[C@H](Cc2c[nH]c3ccc(F)cc23)NC(=O)CNC(=O)[C@H](CCCCN)NC(=O)CCSCc2cccc(c2)CSC[C@@H](C(N)=O)NC(=O)[C@@H]2CCCN2C1=O,419.78,0.0,474.368,2.3947341,0.0,0.0,0.0,-2.2914767,0.0,0.0,0.0,1.0,0.0,130.97238,0.0,104.22461,0.818,1.0,0.0,0.622,79.81722,66.627266,1.0371224,0.0,0.0,0.0,15.13515,0.0,0.0,1.0,0.0,10.00553,1.0,1.116,0.0,0.0,1.0,0.0,1.0,1.0,0.0,-13.70394,1.169,1.0,0.0,0.0,0.0,1.0,0.8584,0.0,0.0,167.29308,2.6451614,70.74279,1.0,22.88172,0.0,1.0,1.27,1.0,0.0,0.0,16.0,14.915478,0.0,11.467335,0.0,0.0,29.620844,0.0,0.0,103.78062,1.0,1.0,-10.094864,1.9073486e-06,1.0,11.126903,1.0,1.0,0.0,0.0,2.8117537,1.0,0.0,1.0,1.0,14.0,1.0,11.0,0.0,1.0,1.0,0.0,1.0,1.0,1.0,1.0,1.0,1.0,1.0,15.751586,1.0,0.0,142.61072,-9.36,0.72,110.37072,24.877274,4.837,5.612,1.0,0.0,0.0,1.0,5.0162506,1.0,-1.9926434,1.0,0.0,0.0,0.0,10.0,27.0,0.991,1.0,0.0,4.014,0.0,4.168243764792422,0.2762373029977992
NCCCC[C@@H]1NC(=O)CCSCc2cccc(c2)CSC[C@@H](C(N)=O)NC(=O)[C@@H]2CCCN2C(=O)[C@H](Cc2ccc(O)cc2)NC(=O)[C@@H](Cc2cnc[nH]2)NC(=O)[C@H](CC(=O)O)NC(=O)[C@H](Cc2c[nH]c3ccc(F)cc23)NC(=O)[C@H](Cc2c[nH]c3ccc(F)cc23)NC(=O)CNC1=O,440.01,0.0,490.969,2.4074986,0.0,0.0,0.0,-2.3061416,0.0,0.0,0.0,1.0,0.0,130.46947,0.0,114.997055,0.838,0.0,0.0,0.61,78.45694,57.35018,-0.4090588,0.0,1.0,0.0,15.549267,0.0,0.0,0.0,0.0,10.004757,1.0,1.107,0.0,0.0,1.0,0.0,1.0,1.0,0.0,-15.91522,1.131,0.0,0.0,0.0,0.0,1.0,1.7868,0.0,1.0,170.3595,2.6283333,70.61231,1.0,22.07,0.0,1.0,1.269,1.0,0.0,0.0,17.0,15.038098,0.0,11.467335,1.0,0.0,29.801142,0.0,1.0,109.84699,1.0,1.0,-10.619945,14.383612,1.0,17.19327,0.0,1.0,1.0,0.0,2.7877219,1.0,0.0,1.0,1.0,15.0,1.0,11.0,0.0,0.0,1.0,0.0,1.0,1.0,1.0,1.0,1.0,1.0,1.0,17.013147,0.0,1.0,154.99261,-10.34,0.689,110.37072,26.578743,4.915,5.851,1.0,0.0,0.0,1.0,5.152,1.0,-2.043227,1.0,0.0,0.0,1.0,10.0,28.0,0.979,1.0,0.0,4.073,0.0,4.168243764792422,0.2762373029977992
NCCCC[C@@H]1NC(=O)CCSCc2cccc(c2)CSC[C@@H](C(N)=O)NC(=O)[C@@H]2CCCN2C(=O)[C@H](Cc2ccc(O)cc2)NC(=O)[C@H](Cc2cnc[nH]2)NC(=O)[C@H](CC(=O)O)NC(=O)[C@H](Cc2c[nH]c3ccc(F)cc23)NC(=O)[C@@H](Cc2c[nH]c3ccccc23)NC(=O)CNC1=O,440.01,30.462313,475.175,2.4072032,0.0,0.0,0.0,-2.3061414,0.0,0.0,0.0,1.0,0.0,130.46947,0.0,102.86433,0.867,0.0,0.0,0.615,78.45694,52.959766,-0.31431088,0.0,1.0,0.0,16.16118,0.0,0.0,0.0,0.0,10.0051985,1.0,1.114,0.0,0.0,1.0,0.0,1.0,1.0,1.0,-15.526458,1.197,0.0,0.0,0.0,0.0,1.0,1.6477,0.0,1.0,170.59734,2.577441,75.998535,1.0,22.161615,0.0,1.0,1.292,1.0,0.0,0.0,17.0,15.042288,0.0,11.467335,1.0,0.0,14.944183,0.0,1.0,114.396774,1.0,1.0,-9.495076,14.383612,1.0,11.126903,0.0,1.0,1.0,0.0,2.8156774,1.0,0.0,1.0,1.0,15.0,1.0,11.0,0.0,0.0,1.0,0.0,1.0,1.0,1.0,1.0,1.0,1.0,1.0,16.958597,0.0,1.0,155.24176,-10.27,0.696,110.37072,26.434422,4.905,5.713,1.0,0.0,0.0,1.0,5.149,1.0,-2.006094,1.0,0.0,0.0,1.0,10.0,28.0,1.064,1.0,0.0,3.881,0.0,4.168243764792422,0.2762373029977992
NCCCC[C@@H]1NC(=O)CCSCc2cccc(c2)CSC[C@@H](C(N)=O)NC(=O)[C@@H]2CCCN2C(=O)[C@H](Cc2ccc(O)cc2)NC(=O)[C@H](Cc2cnc[nH]2)NC(=O)[C@@H](CC(=O)O)NC(=O)[C@H](Cc2c[nH]c3ccc(F)cc23)NC(=O)[C@H](Cc2c[nH]c3ccc(F)cc23)NC(=O)CNC1=O,440.01,0.0,490.969,2.4074986,0.0,0.0,0.0,-2.3061416,0.0,0.0,0.0,1.0,0.0,130.46947,0.0,114.997055,0.838,0.0,0.0,0.61,78.45694,57.35018,-0.4090588,0.0,1.0,0.0,15.549267,0.0,0.0,0.0,0.0,10.004757,1.0,1.107,0.0,0.0,1.0,0.0,1.0,1.0,0.0,-15.91522,1.131,0.0,0.0,0.0,0.0,1.0,1.7868,0.0,1.0,170.3595,2.6283333,70.61231,1.0,22.07,0.0,1.0,1.269,1.0,0.0,0.0,17.0,15.038098,0.0,11.467335,1.0,0.0,29.801142,0.0,1.0,109.84699,1.0,1.0,-10.619945,14.383612,1.0,17.19327,0.0,1.0,1.0,0.0,2.7877219,1.0,0.0,1.0,1.0,15.0,1.0,11.0,0.0,0.0,1.0,0.0,1.0,1.0,1.0,1.0,1.0,1.0,1.0,17.013147,0.0,1.0,154.99261,-10.34,0.689,110.37072,26.578743,4.915,5.851,1.0,0.0,0.0,1.0,5.152,1.0,-2.043227,1.0,0.0,0.0,1.0,10.0,28.0,0.979,1.0,0.0,4.073,0.0,4.168243764792422,0.2762373029977992
C[C@@]12CCCN1C(=O)[C@H](Cc1ccc(O)cc1)NC(=O)[C@H](Cc1cnc[nH]1)NC(=O)[C@H](CC(=O)O)NC(=O)[C@H](Cc1c[nH]c3ccc(F)cc13)NC(=O)[C@H](Cc1c[nH]c3ccc(F)cc13)NC(=O)CNC(=O)[C@H](CCCCNC(=O)CCOCCOCCOCCOCCN)NC(=O)CCSCc1cccc(c1)CSC[C@@H](C(N)=O)NC2=O,506.03,0.0,558.909,2.4861946,1.0,1.0,1.0,-2.370638,1.0,1.0,1.0,0.0,1.0,143.31111,1.0,115.37604,0.842,1.0,0.0,0.735,91.8015,48.56935,3.9710138,1.0,0.0,1.0,13.441775,1.0,1.0,1.0,1.0,9.949338,1.0,1.101,0.0,1.0,1.0,1.0,0.0,1.0,1.0,-17.725803,1.069,1.0,1.0,0.0,1.0,1.0,1.7496,0.0,0.0,185.97316,2.5840394,91.662445,0.0,21.101694,1.0,0.0,1.235,0.0,1.0,1.0,18.0,15.286993,1.0,11.467335,1.0,1.0,41.630676,0.0,1.0,109.84699,0.0,0.0,-11.4927635,27.958979,1.0,17.19327,1.0,1.0,0.0,0.0,2.7414322,1.0,0.0,0.0,0.0,16.0,0.0,12.0,0.0,0.0,1.0,1.0,0.0,1.0,0.0,1.0,0.0,0.0,0.0,19.706184,0.0,1.0,154.99261,-11.03,0.728,116.2779,30.195238,5.048,6.386,0.0,1.0,1.0,0.0,5.251,1.0,-2.0762053,1.0,0.0,1.0,1.0,10.75,34.0,0.996,0.0,1.0,4.428,0.0,7.97061622231479,1.1077944442343703
COc1ccc(C[C@@H]2NC(=O)[C@H]([C@@H](C)O)NC(=O)[C@@H]3CCCC(=O)NCc4cccc(c4)C[C@H](NC(=O)[C@@H](C)NC(=O)[C@H](C)NC(=O)CCSCc4cccc(c4)CSCCNC(=O)[C@]4(C)CCCN4C2=O)C(=O)N[C@@H](Cc2c[nH]c4ccc(F)cc24)C(=O)N3)cc1,327.46,78.97845,487.033,2.476932,1.0,1.0,1.0,-2.3654227,1.0,1.0,1.0,0.0,1.0,157.46858,1.0,117.09078,0.785,1.0,1.0,0.699,99.600586,47.85324,6.327129,1.0,0.0,1.0,3.4294796,1.0,1.0,1.0,1.0,9.9536295,0.0,0.934,1.0,1.0,0.0,1.0,0.0,0.0,1.0,-17.106281,1.093,1.0,1.0,1.0,1.0,0.0,3.0254,1.0,0.0,147.58636,2.4936595,81.304054,0.0,25.163044,0.0,0.0,1.177,0.0,1.0,1.0,11.0,15.041291,1.0,0.0,0.0,1.0,20.24337,1.0,0.0,103.78062,1.0,0.0,-4.8589873,9.589074,1.0,11.126903,1.0,1.0,1.0,1.0,3.1571643,1.0,1.0,0.0,1.0,11.0,1.0,10.0,1.0,1.0,0.0,0.0,0.0,0.0,1.0,0.0,0.0,0.0,0.0,16.599411,1.0,0.0,142.61072,-8.49,0.61125016,93.49849,25.952864,4.901,5.659,0.0,0.0,1.0,0.0,5.137,0.0,-1.7897961,0.0,1.0,0.0,0.0,10.0,23.0,0.998,0.0,0.0,3.42,1.5015295,7.354577730650908,1.1077944442343703
COc1ccc(C[C@@H]2NC(=O)[C@H](Cc3cnc[nH]3)NC(=O)[C@H](CC(=O)O)NC(=O)[C@H](Cc3c[nH]c4ccc(F)cc34)NC(=O)[C@H](Cc3c[nH]c4ccc(F)cc34)NC(=O)[C@@H](C)NC(=O)[C@H](CCCCN)NC(=O)CCSCc3cccc(c3)CSCCNC(=O)[C@]3(C)CCCN3C2=O)cc1,385.92,42.95109,502.663,2.4767656,1.0,1.0,1.0,-2.364233,1.0,1.0,1.0,0.0,1.0,143.81403,1.0,128.84453,0.792,1.0,1.0,0.713,92.30441,42.65458,3.7664983,1.0,0.0,1.0,8.890606,1.0,1.0,1.0,1.0,9.953702,0.0,0.961,1.0,1.0,0.0,1.0,0.0,0.0,1.0,-19.24733,1.106,1.0,1.0,1.0,1.0,0.0,4.0145,1.0,0.0,159.01288,2.5358334,94.22942,0.0,22.84,1.0,0.0,1.176,0.0,1.0,1.0,14.0,15.181997,1.0,5.7336674,0.0,1.0,35.280975,0.0,1.0,109.84699,0.0,0.0,-7.561984,19.178148,0.0,11.126903,1.0,0.0,0.0,1.0,3.123773,0.0,1.0,0.0,0.0,13.0,0.0,10.0,1.0,1.0,0.0,1.0,1.0,1.0,0.0,0.0,1.0,0.0,1.0,17.691214,1.0,0.0,154.99261,-9.81,0.675,104.46354,27.296272,4.945,5.894,1.0,0.0,1.0,1.0,5.164,1.0,-2.002603,1.0,0.0,0.0,0.0,9.0,26.0,0.942,1.0,0.0,3.579,1.4900863,8.4089353929735,1.1077944442343703
COc1ccc(C[C@@H]2NC(=O)[C@H]([C@@H](C)O)NC(=O)[C@@H]3CCCCC(=O)NCc4cccc(c4)C[C@H](NC(=O)[C@@H](C)NC(=O)[C@H](C)NC(=O)CCSCc4cccc(c4)CSCCNC(=O)[C@]4(C)CCCN4C2=O)C(=O)N[C@@H](Cc2c[nH]c4ccc(F)cc24)C(=O)N3)cc1,327.46,85.175285,488.193,2.476944,1.0,1.0,1.0,-2.3654308,1.0,1.0,1.0,0.0,1.0,163.8894,1.0,117.09078,0.78,1.0,1.0,0.705,106.02141,47.85324,6.399897,1.0,0.0,1.0,3.4845765,1.0,1.0,1.0,1.0,9.953607,0.0,0.937,1.0,1.0,0.0,1.0,0.0,0.0,1.0,-17.83189,1.114,1.0,1.0,1.0,1.0,0.0,3.4155,1.0,0.0,147.6985,2.482975,81.304054,0.0,25.150537,0.0,0.0,1.18,0.0,1.0,1.0,11.0,15.086718,1.0,0.0,0.0,1.0,20.274061,1.0,0.0,103.78062,1.0,0.0,-4.674245,9.589074,1.0,11.126903,1.0,1.0,1.0,1.0,3.160087,1.0,1.0,0.0,1.0,11.0,1.0,10.0,1.0,1.0,0.0,0.0,0.0,0.0,1.0,0.0,0.0,1.0,0.0,16.849411,1.0,0.0,142.61072,-8.49,0.61125016,93.49849,26.306416,4.908,5.635,0.0,0.0,1.0,0.0,5.143,0.0,-1.7897961,0.0,1.0,0.0,0.0,10.0,23.0,1.011,0.0,0.0,3.406,1.5042694,8.397940008672037,1.1077944442343703
COc1ccc(C[C@@H]2NC(=O)[C@H]([C@@H](C)OC)NC(=O)[C@@H]3CCC(=O)NCc4cccc(c4)C[C@H](NC(=O)[C@@H](C)NC(=O)[C@H](C)NC(=O)CCSCc4cccc(c4)CSCCNC(=O)[C@]4(C)CCCN4C2=O)C(=O)N[C@@H](Cc2c[nH]c4ccc(F)cc24)C(=O)N3C)cc1,307.67,85.175285,484.321,2.4791079,1.0,1.0,1.0,-2.3683524,1.0,1.0,1.0,0.0,1.0,151.04776,1.0,110.66996,0.784,1.0,1.0,0.677,93.17976,28.3631,6.634971,0.0,0.0,1.0,3.5166137,1.0,1.0,1.0,1.0,9.95351,0.0,0.918,1.0,1.0,0.0,1.0,0.0,0.0,1.0,-18.106041,1.105,1.0,1.0,1.0,1.0,0.0,3.6316,1.0,0.0,150.5475,2.4614697,81.304054,0.0,25.010754,0.0,0.0,1.182,0.0,0.0,1.0,9.0,15.428214,1.0,0.0,0.0,1.0,26.054941,1.0,0.0,103.78062,0.0,1.0,-4.4838705,23.972687,0.0,16.026814,1.0,1.0,0.0,1.0,3.1743395,1.0,1.0,1.0,1.0,9.0,0.0,10.0,1.0,1.0,1.0,0.0,0.0,0.0,1.0,0.0,0.0,1.0,0.0,17.17282,1.0,0.0,142.61072,-8.49,0.61125016,93.49849,26.203293,4.935,5.821,0.0,0.0,1.0,0.0,5.197,0.0,-1.7897961,0.0,1.0,1.0,0.0,10.0,23.0,1.041,0.0,1.0,3.46,4.139298,7.97469413473523,1.1077944442343703
COc1ccc(C[C@@H]2NC(=O)[C@H](Cc3cnc[nH]3)NC(=O)[C@H](CC(=O)O)NC(=O)[C@H](Cc3c[nH]c4ccc(F)cc34)NC(=O)[C@H](Cc3c[nH]c4ccc(F)cc34)NC(=O)[C@@H](C)NC(=O)[C@H](CNC(=O)COCCOCCN)NC(=O)CCSCc3cccc(c3)CSCCNC(=O)[C@]3(C)CCCN3C2=O)cc1,433.48,42.95109,526.644,2.4772768,1.0,1.0,1.0,-2.364233,1.0,1.0,1.0,0.0,1.0,124.55157,1.0,103.037315,0.816,1.0,1.0,0.722,73.04195,43.058704,3.1315172,1.0,0.0,1.0,8.266508,1.0,1.0,1.0,1.0,9.953702,0.0,0.96,1.0,1.0,0.0,1.0,0.0,0.0,1.0,-16.998123,1.053,1.0,1.0,1.0,1.0,0.0,1.9936,1.0,0.0,172.8727,2.567757,57.47253,0.0,22.056074,1.0,0.0,1.147,0.0,1.0,1.0,15.0,15.248632,1.0,5.7336674,0.0,1.0,41.630676,1.0,1.0,109.84699,0.0,0.0,-9.234226,23.568563,0.0,17.19327,1.0,0.0,0.0,1.0,3.0204656,0.0,1.0,0.0,0.0,14.0,0.0,11.0,1.0,1.0,0.0,1.0,0.0,1.0,0.0,1.0,0.0,0.0,0.0,18.115,1.0,0.0,154.99261,-10.42,0.697,110.37072,28.269526,4.984,6.186,0.0,1.0,1.0,0.0,5.195,0.0,-2.0368438,1.0,1.0,1.0,1.0,10.0,30.0,0.95,0.0,1.0,3.799,1.4825603,8.086186147616283,1.1077944442343703
COc1ccc(C[C@@H]2NC(=O)[C@H](Cc3cnc[nH]3)NC(=O)[C@H](CC(=O)O)NC(=O)[C@H](Cc3c[nH]c4ccc(F)cc34)NC(=O)[C@H](Cc3c[nH]c4ccc(F)cc34)NC(=O)[C@@H](C)NC(=O)[C@H](CCCCN(C)C)NC(=O)CCSCc3cccc(c3)CSCCNC(=O)[C@]3(C)CCCN3C2=O)cc1,363.14,42.95109,504.862,2.476907,1.0,1.0,1.0,-2.364233,1.0,1.0,1.0,0.0,1.0,143.81403,1.0,142.93988,0.784,1.0,1.0,0.718,92.30441,38.264164,4.1840806,1.0,0.0,1.0,3.1279151,1.0,1.0,1.0,1.0,9.953702,0.0,0.965,1.0,1.0,0.0,1.0,0.0,0.0,1.0,-20.382631,1.109,1.0,1.0,1.0,1.0,0.0,4.6174,1.0,0.0,161.60757,2.505719,94.22942,0.0,22.686274,1.0,0.0,1.18,0.0,1.0,1.0,12.0,15.212401,1.0,0.0,0.0,1.0,35.35506,1.0,1.0,109.84699,0.0,0.0,-7.426888,23.568563,0.0,11.126903,1.0,0.0,0.0,1.0,3.1438787,0.0,1.0,0.0,0.0,12.0,0.0,10.0,1.0,1.0,0.0,1.0,0.0,1.0,0.0,0.0,0.0,0.0,0.0,18.092417,1.0,0.0,154.99261,-9.81,0.678,104.46354,28.310873,4.959,5.874,1.0,0.0,1.0,1.0,5.182,1.0,-2.0001237,0.0,1.0,1.0,0.0,9.0,26.0,0.959,1.0,0.0,3.552,5.3172936,8.3767507096021,1.1077944442343703
C[C@H]1NC(=O)[C@H](CCCCN)NC(=O)CCSCc2cc(F)cc(c2)CSC[C@@H](C(N)=O)NC(=O)[C@]2(C)CCCN2C(=O)[C@H](Cc2ccc(O)cc2)NC(=O)[C@H]([C@@H](C)O)NC(=O)[C@@H]2CCCN2C(=O)[C@H](Cc2c[nH]c3ccc(F)cc23)NC(=O)[C@H](Cc2c[nH]c3ccc(F)cc23)NC1=O,385.47,6.066367,514.09,2.4897127,1.0,1.0,1.0,-2.3720326,1.0,1.0,1.0,0.0,1.0,162.88358,1.0,160.74265,0.721,1.0,1.0,0.69,99.95504,52.555645,4.318882,1.0,0.0,1.0,13.267443,1.0,1.0,1.0,0.0,9.949341,1.0,1.047,0.0,0.0,0.0,1.0,1.0,1.0,1.0,-18.034698,1.088,1.0,1.0,0.0,1.0,0.0,3.151,1.0,1.0,153.36394,2.6136363,68.885574,1.0,24.747475,1.0,1.0,1.298,1.0,1.0,0.0,15.0,15.407052,0.0,11.467335,0.0,1.0,41.630676,1.0,0.0,103.78062,1.0,1.0,-9.459189,18.774027,0.0,0.0,1.0,1.0,1.0,1.0,2.5084972,0.0,1.0,1.0,1.0,13.0,1.0,10.0,1.0,1.0,1.0,0.0,1.0,0.0,1.0,1.0,1.0,1.0,1.0,18.154968,1.0,1.0,142.61072,-9.13,0.677,104.40142,27.737904,4.968,6.114,1.0,0.0,1.0,1.0,5.194,1.0,-1.7932026,1.0,0.0,0.0,1.0,10.0,25.0,0.923,1.0,1.0,4.379,0.0,7.958607314841775,1.1077944442343703
COc1ccc(C[C@@H]2NC(=O)[C@H](Cc3cnc[nH]3)NC(=O)[C@H](CC(=O)O)NC(=O)[C@H](Cc3c[nH]c4ccc(F)cc34)NC(=O)[C@H](Cc3c[nH]c4ccc(F)cc34)NC(=O)[C@@H](C)NC(=O)[C@H](CCCCC(=O)O)NC(=O)CCSCc3cccc(c3)CSCCNC(=O)[C@]3(C)CCCN3C2=O)cc1,397.2,42.95109,516.857,2.476933,1.0,1.0,1.0,-2.364233,1.0,1.0,1.0,0.0,1.0,150.23485,1.0,115.87895,0.815,1.0,1.0,0.717,98.725235,52.555645,3.3604543,1.0,0.0,1.0,2.8907824,1.0,1.0,1.0,1.0,9.953702,0.0,0.962,1.0,1.0,0.0,1.0,0.0,1.0,1.0,-20.261683,1.071,1.0,1.0,1.0,1.0,0.0,4.5305,1.0,0.0,170.57553,2.5906863,68.4222,0.0,22.578432,1.0,0.0,1.148,0.0,1.0,1.0,13.0,15.18721,1.0,0.0,0.0,1.0,35.304325,1.0,1.0,109.84699,0.0,0.0,-9.197489,19.178148,0.0,11.126903,1.0,0.0,0.0,1.0,3.0575092,0.0,1.0,0.0,0.0,13.0,0.0,11.0,1.0,1.0,0.0,1.0,0.0,0.0,0.0,1.0,0.0,0.0,0.0,17.877731,1.0,0.0,154.99261,-10.3,0.671,110.432846,27.651337,4.957,6.008,0.0,0.0,1.0,0.0,5.177,0.0,-2.0240257,0.0,0.0,0.0,0.0,9.0,27.0,0.964,0.0,0.0,3.698,1.4837253,7.066512712151295,1.1077944442343703
CO[C@H](C)[C@@H]1NC(=O)[C@@H]2CCCN2C(=O)[C@H](Cc2c[nH]c3ccc(F)cc23)NC(=O)[C@H](Cc2c[nH]c3ccc(F)cc23)NC(=O)CNC(=O)[C@H](CCCCN)NC(=O)CCSCc2cccc(c2)CSC[C@@H](C(N)=O)NC(=O)[C@]2(C)CCCN2C(=O)[C@H](Cc2ccc(O)cc2)NC1=O,374.47,31.45016,491.171,2.4896793,1.0,1.0,1.0,-2.3729272,1.0,0.0,1.0,0.0,1.0,149.918,1.0,141.68617,0.767,1.0,1.0,0.694,93.0313,47.44912,2.788481,0.0,0.0,1.0,14.300246,1.0,1.0,1.0,0.0,9.949301,0.0,1.054,0.0,0.0,0.0,1.0,1.0,1.0,1.0,-17.994362,1.131,1.0,1.0,0.0,1.0,1.0,3.2775,1.0,1.0,153.4973,2.5382652,81.56199,1.0,24.102041,1.0,1.0,1.31,1.0,0.0,1.0,14.0,15.437169,1.0,11.467335,0.0,1.0,35.52275,1.0,0.0,103.78062,1.0,1.0,-7.2927566,14.383612,1.0,11.126903,1.0,1.0,1.0,0.0,2.8418288,1.0,0.0,1.0,1.0,12.0,1.0,10.0,0.0,0.0,1.0,0.0,1.0,0.0,1.0,1.0,1.0,1.0,1.0,18.177658,0.0,0.0,142.61072,-9.06,0.681,104.40142,27.3368,4.956,5.881,1.0,0.0,0.0,1.0,5.18,1.0,-1.7897961,1.0,1.0,0.0,0.0,10.0,25.0,0.982,1.0,1.0,4.095,1.3076277,7.995678626217357,1.1077944442343703
COc1ccc(C[C@@H]2NC(=O)[C@H]([C@@H](C)O)NC(=O)[C@@H]3CCCCC(=O)NCc4ccc(cc4)C[C@H](NC(=O)[C@@H](C)NC(=O)[C@H](C)NC(=O)CCSCc4cccc(c4)CSCCNC(=O)[C@]4(C)CCCN4C2=O)C(=O)N[C@@H](Cc2c[nH]c4ccc(F)cc24)C(=O)N3)cc1,327.46,85.175285,487.306,2.4769206,1.0,1.0,1.0,-2.3654284,1.0,1.0,1.0,0.0,1.0,163.8894,1.0,117.09078,0.789,1.0,1.0,0.711,106.02141,47.85324,6.453938,1.0,0.0,1.0,3.5542338,1.0,1.0,1.0,1.0,9.953615,0.0,0.937,1.0,1.0,0.0,1.0,0.0,0.0,1.0,-17.83189,1.101,1.0,1.0,1.0,1.0,0.0,3.4155,1.0,0.0,147.51602,2.482975,81.304054,0.0,25.150537,0.0,0.0,1.188,0.0,1.0,1.0,11.0,15.08614,0.0,0.0,0.0,1.0,20.270609,1.0,0.0,103.78062,1.0,0.0,-4.631924,9.589074,1.0,11.126903,1.0,1.0,1.0,1.0,3.1610446,1.0,1.0,0.0,1.0,11.0,1.0,10.0,1.0,1.0,0.0,0.0,0.0,0.0,0.0,0.0,0.0,0.0,0.0,16.88099,1.0,0.0,142.61072,-8.49,0.61125016,93.49849,26.302961,4.908,5.617,0.0,0.0,1.0,0.0,5.129,0.0,-1.7897961,0.0,1.0,0.0,0.0,10.0,23.0,1.017,0.0,0.0,3.395,1.5042694,6.757458571701616,1.1077944442343703
C[C@H]1NC(=O)[C@H](CCCCN)NC(=O)CCSCc2cccc(c2)CSC[C@@H](C(N)=O)NC(=O)[C@]2(C)CCCN2C(=O)[C@H](Cc2ccc(O)cc2)NC(=O)[C@H]([C@@H](C)O)NC(=O)[C@@H]2C[C@H](F)CN2C(=O)[C@H](Cc2c[nH]c3ccc(F)cc23)NC(=O)[C@H](Cc2c[nH]c3ccc(F)cc23)NC1=O,385.47,0.0,512.952,2.4939358,1.0,1.0,1.0,-2.3719714,1.0,1.0,1.0,0.0,1.0,162.63443,1.0,135.76826,0.782,1.0,1.0,0.692,93.53422,52.555645,3.603568,1.0,0.0,1.0,13.788912,1.0,1.0,1.0,0.0,9.949336,1.0,1.04,0.0,0.0,0.0,1.0,0.0,1.0,1.0,-17.748049,1.129,1.0,1.0,0.0,1.0,0.0,2.9599,1.0,1.0,152.90266,2.61532,70.61231,1.0,25.49495,1.0,1.0,1.284,1.0,1.0,0.0,15.0,15.986192,0.0,11.467335,0.0,1.0,41.630676,1.0,0.0,103.78062,1.0,1.0,-8.835772,18.774027,0.0,22.95055,1.0,1.0,1.0,1.0,2.7910118,0.0,1.0,1.0,0.0,13.0,1.0,10.0,1.0,1.0,1.0,0.0,1.0,0.0,0.0,1.0,1.0,1.0,1.0,18.126244,1.0,1.0,142.61072,-9.13,0.687,104.40142,27.739851,4.967,6.139,1.0,0.0,1.0,1.0,5.198,1.0,-1.9028614,1.0,0.0,1.0,1.0,10.0,25.0,0.979,1.0,1.0,4.326,0.0,8.67778070526608,1.1077944442343703
COc1ccc(C[C@@H]2NC(=O)[C@H](Cc3cnc[nH]3)NC(=O)[C@H](CC(=O)O)NC(=O)[C@H](Cc3c[nH]c4ccc(F)cc34)NC(=O)[C@H](Cc3c[nH]c4ccc(F)cc34)NC(=O)[C@@H](C)NC(=O)[C@H](CCCC[N+](C)(C)C)NC(=O)CCSCc3cccc(c3)CSCCNC(=O)[C@]3(C)CCCN3C2=O)cc1,359.9,54.712975,506.6,2.4771032,1.0,1.0,1.0,-2.364233,1.0,1.0,1.0,0.0,1.0,143.81403,1.0,122.299774,0.767,1.0,1.0,0.72,92.30441,38.264164,4.259673,1.0,0.0,1.0,3.1334796,1.0,1.0,1.0,1.0,9.953702,0.0,0.967,1.0,1.0,0.0,1.0,0.0,0.0,1.0,-20.750082,1.111,1.0,1.0,1.0,1.0,0.0,4.762,1.0,0.0,159.89012,2.4959548,92.1677,0.0,22.69903,1.0,0.0,1.182,0.0,1.0,1.0,12.0,15.237174,1.0,0.0,0.0,1.0,36.04705,1.0,1.0,109.84699,0.0,0.0,-7.408481,23.568563,0.0,17.67166,1.0,0.0,0.0,1.0,3.1480694,0.0,1.0,0.0,0.0,12.0,0.0,10.0,1.0,1.0,0.0,1.0,0.0,0.0,0.0,0.0,0.0,1.0,0.0,18.316025,1.0,1.0,154.99261,-9.81,0.68,104.46354,29.521528,4.966,5.865,0.0,1.0,1.0,0.0,5.191,0.0,-2.0004272,0.0,1.0,1.0,1.0,9.0,26.0,0.968,0.0,0.0,3.539,5.408023,8.022276394711152,1.1077944442343703
C[C@H]1NC(=O)[C@H](CCCCN)NC(=O)CCSCc2cc(F)cc(c2)CSCCNC(=O)[C@]2(C)CCCN2C(=O)[C@H](Cc2ccc(O)cc2)NC(=O)[C@H](Cc2cnc[nH]2)NC(=O)[C@H](CC(=O)O)NC(=O)[C@H](Cc2c[nH]c3ccc(F)cc23)NC(=O)[C@H](Cc2c[nH]c3ccc(F)cc23)NC1=O,396.92,6.923737,520.232,2.4768069,1.0,1.0,1.0,-2.3641884,1.0,1.0,1.0,0.0,1.0,143.81403,1.0,140.97726,0.77,1.0,1.0,0.712,92.30441,52.555645,3.483612,1.0,0.0,1.0,7.8489895,1.0,1.0,1.0,1.0,9.953733,0.0,0.963,1.0,1.0,0.0,0.0,0.0,0.0,1.0,-19.09111,1.064,1.0,1.0,1.0,1.0,0.0,3.8506,0.0,0.0,158.47833,2.6175,75.19446,0.0,22.88,1.0,0.0,1.179,0.0,1.0,0.0,15.0,15.136586,1.0,5.7336674,1.0,1.0,41.630676,1.0,0.0,103.780624,0.0,0.0,-9.872848,18.774027,0.0,0.0,1.0,0.0,0.0,1.0,2.7920625,0.0,1.0,0.0,0.0,14.0,0.0,10.0,1.0,1.0,0.0,1.0,1.0,1.0,0.0,0.0,1.0,0.0,1.0,17.494465,1.0,1.0,154.74347,-9.88,0.669,104.46354,27.26242,4.94,6.105,1.0,1.0,0.0,1.0,5.162,0.0,-2.029738,1.0,0.0,0.0,1.0,9.0,26.0,0.902,1.0,1.0,3.848,0.0,8.823908740944319,1.1077944442343703
COc1ccc(C[C@@H]2NC(=O)[C@H](Cc3cnc[nH]3)NC(=O)[C@H](CC(=O)O)NC(=O)[C@H](Cc3c[nH]c4ccc(F)cc34)NC(=O)[C@H](Cc3c[nH]c4ccc(F)cc34)NC(=O)[C@@H](C)NC(=O)[C@H](CCCCCC(=O)O)NC(=O)CCSCc3cccc(c3)CSCCNC(=O)[C@]3(C)CCCN3C2=O)cc1,397.2,42.95109,518.309,2.476984,1.0,1.0,1.0,-2.364233,1.0,1.0,1.0,0.0,1.0,156.65567,1.0,115.87895,0.81,1.0,1.0,0.719,105.14606,48.16523,3.3824737,1.0,0.0,1.0,2.923822,1.0,1.0,1.0,1.0,9.953702,0.0,0.964,1.0,1.0,0.0,1.0,0.0,1.0,1.0,-20.937302,1.074,1.0,1.0,1.0,1.0,0.0,4.9206,1.0,0.0,170.72293,2.5800972,87.68467,0.0,22.475729,1.0,0.0,1.15,1.0,1.0,1.0,13.0,15.198117,1.0,0.0,0.0,1.0,35.336987,1.0,1.0,109.84699,1.0,0.0,-9.001735,23.568563,0.0,11.126903,1.0,0.0,0.0,1.0,3.0736756,0.0,1.0,0.0,0.0,13.0,0.0,11.0,1.0,1.0,0.0,1.0,0.0,0.0,0.0,1.0,0.0,0.0,0.0,18.127731,1.0,0.0,154.99261,-10.3,0.678,110.432846,28.004889,4.964,5.998,0.0,0.0,1.0,0.0,5.182,0.0,-2.0216439,0.0,0.0,1.0,0.0,9.0,27.0,0.98,0.0,0.0,3.685,1.4847488,7.09312646527793,1.1077944442343703
COc1ccc(C[C@@H]2NC(=O)[C@H]([C@@H](C)O)NC(=O)[C@@H]3CC(=O)NCc4cccc(c4)C[C@H](NC(=O)[C@@H](C)NC(=O)[C@H](C)NC(=O)CCSCc4cccc(c4)CSCCNC(=O)[C@]4(C)CCCN4C2=O)C(=O)N[C@@H](Cc2c[nH]c4ccc(F)cc24)C(=O)N3)cc1,327.46,78.97845,479.604,2.4772248,1.0,1.0,1.0,-2.3653638,1.0,1.0,1.0,0.0,1.0,144.62694,1.0,104.24914,0.794,1.0,1.0,0.691,86.75894,52.647778,6.1006026,1.0,0.0,1.0,3.2331188,1.0,1.0,1.0,1.0,9.953684,0.0,0.929,1.0,1.0,0.0,1.0,0.0,0.0,1.0,-15.65505,1.133,1.0,1.0,1.0,1.0,0.0,2.2452,1.0,0.0,147.49277,2.5157406,74.7593,0.0,25.188889,0.0,0.0,1.158,0.0,1.0,1.0,11.0,15.011119,0.0,0.0,0.0,1.0,20.173681,1.0,0.0,103.78062,0.0,0.0,-5.538335,4.794537,0.0,11.126903,1.0,1.0,0.0,1.0,3.1501865,1.0,1.0,0.0,1.0,11.0,0.0,10.0,1.0,1.0,0.0,0.0,0.0,0.0,1.0,0.0,0.0,0.0,0.0,16.092293,1.0,0.0,142.61072,-8.49,0.61125016,93.49849,25.26476,4.886,5.734,0.0,0.0,1.0,0.0,5.13,0.0,-1.8273041,0.0,1.0,0.0,0.0,10.0,23.0,1.04,0.0,0.0,3.46,1.4948517,6.54515513999149,1.1077944442343703
COc1ccc(C[C@@H]2NC(=O)[C@H]([C@@H](C)O)NC(=O)[C@@H]3CCC(=O)NCc4cccc(c4)C[C@H](NC(=O)[C@@H](C)NC(=O)[C@H](C)NC(=O)CCSCc4cccc(c4)CSCCNC(=O)[C@]4(C)CCCN4C2=O)C(=O)N[C@@H](Cc2c[nH]c4ccc(F)cc24)C(=O)N3)cc1,327.46,78.97845,486.445,2.476982,1.0,1.0,1.0,-2.3654141,1.0,1.0,1.0,0.0,1.0,151.04776,1.0,110.66996,0.79,1.0,1.0,0.689,93.17976,52.647778,6.2330317,1.0,0.0,1.0,3.3593247,1.0,1.0,1.0,1.0,9.953639,0.0,0.932,1.0,1.0,0.0,1.0,0.0,0.0,1.0,-16.380669,1.11,1.0,1.0,1.0,1.0,0.0,2.6353,1.0,0.0,147.48256,2.5045788,74.7593,0.0,25.175825,0.0,0.0,1.175,0.0,1.0,1.0,11.0,15.025061,0.0,0.0,0.0,1.0,20.208544,1.0,0.0,103.78062,0.0,0.0,-5.1200986,4.794537,1.0,11.126903,1.0,1.0,0.0,1.0,3.153861,1.0,1.0,0.0,1.0,11.0,0.0,10.0,1.0,1.0,0.0,0.0,0.0,0.0,1.0,0.0,0.0,0.0,0.0,16.362848,1.0,0.0,142.61072,-8.49,0.61125016,93.49849,25.59931,4.893,5.712,0.0,0.0,1.0,0.0,5.131,0.0,-1.791145,0.0,1.0,1.0,0.0,10.0,23.0,1.026,0.0,0.0,3.435,1.4983966,8.823908740944319,1.1077944442343703
C[C@@]12CCCN1C(=O)[C@H](Cc1ccc(O)cc1)NC(=O)[C@H](Cc1cnc[nH]1)NC(=O)[C@H](CC(=O)O)NC(=O)[C@H](Cc1c[nH]c3ccc(F)cc13)NC(=O)[C@H](Cc1c[nH]c3ccc(F)cc13)NC(=O)[C@@H](C1CCCC1)NC(=O)[C@H](CCCCN)NC(=O)CCSCc1cccc(c1)CSCCNC2=O,396.92,30.818356,501.743,2.4787014,1.0,1.0,1.0,-2.36419,1.0,1.0,1.0,0.0,1.0,162.57358,1.0,140.68034,0.773,1.0,0.0,0.696,111.06396,34.18574,2.3695357,1.0,0.0,1.0,8.887896,1.0,1.0,1.0,1.0,9.949333,0.0,0.964,1.0,1.0,0.0,1.0,0.0,0.0,1.0,-20.949541,1.093,1.0,1.0,1.0,1.0,0.0,4.8818,0.0,0.0,161.17258,2.5186083,107.74238,0.0,23.514563,1.0,1.0,1.205,1.0,1.0,0.0,15.0,15.45961,1.0,11.651573,1.0,1.0,30.157917,0.0,0.0,109.84699,1.0,0.0,-8.457079,32.753517,0.0,11.126903,1.0,0.0,1.0,0.0,3.131763,0.0,0.0,0.0,0.0,14.0,1.0,10.0,0.0,0.0,1.0,1.0,1.0,1.0,0.0,0.0,1.0,1.0,1.0,19.167917,0.0,1.0,154.99261,-9.81,0.654,104.46354,28.915165,4.97,5.992,1.0,1.0,0.0,1.0,5.243,1.0,-2.0127723,1.0,0.0,0.0,1.0,9.0,26.0,0.945,1.0,0.0,3.601,0.0,7.636388020107855,1.1077944442343703
CC(C)(C)[C@H]1NC(=O)[C@H](CCCCN)NC(=O)CCSCc2cccc(c2)CSCCNC(=O)[C@]2(C)CCCN2C(=O)[C@H](Cc2ccc(O)cc2)NC(=O)[C@H](Cc2cnc[nH]2)NC(=O)[C@H](CC(=O)O)NC(=O)[C@H](Cc2c[nH]c3ccc(F)cc23)NC(=O)[C@H](Cc2c[nH]c3ccc(F)cc23)NC1=O,396.92,51.58957,511.66,2.4787035,1.0,1.0,1.0,-2.364198,1.0,1.0,1.0,0.0,1.0,157.6615,1.0,127.335785,0.776,1.0,1.0,0.691,106.151886,34.18574,7.3584223,1.0,0.0,1.0,7.67927,1.0,1.0,1.0,1.0,9.850992,0.0,0.957,1.0,1.0,0.0,1.0,0.0,0.0,1.0,-20.663082,1.11,1.0,1.0,1.0,1.0,0.0,4.7377,1.0,0.0,160.59752,2.5424836,82.05909,0.0,22.833334,1.0,1.0,1.211,0.0,1.0,0.0,15.0,15.388008,1.0,11.148658,1.0,1.0,30.088272,0.0,0.0,109.84699,0.0,0.0,-8.313866,32.753517,0.0,11.126903,1.0,0.0,0.0,1.0,3.1125557,0.0,0.0,0.0,0.0,14.0,0.0,10.0,0.0,0.0,0.0,1.0,1.0,1.0,0.0,0.0,1.0,0.0,1.0,18.131262,0.0,0.0,154.99261,-9.81,0.654,104.46354,29.191996,4.968,5.961,1.0,1.0,1.0,1.0,5.226,1.0,-2.0216851,1.0,0.0,1.0,1.0,9.0,26.0,0.945,1.0,0.0,3.632,0.0,8.3767507096021,1.1077944442343703
COc1ccc(C[C@@H]2NC(=O)[C@H]([C@@H](C)O)NC(=O)[C@@H]3CCCN3C(=O)[C@@H]3Cc4cn(c5ccc(F)cc45)Cc4cn(nn4)-c4cc(cc(c4)CSCCC(=O)N[C@@H](C)C(=O)N[C@H](C)C(=O)N[C@@H](Cc4c[nH]c5ccc(F)cc45)C(=O)N3)CSCCNC(=O)[C@]3(C)CCCN3C2=O)cc1,325.21,76.85689,474.658,2.4818575,1.0,1.0,1.0,-2.3660042,1.0,1.0,1.0,0.0,1.0,151.04776,1.0,141.85916,0.716,1.0,1.0,0.9899999,93.31024,38.264164,6.2997174,1.0,0.0,1.0,4.037155,1.0,1.0,1.0,1.0,9.953709,0.0,0.894,1.0,1.0,0.0,1.0,1.0,0.0,1.0,-19.00628,1.072,1.0,1.0,1.0,1.0,0.0,3.7677,1.0,0.0,137.6523,2.4736395,91.48009,1.0,24.571428,1.0,0.0,1.126,1.0,0.0,1.0,9.0,15.766389,1.0,0.0,0.0,1.0,39.469036,1.0,1.0,103.78062,1.0,1.0,-5.297263,18.774027,0.0,11.126903,1.0,0.0,1.0,1.0,3.0552764,0.0,1.0,1.0,1.0,9.0,1.0,9.0,1.0,1.0,1.0,0.0,0.0,0.0,1.0,0.0,0.0,0.0,0.0,18.502392,1.0,0.0,142.61072,-9.35,0.707,98.49424,27.878355,5.01,6.402,0.0,0.0,1.0,0.0,5.27,0.0,-1.7897961,0.0,1.0,0.0,0.0,9.0,25.0,1.019,0.0,1.0,3.727,1.5078478,8.866461091629782,1.1077944442343703
COCCOCCOCCOCCC(=O)NCCCC[C@@H]1NC(=O)CCSCc2cccc(c2)CSC[C@@H](C(N)=O)NC(=O)[C@]2(C)CCCN2C(=O)[C@H](Cc2ccc(O)cc2)NC(=O)[C@H](Cc2cnc[nH]2)NC(=O)[C@H](CC(=O)O)NC(=O)[C@H](Cc2c[nH]c3ccc(F)cc23)NC(=O)[C@H](Cc2c[nH]c3ccc(F)cc23)NC(=O)CNC1=O,480.01,7.1097975,559.185,2.4860773,1.0,1.0,1.0,-2.370638,1.0,1.0,1.0,0.0,1.0,143.31111,1.0,115.37604,0.846,1.0,1.0,0.729,91.8015,48.56935,3.2727523,1.0,0.0,1.0,8.045129,1.0,1.0,1.0,1.0,9.949338,1.0,1.096,1.0,1.0,1.0,1.0,0.0,1.0,1.0,-18.541727,1.063,1.0,1.0,0.0,1.0,1.0,2.4207,0.0,0.0,185.83546,2.5854886,91.53851,0.0,21.258621,1.0,0.0,1.234,0.0,1.0,1.0,16.0,15.281442,1.0,5.7336674,1.0,1.0,41.630676,0.0,1.0,109.84699,0.0,0.0,-11.456192,27.958979,1.0,17.19327,1.0,1.0,0.0,1.0,2.7442548,1.0,1.0,0.0,0.0,15.0,0.0,12.0,0.0,0.0,1.0,1.0,0.0,0.0,0.0,1.0,0.0,0.0,0.0,19.503782,0.0,1.0,154.99261,-10.99,0.719,116.2779,30.195238,5.038,6.372,0.0,1.0,1.0,0.0,5.242,1.0,-2.0742338,0.0,0.0,1.0,1.0,10.75,33.0,1.003,0.0,1.0,4.419,1.577325,8.0268721464003,1.1077944442343703
COc1ccc(C[C@@H]2NC(=O)[C@H]([C@@H](C)OC)NC(=O)[C@@H]3CCC(=O)NCc4cccc(c4)C[C@H](NC(=O)[C@@H](C)NC(=O)[C@H](C)NC(=O)CCSCc4cccc(c4)CSCCNC(=O)[C@]4(C)CCCN4C2=O)C(=O)NC(Cc2ccnc4ccc(F)cc24)C(=O)N3C)cc1,304.77,85.04481,479.319,2.4791203,1.0,1.0,1.0,-2.3684072,1.0,1.0,1.0,0.0,1.0,151.04776,1.0,116.73633,0.782,1.0,1.0,0.688,93.17976,23.972687,6.6177263,0.0,0.0,1.0,3.3232436,1.0,1.0,1.0,1.0,9.953461,0.0,0.909,1.0,1.0,0.0,1.0,0.0,0.0,1.0,-18.326048,1.107,1.0,1.0,1.0,1.0,0.0,3.6985,1.0,0.0,152.15385,2.4618795,81.304054,0.0,24.829786,0.0,0.0,1.171,0.0,0.0,1.0,9.0,15.500918,1.0,0.0,0.0,1.0,26.171394,1.0,0.0,103.78062,0.0,1.0,-4.581782,28.3631,0.0,16.026814,1.0,1.0,0.0,1.0,3.1716356,1.0,1.0,1.0,1.0,8.0,0.0,10.0,1.0,1.0,1.0,0.0,0.0,0.0,1.0,0.0,0.0,1.0,0.0,17.237244,1.0,0.0,142.61072,-8.62,0.61125016,93.49849,26.33102,4.957,5.873,0.0,0.0,1.0,0.0,5.211,0.0,-1.7897961,0.0,1.0,1.0,0.0,10.0,23.0,1.018,1.0,1.0,3.467,4.1319394,8.55284196865778,1.1077944442343703
